2026-09-12 06:00:55 EDT [ORCHESTRATOR] =====================================================
2026-09-12 06:00:55 EDT [ORCHESTRATOR] ANA overnight runner starting
2026-09-12 06:00:55 EDT [ORCHESTRATOR] Repository root: /home/harr-harr/Projects/ana_1
2026-09-12 06:00:55 EDT [ORCHESTRATOR] Log file: /home/harr-harr/Projects/ana_1/logs/session_2026-09-12.log
2026-09-12 06:00:55 EDT [ORCHESTRATOR] Mode: ALPACA PAPER [CRYPTO 24/7]
2026-09-12 06:00:55 EDT [ORCHESTRATOR] FATAL: Missing required environment variable(s): APCA_API_KEY_ID, APCA_API_SECRET_KEY. Export your Alpaca PAPER credentials before starting.
2026-09-12 06:00:55 EDT [ORCHESTRATOR] Beginning graceful session shutdown
2026-09-12 06:00:55 EDT [ORCHESTRATOR] Could not read final Alpaca equity: Alpaca credentials are not available
2026-09-12 06:00:55 EDT [ORCHESTRATOR] ================= SESSION SUMMARY =================
2026-09-12 06:00:55 EDT [ORCHESTRATOR] Articles scraped : 0
2026-09-12 06:00:55 EDT [ORCHESTRATOR] AI batches       : 0
2026-09-12 06:00:55 EDT [ORCHESTRATOR] Signals generated: 0
2026-09-12 06:00:55 EDT [ORCHESTRATOR] Trades placed    : 0
2026-09-12 06:00:55 EDT [ORCHESTRATOR] Trading mode     : ALPACA PAPER
2026-09-12 06:00:55 EDT [ORCHESTRATOR] Final equity     : unavailable
2026-09-12 06:00:55 EDT [ORCHESTRATOR] history.txt      : 15,515 bytes
2026-09-12 06:00:55 EDT [ORCHESTRATOR] =====================================================
2026-09-12 06:00:55 EDT [ORCHESTRATOR] Session complete (exit=1)
2026-09-12 06:02:00 EDT [ORCHESTRATOR] =====================================================
2026-09-12 06:02:00 EDT [ORCHESTRATOR] ANA overnight runner starting
2026-09-12 06:02:00 EDT [ORCHESTRATOR] Repository root: /home/harr-harr/Projects/ana_1
2026-09-12 06:02:00 EDT [ORCHESTRATOR] Log file: /home/harr-harr/Projects/ana_1/logs/session_2026-09-12.log
2026-09-12 06:02:00 EDT [ORCHESTRATOR] Mode: ALPACA PAPER [CRYPTO 24/7]
2026-09-12 06:02:00 EDT [ORCHESTRATOR] Ollama is already listening on 127.0.0.1:11434
2026-09-12 06:02:00 EDT [ORCHESTRATOR] Ollama model 'llama3.1' is installed
2026-09-12 06:02:00 EDT [ORCHESTRATOR] C++ binaries ready: AI=build/aiserv, CRAWLER=build/main_client
2026-09-12 06:02:00 EDT [ORCHESTRATOR] --crypto supplied: bypassing US market clock and running 24/7
2026-09-12 06:02:00 EDT [ORCHESTRATOR] NOTE: crypto orders carry no broker-side bracket; stops are software-managed via stop_limit
2026-09-12 06:02:00 EDT [ORCHESTRATOR] Phase AI mode: ACTIVE BROKER ROUTING
2026-09-12 06:02:00 EDT [ORCHESTRATOR] Starting: /home/harr-harr/Projects/ana_1/build/aiserv
2026-09-12 06:02:01 EDT [ORCHESTRATOR] AI server is listening on 127.0.0.1:58888
2026-09-12 06:02:01 EDT [ORCHESTRATOR] Starting: /home/harr-harr/Projects/ana_1/build/main_client
2026-09-12 06:02:01 EDT [ORCHESTRATOR] Crawler started (pid=1588707)
2026-09-12 06:02:05 EDT [CRAWLER] [STATE] Loaded 146 URLs from history.txt
2026-09-12 06:02:05 EDT [CRAWLER] Starting Trading Crawler Engine...
2026-09-12 06:02:05 EDT [CRAWLER] [SYSTEM] Press Ctrl-C for a clean shutdown (history will be flushed).
2026-09-12 06:02:05 EDT [CRAWLER] [SYSTEM] Trading Crawler Engine Started with 8 workers.
2026-09-12 06:02:05 EDT [CRAWLER] [CRAWLER] Visiting: https://finance.yahoo.com/news/rss
2026-09-12 06:02:05 EDT [CRAWLER] [CRAWLER] Visiting: https://www.prnewswire.com/rss/news-releases-list.rss
2026-09-12 06:02:05 EDT [CRAWLER] [CRAWLER] Visiting: https://www.cnbc.com/id/100003114/device/rss/rss.html
2026-09-12 06:02:05 EDT [CRAWLER] Status line: HTTP/1.1 200 OK
2026-09-12 06:02:05 EDT [CRAWLER] [CRAWLER DONE] Processed: https://www.cnbc.com/id/100003114/device/rss/rss.html | Extracted Links: 30 | Dispatched to AI: NO
2026-09-12 06:02:05 EDT [CRAWLER] Status line: HTTP/1.1 200 OK
2026-09-12 06:02:05 EDT [CRAWLER] [CRAWLER DONE] Processed: https://www.prnewswire.com/rss/news-releases-list.rss | Extracted Links: 20 | Dispatched to AI: NO
2026-09-12 06:02:05 EDT [CRAWLER] [CRAWLER] Visiting: https://www.cnbc.com/2026/09/11/cpi-inflation-breakdown-august-2026.html
2026-09-12 06:02:05 EDT [CRAWLER] Status line: HTTP/1.1 200 OK
2026-09-12 06:02:05 EDT [CRAWLER] [CRAWLER DONE] Processed: https://finance.yahoo.com/news/rss | Extracted Links: 8 | Dispatched to AI: NO
2026-09-12 06:02:05 EDT [CRAWLER] [CRAWLER] Visiting: https://www.cnbc.com/2026/09/12/iran-us-israel-war-india-brics.html
2026-09-12 06:02:05 EDT [CRAWLER] Status line: HTTP/1.1 200 OK
2026-09-12 06:02:05 EDT [CRAWLER] [DEBUG] URL: https://www.cnbc.com/2026/09/11/cpi-inflation-breakdown-august-2026.html
2026-09-12 06:02:05 EDT [CRAWLER] [DEBUG] Article length: 5634
2026-09-12 06:02:05 EDT [CRAWLER] [DEBUG] First 1000 chars:
2026-09-12 06:02:05 EDT [CRAWLER] Inflation remained stubbornly high in August — and economists said consumers are likely to continue to feel the financial pain in coming months as tensions flare in the Middle East, driving up gasoline and other energy costs.
2026-09-12 06:02:05 EDT [CRAWLER] The consumer price index, a measure of inflation, rose 3.4% on an annual basis in August, unchanged from July, according to data issued Friday by the Bureau of Labor Statistics. 
2026-09-12 06:02:05 EDT [CRAWLER] "You've got a lot of shocks that are pushing up inflation and making it uncomfortably high," said Mark Zandi, chief economist at Moody's. 
2026-09-12 06:02:05 EDT [CRAWLER] The Iran war, tariffs and artificial intelligence are among the factors putting upward pressure on consumer prices, economists said. 
2026-09-12 06:02:05 EDT [CRAWLER] "The shocks, we keep hoping they fade away into the background," Zandi said. "But they're not going away. They're still plaguing us with these big increases."
2026-09-12 06:02:05 EDT [CRAWLER] The CPI report comes as yields on U.S. Treasury bonds have jumped to their highest levels in years, raising borrowing costs for consumers seeking certain types o
2026-09-12 06:02:05 EDT [CRAWLER] [CASHTAGS] Loaded 244 company names from data/companies.csv
2026-09-12 06:02:05 EDT [CRAWLER] [TICKER MATCH] AAPL,MSFT,TGT
2026-09-12 06:02:05 EDT [CRAWLER] [DISPATCH] Sent AAPL,MSFT,TGT -> AI Server
2026-09-12 06:02:05 EDT [CRAWLER] Extracting
2026-09-12 06:02:05 EDT [CRAWLER] [CRAWLER DONE] Processed: https://www.cnbc.com/2026/09/11/cpi-inflation-breakdown-august-2026.html | Extracted Links: 0 | Dispatched to AI: YES
2026-09-12 06:02:05 EDT [CRAWLER] Status line: HTTP/1.1 200 OK
2026-09-12 06:02:05 EDT [CRAWLER] [DEBUG] URL: https://www.cnbc.com/2026/09/12/iran-us-israel-war-india-brics.html
2026-09-12 06:02:05 EDT [CRAWLER] [DEBUG] Article length: 2526
2026-09-12 06:02:05 EDT [CRAWLER] [DEBUG] First 1000 chars:
2026-09-12 06:02:05 EDT [CRAWLER] In this article
2026-09-12 06:02:05 EDT [CRAWLER] Iranian President Masoud Pezeshkian said his country will not surrender, adding that it has resisted aggression from the U.S. and Israel.
2026-09-12 06:02:05 EDT [CRAWLER] "Iran has successfully stood against Israel and the U.S.," Pezeshkian said late Friday as he addressed a gathering of Indian religious leaders in New Delhi. "Since we are seeking truth and justice, we will not yield in front of bullying arrogance." 
2026-09-12 06:02:05 EDT [CRAWLER] Pezeshkian's comments ahead of the BRICS Summit in India over the weekend came on the heels of U.S. President Donald Trump's assertion that Iran would have wiped out Israel and the Middle East, and started hitting U.S. cities, if Washington had not taken military action against Iran.
2026-09-12 06:02:05 EDT [CRAWLER] "If I had it to do again, I would do exactly what I did," Trump said on Thursday. 
2026-09-12 06:02:05 EDT [CRAWLER] Pezeshkian, who is on his first visit to India, also met with Indian Prime Minister Narendra Modi on Friday. During the bilateral meeting, Modi raised concerns about the safety of seafarers and underscored the need for peace and
2026-09-12 06:02:05 EDT [CRAWLER] [TICKER MATCH] MACRO
2026-09-12 06:02:05 EDT [CRAWLER] [DISPATCH] Sent MACRO -> AI Server
2026-09-12 06:02:05 EDT [CRAWLER] Extracting
2026-09-12 06:02:05 EDT [CRAWLER] [CRAWLER DONE] Processed: https://www.cnbc.com/2026/09/12/iran-us-israel-war-india-brics.html | Extracted Links: 0 | Dispatched to AI: YES
2026-09-12 06:02:05 EDT [CRAWLER] [CRAWLER] Visiting: https://www.cnbc.com/2026/09/11/saudi-arabia-shut-down-east-west-crude-oil-pipeline.html
2026-09-12 06:02:05 EDT [CRAWLER] [CRAWLER] Visiting: https://www.cnbc.com/2026/09/12/brics-summit-xi-putin-modi-trump.html
2026-09-12 06:02:06 EDT [CRAWLER] Status line: HTTP/1.1 200 OK
2026-09-12 06:02:06 EDT [CRAWLER] [DEBUG] URL: https://www.cnbc.com/2026/09/11/saudi-arabia-shut-down-east-west-crude-oil-pipeline.html
2026-09-12 06:02:06 EDT [CRAWLER] [DEBUG] Article length: 2035
2026-09-12 06:02:06 EDT [CRAWLER] [DEBUG] First 1000 chars:
2026-09-12 06:02:06 EDT [CRAWLER] In this article
2026-09-12 06:02:06 EDT [CRAWLER] Saudi Arabia said Friday that it shut down the kingdom's crucial East-West crude oil pipeline as a precautionary measure after multiple attacks by drones launched from Iraq.
2026-09-12 06:02:06 EDT [CRAWLER] The drones targeted the pipeline in the Riyadh and Medina regions Thursday morning causing fires and some damage, the Saudi government said. Several people were injured in the attacks, it said. 
2026-09-12 06:02:06 EDT [CRAWLER] The Saudis have relied on the East-West pipeline to shift crude oil exports away from Persian Gulf as the U.S. and Iran battle for control over the Strait of Hormuz. The pipeline, which has a capacity of 7 million barrels per day, runs across the kingdom to export terminals on the Red Sea. 
2026-09-12 06:02:06 EDT [CRAWLER] Emergency teams were deployed to secure the pipeline and assess its safety after Thursday's attacks, the Saudi Energy Ministry said. "Any further developments will be announced in due course," the ministry said. 
2026-09-12 06:02:06 EDT [CRAWLER] Riyadh has decided to refrain from retaliating for now to give the Iraqi government time to take measures to p
2026-09-12 06:02:06 EDT [CRAWLER] [TICKER MATCH] MACRO
2026-09-12 06:02:06 EDT [CRAWLER] [DISPATCH] Sent MACRO -> AI Server
2026-09-12 06:02:06 EDT [CRAWLER] Extracting
2026-09-12 06:02:06 EDT [CRAWLER] [CRAWLER DONE] Processed: https://www.cnbc.com/2026/09/11/saudi-arabia-shut-down-east-west-crude-oil-pipeline.html | Extracted Links: 0 | Dispatched to AI: YES
2026-09-12 06:02:06 EDT [CRAWLER] [CRAWLER] Visiting: https://www.cnbc.com/2026/09/11/the-inside-story-on-the-historic-us-venezuela-oil-deal-and-how-it-will-work.html
2026-09-12 06:02:06 EDT [CRAWLER] Status line: HTTP/1.1 200 OK
2026-09-12 06:02:06 EDT [CRAWLER] [DEBUG] URL: https://www.cnbc.com/2026/09/12/brics-summit-xi-putin-modi-trump.html
2026-09-12 06:02:06 EDT [CRAWLER] [DEBUG] Article length: 6021
2026-09-12 06:02:06 EDT [CRAWLER] [DEBUG] First 1000 chars:
2026-09-12 06:02:06 EDT [CRAWLER] When Chinese President Xi Jinping, Russian President Vladimir Putin and Indian Prime Minister Narendra Modi were together in China last year, images of the three leaders smiling, holding hands and chatting animatedly went viral.
2026-09-12 06:02:06 EDT [CRAWLER] This weekend, they meet again in New Delhi against an increasingly complicated geopolitical backdrop.
2026-09-12 06:02:06 EDT [CRAWLER] India is hosting leaders of BRICS, a grouping of major emerging economies seeking greater influence in a global system long dominated by the U.S. and other Western powers. Xi, Putin and Iranian President Masoud Pezeshkian are among those expected to attend alongside Modi.
2026-09-12 06:02:06 EDT [CRAWLER] The U.S. and Israel are at war with Iran, Washington continues to push Moscow toward a deal to end the war in Ukraine, and U.S. President Donald Trump's trade policies have disrupted relationships with allies and rivals alike.
2026-09-12 06:02:06 EDT [CRAWLER] Against that backdrop, the summit will put the spotlight on whether those pressures are giving some BRICS members more reason to cooperate on trade, energy and payments,
2026-09-12 06:02:06 EDT [CRAWLER] [TICKER MATCH] MACRO
2026-09-12 06:02:06 EDT [CRAWLER] [DISPATCH] Sent MACRO -> AI Server
2026-09-12 06:02:06 EDT [CRAWLER] Extracting
2026-09-12 06:02:06 EDT [CRAWLER] [CRAWLER DONE] Processed: https://www.cnbc.com/2026/09/12/brics-summit-xi-putin-modi-trump.html | Extracted Links: 0 | Dispatched to AI: YES
2026-09-12 06:02:06 EDT [CRAWLER] Status line: HTTP/1.1 200 OK
2026-09-12 06:02:06 EDT [CRAWLER] [DEBUG] URL: https://www.cnbc.com/2026/09/11/the-inside-story-on-the-historic-us-venezuela-oil-deal-and-how-it-will-work.html
2026-09-12 06:02:06 EDT [CRAWLER] [DEBUG] Article length: 12274
2026-09-12 06:02:06 EDT [CRAWLER] [DEBUG] First 1000 chars:
2026-09-12 06:02:06 EDT [CRAWLER] In this article
2026-09-12 06:02:06 EDT [CRAWLER] SUBSCRIBE TO CNBC'S "POWER INSIDER NEWSLETTER
2026-09-12 06:02:06 EDT [CRAWLER] What I'm hearing from energy insiders
2026-09-12 06:02:06 EDT [CRAWLER] It was one of the most eye-opening and fascinating business trips in my 30-year career: the opportunity to travel to Venezuela to witness firsthand the signing of oil deals between the government in Caracas and Venezuelan and Western oil companies.
2026-09-12 06:02:06 EDT [CRAWLER] CNBC was one of just a handful of news organizations allowed to travel to Caracas with the U.S. secretary of energy.
2026-09-12 06:02:06 EDT [CRAWLER] The trip was barely 24 hours long and was tightly scheduled. Venezuela is not a country where the American media is just going to wander around. It is one of the poorest countries in the world, and that was obvious the moment we landed. The airport was still shut down due to the effects of a terrible earthquake that hit back in June. More on that in a minute. We were one of the only planes to land at Simón Bolívar International Airport and took a 20-minute bus ride downtown.
2026-09-12 06:02:10 EDT [CRAWLER] You could see the remains of wealth the country and 
2026-09-12 06:02:10 EDT [CRAWLER] [TICKER MATCH] BAC,BCS,CVX,GS,JPM,TGT,UBS
2026-09-12 06:02:10 EDT [CRAWLER] [DISPATCH] Sent BAC,BCS,CVX,GS,JPM,TGT,UBS -> AI Server
2026-09-12 06:02:10 EDT [CRAWLER] Extracting
2026-09-12 06:02:10 EDT [CRAWLER] [CRAWLER DONE] Processed: https://www.cnbc.com/2026/09/11/the-inside-story-on-the-historic-us-venezuela-oil-deal-and-how-it-will-work.html | Extracted Links: 0 | Dispatched to AI: YES
2026-09-12 06:02:10 EDT [CRAWLER] [CRAWLER] Visiting: https://www.cnbc.com/2026/09/11/iran-russia-brics-sanctions-energy.html
2026-09-12 06:02:10 EDT [CRAWLER] Status line: HTTP/1.1 200 OK
2026-09-12 06:02:10 EDT [CRAWLER] [DEBUG] URL: https://www.cnbc.com/2026/09/11/iran-russia-brics-sanctions-energy.html
2026-09-12 06:02:10 EDT [CRAWLER] [DEBUG] Article length: 3029
2026-09-12 06:02:10 EDT [CRAWLER] [DEBUG] First 1000 chars:
2026-09-12 06:02:10 EDT [CRAWLER] In this article
2026-09-12 06:02:10 EDT [CRAWLER] Iranian President Masoud Pezeshkian and Russian President Vladimir Putin on Friday criticized Western sanctions on their economies and urged countries of the Global South to deepen trade relations as they addressed the BRICS Business Forum.
2026-09-12 06:02:10 EDT [CRAWLER] "BRICS must create an environment in which no country can disrupt the legitimate trade of another country through monopolizing a financial instrument or technology," Pezeshkian said in New Delhi. He urged the bloc, which has sought to amplify the influence of the Global South, to expand the use of national currencies to trade among member countries.
2026-09-12 06:02:10 EDT [CRAWLER] Pressure on Iran has entered a "dangerous phase," shifting from sanctions to military aggression by the U.S. and Israel, Pezeshkian said, adding that the impact of the war against Tehran was being felt beyond its borders, affecting regional and global stability.
2026-09-12 06:02:10 EDT [CRAWLER] The conflicts have also disrupted global energy markets and pushed fuel prices sharply higher. 
2026-09-12 06:02:10 EDT [CRAWLER] U.S. diesel prices hit $6 per ga
2026-09-12 06:02:10 EDT [CRAWLER] [TICKER MATCH] MACRO
2026-09-12 06:02:10 EDT [CRAWLER] [DISPATCH] Sent MACRO -> AI Server
2026-09-12 06:02:10 EDT [CRAWLER] Extracting
2026-09-12 06:02:10 EDT [CRAWLER] [CRAWLER DONE] Processed: https://www.cnbc.com/2026/09/11/iran-russia-brics-sanctions-energy.html | Extracted Links: 0 | Dispatched to AI: YES
2026-09-12 06:02:10 EDT [CRAWLER] [CRAWLER] Visiting: https://www.cnbc.com/2026/09/11/dell-stock-rbc-initiation.html
2026-09-12 06:02:10 EDT [CRAWLER] Status line: HTTP/1.1 200 OK
2026-09-12 06:02:10 EDT [CRAWLER] [DEBUG] URL: https://www.cnbc.com/2026/09/11/dell-stock-rbc-initiation.html
2026-09-12 06:02:10 EDT [CRAWLER] [DEBUG] Article length: 2152
2026-09-12 06:02:10 EDT [CRAWLER] [DEBUG] First 1000 chars:
2026-09-12 06:02:10 EDT [CRAWLER] In this article
2026-09-12 06:02:10 EDT [CRAWLER] Dell Technologies stock rose 12% on Friday after RBC Capital Markets initiated coverage of the computer maker and gave it an outperform rating and a price target of $640.
2026-09-12 06:02:10 EDT [CRAWLER] Friday's rise comes as Dell shares have more than quadrupled so far in 2026, as the longtime PC maker has emerged as one of the top vendors for Nvidia-based servers and related equipment that cloud companies and enterprises are snapping up for artificial intelligence. 
2026-09-12 06:02:10 EDT [CRAWLER] "With no signs of slowing, we believe DELL continues to be well positioned to benefit from a multi-year AI infrastructure spending cycle," RBC analyst David Paige wrote in the note on Thursday. 
2026-09-12 06:02:10 EDT [CRAWLER] Dell has $95 billion in sales in its server order backlog that it hasn't yet started to fill, and it sold about $16.4 billion of AI servers in its second quarter, RBC said. 
2026-09-12 06:02:10 EDT [CRAWLER] Dell reported second-quarter earnings earlier this month that surpassed estimates and the company upped its fiscal full-year forecast to $192 billion, which would be a nearly
2026-09-12 06:02:10 EDT [CRAWLER] [TICKER MATCH] NVDA,TGT
2026-09-12 06:02:10 EDT [CRAWLER] [DISPATCH] Sent NVDA,TGT -> AI Server
2026-09-12 06:02:10 EDT [CRAWLER] Extracting
2026-09-12 06:02:10 EDT [CRAWLER] [CRAWLER DONE] Processed: https://www.cnbc.com/2026/09/11/dell-stock-rbc-initiation.html | Extracted Links: 0 | Dispatched to AI: YES
2026-09-12 06:02:10 EDT [CRAWLER] [CRAWLER] Visiting: https://www.cnbc.com/2026/09/11/us-commemorates-25th-anniversary-9/11-photos.html
2026-09-12 06:02:10 EDT [CRAWLER] [CRAWLER] Visiting: https://www.cnbc.com/2026/09/11/cramers-week-ahead-falling-oil-fed.html
2026-09-12 06:02:10 EDT [CRAWLER] Status line: HTTP/1.1 200 OK
2026-09-12 06:02:10 EDT [CRAWLER] [DEBUG] URL: https://www.cnbc.com/2026/09/11/us-commemorates-25th-anniversary-9/11-photos.html
2026-09-12 06:02:10 EDT [CRAWLER] [DEBUG] Article length: 1421
2026-09-12 06:02:10 EDT [CRAWLER] [DEBUG] First 1000 chars:
2026-09-12 06:02:12 EDT [CRAWLER] On Sept. 11, 2001, terrorists backed by al-Qaeda hijacked four passenger airliners. They flew two planes into the twin skyscrapers of the World Trade Center in New York, the first at 8:46 a.m. and the second at 9:03 a.m., and both towers collapsed later that morning. A third plane crashed into the Pentagon, in Arlington County, Virginia, while a fourth — believed to have been headed for the U.S. Capitol — crashed into a field in Shanksville, Pennsylvania, after passengers attempted to retake control of the plane.
2026-09-12 06:02:12 EDT [CRAWLER] The coordinated attacks became the deadliest terrorist attack on U.S. soil, killing 2,977 people in New York, at the Pentagon and aboard the four hijacked planes, excluding the 19 hijackers. The attacks led directly to the U.S.-led invasion of Afghanistan and helped usher in a broader U.S. "war on terror" that also included the 2003 invasion of Iraq.
2026-09-12 06:02:12 EDT [CRAWLER] On the attack's 25th anniversary, Americans are remembering the victims with moments of silence and ceremonies at New York's
2026-09-12 06:02:12 EDT [CRAWLER] [TICKER MATCH] MACRO
2026-09-12 06:02:12 EDT [CRAWLER] [DISPATCH] Sent MACRO -> AI Server
2026-09-12 06:02:12 EDT [CRAWLER] Extracting
2026-09-12 06:02:12 EDT [CRAWLER] [CRAWLER DONE] Processed: https://www.cnbc.com/2026/09/11/us-commemorates-25th-anniversary-9/11-photos.html | Extracted Links: 0 | Dispatched to AI: YES
2026-09-12 06:02:12 EDT [CRAWLER] Status line: HTTP/1.1 200 OK
2026-09-12 06:02:12 EDT [CRAWLER] [DEBUG] URL: https://www.cnbc.com/2026/09/11/cramers-week-ahead-falling-oil-fed.html
2026-09-12 06:02:12 EDT [CRAWLER] [DEBUG] Article length: 3798
2026-09-12 06:02:12 EDT [CRAWLER] [DEBUG] First 1000 chars:
2026-09-12 06:02:12 EDT [CRAWLER] In this article
2026-09-12 06:02:12 EDT [CRAWLER] CNBC's Jim Cramer on Friday said falling oil prices helped revive the stock market, but warned that next week's Federal Reserve meeting could quickly change the outlook for investors.
2026-09-12 06:02:12 EDT [CRAWLER] "Thank heavens oil went down today," the "Mad Money" host said. "It changed everything."
2026-09-12 06:02:12 EDT [CRAWLER] Stocks rebounded Friday as oil prices retreated, helping the major averages recover some of their losses after four straight down sessions. The Dow Jones Industrial Average traded 509 points higher, or 0.98%, while the S&P 500 and Nasdaq Composite gained 0.86% and 0.96%, respectively. 
2026-09-12 06:02:12 EDT [CRAWLER] Technology stocks helped lead the recovery, thanks to positive updates from Adobe and Oracle after the bell Thursday. Cramer said the reports breathed new life into beaten-down enterprise software and data center stocks, pointing to Dell, Vertiv, Cisco, Marvell, GE Vernova and Hewlett Packard Enterprise as potential beneficiaries. Cramer's Charitable Trust, the portfolio run by CNBC's Investing Club, owns shares of GE Ve
2026-09-12 06:02:12 EDT [CRAWLER] [TICKER MATCH] ADBE,CRM,CSCO,INTU,META,NOW,ORCL
2026-09-12 06:02:12 EDT [CRAWLER] [DISPATCH] Sent ADBE,CRM,CSCO,INTU,META,NOW,ORCL -> AI Server
2026-09-12 06:02:12 EDT [CRAWLER] Extracting
2026-09-12 06:02:12 EDT [CRAWLER] [CRAWLER DONE] Processed: https://www.cnbc.com/2026/09/11/cramers-week-ahead-falling-oil-fed.html | Extracted Links: 0 | Dispatched to AI: YES
2026-09-12 06:02:12 EDT [CRAWLER] [CRAWLER] Visiting: https://www.cnbc.com/2026/09/11/dan-chung-rebuilt-a-decimated-alger-management-after-9/11-hes-still-finding-the-markets-winners.html
2026-09-12 06:02:12 EDT [CRAWLER] Status line: HTTP/1.1 200 OK
2026-09-12 06:02:12 EDT [CRAWLER] [DEBUG] URL: https://www.cnbc.com/2026/09/11/dan-chung-rebuilt-a-decimated-alger-management-after-9/11-hes-still-finding-the-markets-winners.html
2026-09-12 06:02:12 EDT [CRAWLER] [DEBUG] Article length: 9210
2026-09-12 06:02:12 EDT [CRAWLER] [DEBUG] First 1000 chars:
2026-09-12 06:02:12 EDT [CRAWLER] In this article
2026-09-12 06:02:12 EDT [CRAWLER] Daniel Chung, the CEO and chief investment officer at investment firm Fred Alger Management, survived the Sept. 11 attacks on the World Trade Center by chance. 
2026-09-12 06:02:12 EDT [CRAWLER] That morning a quarter century ago, the then-tech analyst started his day at the Intercontinental Hotel in Midtown Manhattan, searching for answers on why a key stockholding hadn't been performing well. The company's chief executive was set to make a presentation that day. 
2026-09-12 06:02:12 EDT [CRAWLER] "I was running late, so I went straight to the meeting," Chung said. "The meeting starts. CEO walks out. He's barely started, and somebody comes from, I guess, the hotel or the AVs — you know, the audiovisual staff – and hands them a note." 
2026-09-12 06:02:12 EDT [CRAWLER] "He looked at it, and he said, 'I'm not sure we can continue," Chung added. "There's been a plane or something at the World Trade Center.'" 
2026-09-12 06:02:12 EDT [CRAWLER] Alger's offices were on the 93rd floor of One World Trade Center, the North Tower, the first building hit, at 8:46 a.m.
2026-09-12 06:02:12 EDT [CRAWLER] Those gathered in midtown didn't imme
2026-09-12 06:02:12 EDT [CRAWLER] [TICKER MATCH] AAPL,CRWD,INTC,MSFT,MU,NVDA
2026-09-12 06:02:12 EDT [CRAWLER] [DISPATCH] Sent AAPL,CRWD,INTC,MSFT,MU,NVDA -> AI Server
2026-09-12 06:02:12 EDT [CRAWLER] Extracting
2026-09-12 06:02:12 EDT [CRAWLER] [CRAWLER DONE] Processed: https://www.cnbc.com/2026/09/11/dan-chung-rebuilt-a-decimated-alger-management-after-9/11-hes-still-finding-the-markets-winners.html | Extracted Links: 0 | Dispatched to AI: YES
2026-09-12 06:02:12 EDT [CRAWLER] [CRAWLER] Visiting: https://www.cnbc.com/2026/09/11/election-officials-ban-employees-from-prediction-markets.html
2026-09-12 06:02:12 EDT [CRAWLER] Status line: HTTP/1.1 200 OK
2026-09-12 06:02:14 EDT [CRAWLER] [DEBUG] URL: https://www.cnbc.com/2026/09/11/election-officials-ban-employees-from-prediction-markets.html
2026-09-12 06:02:14 EDT [CRAWLER] [DEBUG] Article length: 6656
2026-09-12 06:02:14 EDT [CRAWLER] [DEBUG] First 1000 chars:
2026-09-12 06:02:14 EDT [CRAWLER] With less than two months until the midterms, election and county officials are prohibiting employees from participating on prediction market contracts.
2026-09-12 06:02:14 EDT [CRAWLER] Officials said it's the tightest measure they can take to ensure employees, who have access to ballots, do not commit insider trading on election contracts. 
2026-09-12 06:02:14 EDT [CRAWLER] "Obviously, we have no control over prediction markets themselves, or how people react to them," said Thomas Galvin, a supervisor for Maricopa County, Arizona. He helps oversee voter tabulation and Election Day voting. 
2026-09-12 06:02:14 EDT [CRAWLER] "When we implement a policy for our employees not to trade or bet on non-public information, that goes a long way towards showing people that not only are we working hard to maintain transparent elections, but also shows that we are being very aware of new technology," he said. 
2026-09-12 06:02:14 EDT [CRAWLER] Midterm odds on prediction markets and an election poll tell two stories, but not everyone can tell them apart. 
2026-09-12 06:02:14 EDT [CRAWLER] Election odds on prediction markets are a live response to breaking news.
2026-09-12 06:02:14 EDT [CRAWLER] [TICKER MATCH] MACRO
2026-09-12 06:02:14 EDT [CRAWLER] [DISPATCH] Sent MACRO -> AI Server
2026-09-12 06:02:14 EDT [CRAWLER] Extracting
2026-09-12 06:02:14 EDT [CRAWLER] [CRAWLER DONE] Processed: https://www.cnbc.com/2026/09/11/election-officials-ban-employees-from-prediction-markets.html | Extracted Links: 0 | Dispatched to AI: YES
2026-09-12 06:02:14 EDT [CRAWLER] [CRAWLER] Visiting: https://www.cnbc.com/2026/09/11/bonds-are-going-on-tilt-how-to-play-them-says-mike-khouw.html
2026-09-12 06:02:14 EDT [CRAWLER] Status line: HTTP/1.1 200 OK
2026-09-12 06:02:14 EDT [CRAWLER] [DEBUG] URL: https://www.cnbc.com/2026/09/11/bonds-are-going-on-tilt-how-to-play-them-says-mike-khouw.html
2026-09-12 06:02:14 EDT [CRAWLER] [DEBUG] Article length: 4359
2026-09-12 06:02:14 EDT [CRAWLER] [DEBUG] First 1000 chars:
2026-09-12 06:02:14 EDT [CRAWLER] In this article
2026-09-12 06:02:14 EDT [CRAWLER] Warren Buffett once said interest rates are to asset prices what gravity is to matter. If the options market is correct, things could get heavy.
2026-09-12 06:02:14 EDT [CRAWLER] Case in point: the TLT, the iShares 20+ Year Treasury Bond ETF, which seeks to track the performance of an index of U.S. Treasury bonds. A quick review of the fund's holdings shows that the shortest-dated maturities are just shy of 20 years away, February 2046, and the longest-dated maturities are almost 30 years away, August 2056. 
2026-09-12 06:02:14 EDT [CRAWLER] Most investors consider U.S. Treasurys the safest investment in the world, and I've heard people say that because the obligation is repaid in U.S. dollars, which the government can and does create out of thin air, the U.S. cannot (or should not) ever possibly default.
2026-09-12 06:02:14 EDT [CRAWLER] To the extent that people mean there is no real credit risk (a risk that the borrower cannot repay the debt), I agree. But credit risk is not the only risk that bond investors face. They also have rate risk. When interest rates ris
2026-09-12 06:02:14 EDT [CRAWLER] [TICKER MATCH] MACRO
2026-09-12 06:02:14 EDT [CRAWLER] [DISPATCH] Sent MACRO -> AI Server
2026-09-12 06:02:14 EDT [CRAWLER] Extracting
2026-09-12 06:02:14 EDT [CRAWLER] [CRAWLER DONE] Processed: https://www.cnbc.com/2026/09/11/bonds-are-going-on-tilt-how-to-play-them-says-mike-khouw.html | Extracted Links: 0 | Dispatched to AI: YES
2026-09-12 06:02:14 EDT [CRAWLER] [CRAWLER] Visiting: https://www.cnbc.com/2026/09/11/social-security-cola-2027-estimate.html
2026-09-12 06:02:14 EDT [CRAWLER] Status line: HTTP/1.1 200 OK
2026-09-12 06:02:14 EDT [CRAWLER] [DEBUG] URL: https://www.cnbc.com/2026/09/11/social-security-cola-2027-estimate.html
2026-09-12 06:02:14 EDT [CRAWLER] [DEBUG] Article length: 2356
2026-09-12 06:02:14 EDT [CRAWLER] [DEBUG] First 1000 chars:
2026-09-12 06:02:14 EDT [CRAWLER] The Social Security cost-of-living adjustment for 2027 may be around 3.5% to 3.6%, according to new estimates based on government inflation data — which would push the annual adjustment to the highest in three years.
2026-09-12 06:02:14 EDT [CRAWLER] In 2026, around 75 million Social Security and Supplemental Security Income beneficiaries saw a 2.8% boost to their benefits, according to the Social Security Administration.
2026-09-12 06:02:14 EDT [CRAWLER] The Social Security COLA for 2027 may be 3.5%, factoring in the latest consumer price index data released on Friday, according to Mary Johnson, an independent Social Security and Medicare policy analyst. In August, Johnson had estimated the COLA may be 3.4%.
2026-09-12 06:02:14 EDT [CRAWLER] Johnson said how the projected COLA might change will depend on volatile oil prices. Oil prices have had a significant impact on inflation since the Iran war began.
2026-09-12 06:02:15 EDT [CRAWLER] The Senior Citizens League now projects a 3.5% Social Security COLA, down from the 3.6% increase it had estimated last month. That latest estimate would increase average monthly b
2026-09-12 06:02:15 EDT [CRAWLER] [TICKER MATCH] MACRO
2026-09-12 06:02:15 EDT [CRAWLER] [DISPATCH] Sent MACRO -> AI Server
2026-09-12 06:02:15 EDT [CRAWLER] Extracting
2026-09-12 06:02:15 EDT [CRAWLER] [CRAWLER DONE] Processed: https://www.cnbc.com/2026/09/11/social-security-cola-2027-estimate.html | Extracted Links: 0 | Dispatched to AI: YES
2026-09-12 06:02:15 EDT [CRAWLER] [CRAWLER] Visiting: https://www.prnewswire.com/news-releases/systimmune-inc-to-present-new-global-data-on-iza-bren-izalontamab-brengitecan-in-egfr-mutated-non-small-cell-lung-cancer-at-wclc-congress-2026-302875960.html
2026-09-12 06:02:15 EDT [CRAWLER] Status line: HTTP/1.1 200 OK
2026-09-12 06:02:15 EDT [CRAWLER] [DEBUG] URL: https://www.prnewswire.com/news-releases/systimmune-inc-to-present-new-global-data-on-iza-bren-izalontamab-brengitecan-in-egfr-mutated-non-small-cell-lung-cancer-at-wclc-congress-2026-302875960.html
2026-09-12 06:02:15 EDT [CRAWLER] [DEBUG] Article length: 5162
2026-09-12 06:02:15 EDT [CRAWLER] [DEBUG] First 1000 chars:
2026-09-12 06:02:15 EDT [CRAWLER] - New global Phase 1 data from a randomized dose-expansion cohort of iza-bren in previously treated EGFR-mutated metastatic NSCLC demonstrate promising antitumor activity and a tolerable safety profile, supporting selection of 2.5 mg/kg D1D8 Q3W as the recommended Phase 3 dose 
2026-09-12 06:02:15 EDT [CRAWLER] REDMOND, Wash., Sept. 12, 2026 /PRNewswire/ -- SystImmune, Inc. (SystImmune), a clinical-stage biotechnology company, today announced an abstract for iza-bren (izalontamab brengitecan), a potentially first-in-class EGFRxHER3 bispecific antibody drug conjugate (ADC), will be presented in an oral presentation at the International Association for the Study of Lung Cancer (IASLC) 2026 World Conference on Lung Cancer (WCLC) taking place September 12 – 15 in Seoul, South Korea. Iza-bren is being developed under a license and collaboration agreement by and between SystImmune and Bristol Myers Squibb.
2026-09-12 06:02:15 EDT [CRAWLER] The global Phase 1 data being presented at WCLC 2026 evaluated iza-bren in a randomized expansion cohort across three 
2026-09-12 06:02:15 EDT [CRAWLER] [TICKER MATCH] BMY
2026-09-12 06:02:15 EDT [CRAWLER] [DISPATCH] Sent BMY -> AI Server
2026-09-12 06:02:15 EDT [CRAWLER] Extracting
2026-09-12 06:02:15 EDT [CRAWLER] [CRAWLER DONE] Processed: https://www.prnewswire.com/news-releases/systimmune-inc-to-present-new-global-data-on-iza-bren-izalontamab-brengitecan-in-egfr-mutated-non-small-cell-lung-cancer-at-wclc-congress-2026-302875960.html | Extracted Links: 0 | Dispatched to AI: YES
2026-09-12 06:02:15 EDT [CRAWLER] [CRAWLER] Visiting: https://www.cnbc.com/2026/09/11/why-this-stock-deserves-its-premium-valuation-and-should-be-owned.html
2026-09-12 06:02:15 EDT [CRAWLER] Status line: HTTP/1.1 200 OK
2026-09-12 06:02:15 EDT [CRAWLER] [DEBUG] URL: https://www.cnbc.com/2026/09/11/why-this-stock-deserves-its-premium-valuation-and-should-be-owned.html
2026-09-12 06:02:15 EDT [CRAWLER] [DEBUG] Article length: 4363
2026-09-12 06:02:15 EDT [CRAWLER] [DEBUG] First 1000 chars:
2026-09-12 06:02:15 EDT [CRAWLER] Why this stock deserves its premium valuation — and should be ownedSkip NavigationMarketsBusinessInvestingTechPolitics & PolicyVideoWatchlistInvesting ClubPROLivestreamMenuEvery weekday, the CNBC Investing Club with Jim Cramer releases the Homestretch — an actionable afternoon update, just in time for the last hour of trading on Wall Street. Stocks are rallying Friday , but the S & P 500 is still on pace for a negative week. The market is rebounding from oversold levels, as indicated by the S & P Short Range Oscillator , which dipped into oversold territory Thursday for the first time since the end of March. Oil is down, but Treasury yields are higher after the August CPI report increased the odds of an interest rate increase. The market now sees an 86.5% chance of a 25-basis-point hike at next Wednesday's meeting, up from 72% on Thursday and 59% one week ago, according to CME FedWatch. Linde was initiated with an overweight rating and a $542 price target over at KeyBanc. The analy
2026-09-12 06:02:15 EDT [CRAWLER] [TICKER MATCH] AAPL,AVGO,BA,BCS,CRM,MS,PANW,TGT
2026-09-12 06:02:15 EDT [CRAWLER] [DISPATCH] Sent AAPL,AVGO,BA,BCS,CRM,MS,PANW,TGT -> AI Server
2026-09-12 06:02:15 EDT [CRAWLER] Extracting
2026-09-12 06:02:15 EDT [CRAWLER] [CRAWLER DONE] Processed: https://www.cnbc.com/2026/09/11/why-this-stock-deserves-its-premium-valuation-and-should-be-owned.html | Extracted Links: 0 | Dispatched to AI: YES
2026-09-12 06:02:15 EDT [CRAWLER] [CRAWLER] Visiting: https://www.prnewswire.com/news-releases/nocpix-bringt-ace-2-auf-den-markt-die-nachste-generation-seines-flaggschiff-warmebildzielfernrohrs-302876353.html
2026-09-12 06:02:15 EDT [CRAWLER] Status line: HTTP/1.1 200 OK
2026-09-12 06:02:15 EDT [CRAWLER] [DEBUG] URL: https://www.prnewswire.com/news-releases/nocpix-bringt-ace-2-auf-den-markt-die-nachste-generation-seines-flaggschiff-warmebildzielfernrohrs-302876353.html
2026-09-12 06:02:16 EDT [CRAWLER] [DEBUG] Article length: 3541
2026-09-12 06:02:16 EDT [CRAWLER] [DEBUG] First 1000 chars:
2026-09-12 06:02:16 EDT [CRAWLER] WARSAU, Polen, 12. September 2026 /PRNewswire/ -- Am 12. September hat Nocpix offiziell die ACE 2-Serie, vorgestellt, seine Flaggschiff-Produktreihe von Wärmebildzielfernrohren der nächsten Generation, zu der das ACE 2 S60R, das ACE 2 H50R und das ACE 2 H35R gehören. Aufbauend auf den Grundlagen des ursprünglichen ACE verbessert ACE 2 das Flaggschiff-Erlebnis in drei Kernbereichen: Zoom auf das Auge. Bildqualität steht an erster Stelle. Integrierter LRF vor uns.
2026-09-12 06:02:16 EDT [CRAWLER] Vorschau auf Ocular Zoom: Vom optischen Zoom zum Hybrid-Zoom
2026-09-12 06:02:16 EDT [CRAWLER] ACE 2 stellt Ocular Zoom 2.0 vor, das optische und digitale Vergrößerung in einem abgestimmten Hybrid-Zoom-System vereint. Wenn der Benutzer den Zoomring dreht, sorgen Vergrößerung, Benutzeroberfläche und Fadenkreuz gemeinsam dafür, dass nützliche Details erhalten bleiben und wichtige Informationen sichtbar bleiben. Mit einem Augenabstand von 60 mm und einer Austrittspupille von 10 mm sorgt das System für ein angenehmeres Seherlebnis bei längerer Nutzung
2026-09-12 06:02:16 EDT [CRAWLER] [TICKER MATCH] MACRO
2026-09-12 06:02:16 EDT [CRAWLER] [DISPATCH] Sent MACRO -> AI Server
2026-09-12 06:02:16 EDT [CRAWLER] Extracting
2026-09-12 06:02:16 EDT [CRAWLER] [CRAWLER DONE] Processed: https://www.prnewswire.com/news-releases/nocpix-bringt-ace-2-auf-den-markt-die-nachste-generation-seines-flaggschiff-warmebildzielfernrohrs-302876353.html | Extracted Links: 0 | Dispatched to AI: YES
2026-09-12 06:02:16 EDT [CRAWLER] [CRAWLER] Visiting: https://www.cnbc.com/2026/09/11/cdc-record-cyclosporiasis-outbreak-over.html
2026-09-12 06:02:16 EDT [CRAWLER] Status line: HTTP/1.1 200 OK
2026-09-12 06:02:16 EDT [CRAWLER] [DEBUG] URL: https://www.cnbc.com/2026/09/11/cdc-record-cyclosporiasis-outbreak-over.html
2026-09-12 06:02:16 EDT [CRAWLER] [DEBUG] Article length: 1370
2026-09-12 06:02:16 EDT [CRAWLER] [DEBUG] First 1000 chars:
2026-09-12 06:02:16 EDT [CRAWLER] The largest-ever outbreak of cyclosporiasis in the U.S. has ended, the Centers for Disease Control and Prevention said Friday. 
2026-09-12 06:02:16 EDT [CRAWLER] The foodborne illness sickened 12,833 people in 21 states in recent months in the largest cluster, the CDC said. Health officials have linked that outbreak to shredded iceberg lettuce supplied by Taylor Farms in Mexico. 
2026-09-12 06:02:16 EDT [CRAWLER] It fueled the worst cyclosporiasis season in U.S. history, with 19,595 overall cases of the illness caused by the parasite cyclospora. The U.S. recorded two deaths, both in Michigan, the epicenter of the biggest outbreak.
2026-09-12 06:02:16 EDT [CRAWLER] The foodborne illness spread sparked scrutiny of U.S. food safety procedures and corporate consolidation in the country's food supply, along with staffing and funding at the U.S. Food and Drug Administration. 
2026-09-12 06:02:16 EDT [CRAWLER] The outbreak also led to lower sales at restaurants that offer fresh lettuce — particularly Taco Bell, which served shredded iceberg lettuce from Taylor Farms — and dampened lettuce sales at grocery stores. 
2026-09-12 06:02:16 EDT [CRAWLER] Cyclosp
2026-09-12 06:02:16 EDT [CRAWLER] [TICKER MATCH] WMT
2026-09-12 06:02:16 EDT [CRAWLER] [DISPATCH] Sent WMT -> AI Server
2026-09-12 06:02:16 EDT [CRAWLER] Extracting
2026-09-12 06:02:16 EDT [CRAWLER] [CRAWLER DONE] Processed: https://www.cnbc.com/2026/09/11/cdc-record-cyclosporiasis-outbreak-over.html | Extracted Links: 0 | Dispatched to AI: YES
2026-09-12 06:02:16 EDT [CRAWLER] [CRAWLER] Visiting: https://www.prnewswire.com/news-releases/nocpix-lance-lace-2--la-nouvelle-generation-de-sa-lunette-de-visee-thermique-phare-302876343.html
2026-09-12 06:02:16 EDT [CRAWLER] Status line: HTTP/1.1 200 OK
2026-09-12 06:02:16 EDT [CRAWLER] [DEBUG] URL: https://www.prnewswire.com/news-releases/nocpix-lance-lace-2--la-nouvelle-generation-de-sa-lunette-de-visee-thermique-phare-302876343.html
2026-09-12 06:02:16 EDT [CRAWLER] [DEBUG] Article length: 3785
2026-09-12 06:02:16 EDT [CRAWLER] [DEBUG] First 1000 chars:
2026-09-12 06:02:16 EDT [CRAWLER] VARSOVIE, Pologne, 12 septembre 2026 /PRNewswire/ -- Le 12 septembre, Nocpix a officiellement lancé la série ACE 2 , sa gamme phare de lunettes de visée thermiques de nouvelle génération, comprenant les modèles ACE 2 S60R, ACE 2 H50R et ACE 2 H35R. S'appuyant sur les fondements de la version originale d'ACE, ACE 2 fait évoluer l'expérience phare dans trois domaines clés : Zoom oculaire à venir. La qualité d'image avant tout. Détecteur de distance à infrarouge intégré à l'avant.
2026-09-12 06:02:16 EDT [CRAWLER] Zoom oculaire : Du zoom optique au zoom hybride
2026-09-12 06:02:18 EDT [CRAWLER] ACE 2 présente l'Ocular Zoom 2.0, qui combine un grossissement optique et numérique au sein d'un système de zoom hybride coordonné. Lorsque l'utilisateur fait tourner la bague de zoom, le grossissement, l'interface et le réticule fonctionnent de concert pour préserver les détails utiles et garantir la visibilité des informations essentielles. Avec un dégagement oculaire de 60 mm et une pupille de sortie de 10 mm, ce système offre un confor
2026-09-12 06:02:18 EDT [CRAWLER] [TICKER MATCH] MACRO
2026-09-12 06:02:18 EDT [CRAWLER] [DISPATCH] Sent MACRO -> AI Server
2026-09-12 06:02:18 EDT [CRAWLER] Extracting
2026-09-12 06:02:18 EDT [CRAWLER] [CRAWLER DONE] Processed: https://www.prnewswire.com/news-releases/nocpix-lance-lace-2--la-nouvelle-generation-de-sa-lunette-de-visee-thermique-phare-302876343.html | Extracted Links: 0 | Dispatched to AI: YES
2026-09-12 06:02:18 EDT [CRAWLER] [CRAWLER] Visiting: https://www.cnbc.com/2026/09/11/leopold-aschenbrenners-situational-awareness-is-active-in-options-market-sources-say.html
2026-09-12 06:02:18 EDT [CRAWLER] Status line: HTTP/1.1 200 OK
2026-09-12 06:02:18 EDT [CRAWLER] [DEBUG] URL: https://www.cnbc.com/2026/09/11/leopold-aschenbrenners-situational-awareness-is-active-in-options-market-sources-say.html
2026-09-12 06:02:18 EDT [CRAWLER] [DEBUG] Article length: 1902
2026-09-12 06:02:18 EDT [CRAWLER] [DEBUG] First 1000 chars:
2026-09-12 06:02:18 EDT [CRAWLER] Leopold Aschenbrenner's Situational Awareness is active in options market, sources saySkip NavigationMarketsBusinessInvestingTechPolitics & PolicyVideoWatchlistInvesting ClubPROLivestreamMenuKey PointsThe moves were made late last week and early this week, the sources said.His reentry to the public markets comes after the hedge fund's assets fell to about $10 billion following a peak above $45 billion to start July. In this articleAMDBECRWVSKHYSKHYSNDKFollow your favorite stocksCREATE FREE ACCOUNTwatch nowVIDEO4:5004:50Faber Report: Leopold Aschenbrenner's Situational Awareness active in options market, sources saySquawk on the StreetLeopold Aschenbrenner, the AI researcher whose hedge fund virtually collapsed over the summer,  is getting active again in the financial markets via options.His firm, Situational Awareness, has been buying options positions in stocks including Advanced Micro Devices, Bloom Energy and Coreweave, sources told CNBC's David Faber. The moves were made late last
2026-09-12 06:02:18 EDT [CRAWLER] [TICKER MATCH] AMD,GOOGL
2026-09-12 06:02:18 EDT [CRAWLER] [DISPATCH] Sent AMD,GOOGL -> AI Server
2026-09-12 06:02:18 EDT [CRAWLER] Extracting
2026-09-12 06:02:18 EDT [CRAWLER] [CRAWLER DONE] Processed: https://www.cnbc.com/2026/09/11/leopold-aschenbrenners-situational-awareness-is-active-in-options-market-sources-say.html | Extracted Links: 0 | Dispatched to AI: YES
2026-09-12 06:02:18 EDT [CRAWLER] [CRAWLER] Visiting: https://www.prnewswire.com/news-releases/nocpix-lanza-el-ace-2-la-proxima-generacion-de-su-visor-termico-insignia-302876467.html
2026-09-12 06:02:18 EDT [CRAWLER] Status line: HTTP/1.1 200 OK
2026-09-12 06:02:18 EDT [CRAWLER] [DEBUG] URL: https://www.prnewswire.com/news-releases/nocpix-lanza-el-ace-2-la-proxima-generacion-de-su-visor-termico-insignia-302876467.html
2026-09-12 06:02:18 EDT [CRAWLER] [DEBUG] Article length: 3442
2026-09-12 06:02:18 EDT [CRAWLER] [DEBUG] First 1000 chars:
2026-09-12 06:02:18 EDT [CRAWLER] VARSOVIA, Polonia, 12 de septiembre de 2026 /PRNewswire/ -- El 12 de septiembre, Nocpix lanzó oficialmente la serie ACE 2, su línea de visores térmicos insignia de nueva generación, que incluye los modelos ACE 2 S60R, ACE 2 H50R y ACE 2 H35R. Partiendo de la base del modelo ACE original, la serie ACE 2 eleva la experiencia de su gama alta en tres aspectos clave: zoom ocular superior, calidad de imagen superior y telémetro láser (LRF) integrado superior.
2026-09-12 06:02:18 EDT [CRAWLER] Zoom ocular: del zoom óptico al zoom híbrido
2026-09-12 06:02:18 EDT [CRAWLER] ACE 2 introduce Ocular Zoom 2.0, que combina el aumento óptico y el digital en un sistema de zoom híbrido coordinado. A medida que el usuario gira el anillo de zoom, el aumento, la interfaz y la retícula actúan conjuntamente para preservar los detalles útiles y mantener visible la información clave. Con una distancia ocular de 60 mm y una pupila de salida de 10 mm, el sistema ofrece una experiencia de visualización más cómoda durante un uso prolongado.
2026-09-12 06:02:18 EDT [CRAWLER] El enfoque no se limita
2026-09-12 06:02:18 EDT [CRAWLER] [TICKER MATCH] MACRO
2026-09-12 06:02:18 EDT [CRAWLER] [DISPATCH] Sent MACRO -> AI Server
2026-09-12 06:02:18 EDT [CRAWLER] Extracting
2026-09-12 06:02:18 EDT [CRAWLER] [CRAWLER DONE] Processed: https://www.prnewswire.com/news-releases/nocpix-lanza-el-ace-2-la-proxima-generacion-de-su-visor-termico-insignia-302876467.html | Extracted Links: 0 | Dispatched to AI: YES
2026-09-12 06:02:18 EDT [CRAWLER] [CRAWLER] Visiting: https://www.cnbc.com/2026/09/11/uae-germany-investment-data-centers.html
2026-09-12 06:02:18 EDT [CRAWLER] Status line: HTTP/1.1 200 OK
2026-09-12 06:02:18 EDT [CRAWLER] [CRAWLER] Visiting: https://www.prnewswire.com/news-releases/nocpix-launches-ace-2-the-next-generation-of-its-flagship-thermal-riflescope-302876329.html
2026-09-12 06:02:18 EDT [CRAWLER] [DEBUG] URL: https://www.cnbc.com/2026/09/11/uae-germany-investment-data-centers.html
2026-09-12 06:02:18 EDT [CRAWLER] [DEBUG] Article length: 2268
2026-09-12 06:02:19 EDT [ORCHESTRATOR] Beginning graceful session shutdown
2026-09-12 06:02:19 EDT [ORCHESTRATOR] Sending SIGTERM to crawler (pid=1588707)
2026-09-12 06:02:19 EDT [CRAWLER] [DEBUG] First 1000 chars:
2026-09-12 06:02:19 EDT [CRAWLER] The United Arab Emirates plans to invest 40 billion euros ($46.4 billion) in Germany as the two countries deepen their economic ties, with data center infrastructure forming a key part of the investment. 
2026-09-12 06:02:19 EDT [CRAWLER] The investment was announced during a state visit to Germany this week by UAE President Sheikh Mohamed bin Zayed Al Nahyan, who met with German Chancellor Friedrich Merz.
2026-09-12 06:02:19 EDT [CRAWLER] It spans areas including artificial intelligence, digital infrastructure and energy. The two countries also announced plans to deepen defense cooperation.
2026-09-12 06:02:19 EDT [CRAWLER] The package will include roughly 1 gigawatt of new data-center capacity, while 10 billion euros is reportedly earmarked for investment in Bavaria, a major hub for Germany's industrial and tech sectors.
2026-09-12 06:02:19 EDT [CRAWLER] The two countries also signed a declaration of intent to form an investment council aimed at advancing investment and strengthening public- and private-sector ties. 
2026-09-12 06:02:19 EDT [CRAWLER] The UAE, like all Gulf countries, is keen to diversify its overseas portfolio and develop an economy
2026-09-12 06:02:19 EDT [CRAWLER] [TICKER MATCH] MACRO
2026-09-12 06:02:19 EDT [CRAWLER] [DISPATCH] Sent MACRO -> AI Server
2026-09-12 06:02:19 EDT [CRAWLER] Extracting
2026-09-12 06:02:19 EDT [CRAWLER] [CRAWLER DONE] Processed: https://www.cnbc.com/2026/09/11/uae-germany-investment-data-centers.html | Extracted Links: 0 | Dispatched to AI: YES
2026-09-12 06:02:19 EDT [CRAWLER] Status line: HTTP/1.1 200 OK
2026-09-12 06:02:19 EDT [CRAWLER] [DEBUG] URL: https://www.prnewswire.com/news-releases/nocpix-launches-ace-2-the-next-generation-of-its-flagship-thermal-riflescope-302876329.html
2026-09-12 06:02:19 EDT [CRAWLER] [DEBUG] Article length: 3179
2026-09-12 06:02:19 EDT [CRAWLER] [DEBUG] First 1000 chars:
2026-09-12 06:02:19 EDT [CRAWLER] WARSAW, Poland, Sept. 12, 2026 /PRNewswire/ -- On Sept. 12, Nocpix officially launched the ACE 2 Series, its next-generation flagship thermal riflescope lineup, including the ACE 2 S60R, ACE 2 H50R, and ACE 2 H35R. Building on the foundation of the original ACE, ACE 2 advances the flagship experience across three core areas: Ocular Zoom Ahead. Image Quality Ahead. Integrated LRF Ahead.
2026-09-12 06:02:19 EDT [CRAWLER] Ocular Zoom Ahead: From Optical Zoom to Hybrid Zoom
2026-09-12 06:02:19 EDT [CRAWLER] ACE 2 introduces Ocular Zoom 2.0, combining optical and digital magnification in a coordinated hybrid zoom system. As users rotate the zoom ring, magnification, interface and reticle work together to retain useful detail and keep key information visible. With 60mm eye relief and a 10mm exit pupil, the system delivers a more comfortable viewing experience during extended use.
2026-09-12 06:02:19 EDT [CRAWLER] Focus isn't simply how much a thermal riflescope can magnify, but how much hunters can still see when it does.
2026-09-12 06:02:19 EDT [CRAWLER] Image Quality Ahead: Nocpix-Developed Thermal Sensor with NETD≤12mK
2026-09-12 06:02:19 EDT [CRAWLER] [TICKER MATCH] MACRO
2026-09-12 06:02:19 EDT [CRAWLER] [DISPATCH] Sent MACRO -> AI Server
2026-09-12 06:02:19 EDT [CRAWLER] Extracting
2026-09-12 06:02:19 EDT [CRAWLER] [CRAWLER DONE] Processed: https://www.prnewswire.com/news-releases/nocpix-launches-ace-2-the-next-generation-of-its-flagship-thermal-riflescope-302876329.html | Extracted Links: 0 | Dispatched to AI: YES
2026-09-12 06:02:19 EDT [CRAWLER] [CRAWLER] Visiting: https://www.cnbc.com/2026/09/11/us-treasurys-bonds-yields.html
2026-09-12 06:02:19 EDT [CRAWLER] Status line: HTTP/1.1 200 OK
2026-09-12 06:02:19 EDT [CRAWLER] [DEBUG] URL: https://www.cnbc.com/2026/09/11/us-treasurys-bonds-yields.html
2026-09-12 06:02:19 EDT [CRAWLER] [DEBUG] Article length: 2841
2026-09-12 06:02:19 EDT [CRAWLER] [DEBUG] First 1000 chars:
2026-09-12 06:02:19 EDT [CRAWLER] In this article
2026-09-12 06:02:19 EDT [CRAWLER] U.S. Treasury yields were remained around multiyear highs Friday, as bond markets assessed the latest consumer price report for August. 
2026-09-12 06:02:19 EDT [CRAWLER] Odds that the Federal Reserve will raise interest rates by a quarter percentage point at its policy meeting next week shot up to about 86% from about 72% on Thursday, based on trading in 30-day fed funds futures at the Chicago Mercantile Exchange. 
2026-09-12 06:02:19 EDT [CRAWLER] The 2-year Treasury note yield, the most sensitive to short-term Federal Reserve interest rate policy, rose 7.8 basis points, to 4.628% and touched its highest level since July 2024. The 10-year U.S. Treasury note yield — which influences mortgages, auto loans and credit card debt — gained 2.9 basis points to 4.97%. Earlier, the benchmark yield rose to 4.992%, its highest level since October 2023.
2026-09-12 06:02:19 EDT [CRAWLER] The longer-dated 30-year Treasury bond yield, more sensitive to geopolitical risks, was last little changed at 5.356%.
2026-09-12 06:02:19 EDT [CRAWLER] One basis point equals 0.01%, and yields and prices move in opposite
2026-09-12 06:02:19 EDT [CRAWLER] [TICKER MATCH] MACRO
2026-09-12 06:02:19 EDT [CRAWLER] [DISPATCH] Sent MACRO -> AI Server
2026-09-12 06:02:19 EDT [CRAWLER] Extracting
2026-09-12 06:02:20 EDT [CRAWLER] [CRAWLER DONE] Processed: https://www.cnbc.com/2026/09/11/us-treasurys-bonds-yields.html | Extracted Links: 0 | Dispatched to AI: YES
2026-09-12 06:02:20 EDT [CRAWLER] [CRAWLER] Visiting: https://www.prnewswire.com/news-releases/artistorys-four-iai-awards-signal-a-new-era-for-cultural-ip-from-licensing-assets-to-building-global-cultural-brands-302876422.html
2026-09-12 06:02:20 EDT [CRAWLER] [SYSTEM] Interrupt received. Shutting down...
2026-09-12 06:02:20 EDT [CRAWLER] [SYSTEM] Shutdown requested. Draining 16 queued URL(s)...
2026-09-12 06:02:20 EDT [CRAWLER] Status line: HTTP/1.1 200 OK
2026-09-12 06:02:20 EDT [CRAWLER] [DEBUG] URL: https://www.prnewswire.com/news-releases/artistorys-four-iai-awards-signal-a-new-era-for-cultural-ip-from-licensing-assets-to-building-global-cultural-brands-302876422.html
2026-09-12 06:02:20 EDT [CRAWLER] [DEBUG] Article length: 9842
2026-09-12 06:02:20 EDT [CRAWLER] [DEBUG] First 1000 chars:
2026-09-12 06:02:20 EDT [CRAWLER] Following four honors at the 26th International Advertising Institute Awards (IAI Awards) and a debut in License Global's Top 60, ARTiSTORY is advancing a model that connects cultural heritage, brand strategy, creative storytelling and global licensing.
2026-09-12 06:02:20 EDT [CRAWLER] SHANGHAI, Sept. 12, 2026 /PRNewswire/ -- Cultural IP is entering a new phase.
2026-09-12 06:02:20 EDT [CRAWLER] For museums, libraries, heritage organizations and cultural institutions, licensing is no longer simply about placing recognizable artworks, characters or historical imagery on products. Increasingly, the challenge is how to transform cultural assets into compelling contemporary narratives, experiences and brands - without losing the meaning and credibility that made them culturally significant in the first place.
2026-09-12 06:02:20 EDT [CRAWLER]               
2026-09-12 06:02:20 EDT [CRAWLER]             
2026-09-12 06:02:20 EDT [CRAWLER] This shift is at the heart of ARTiSTORY's growing international business.
2026-09-12 06:02:20 EDT [CRAWLER] The cultural and art IP licensing and operations company ARTiSTORY has received four honors at the 26th International Advertising Institute Awards 
2026-09-12 06:02:20 EDT [CRAWLER] [TICKER MATCH] MACRO
2026-09-12 06:02:20 EDT [CRAWLER] [DISPATCH] Sent MACRO -> AI Server
2026-09-12 06:02:20 EDT [CRAWLER] Extracting
2026-09-12 06:02:20 EDT [CRAWLER] [CRAWLER DONE] Processed: https://www.prnewswire.com/news-releases/artistorys-four-iai-awards-signal-a-new-era-for-cultural-ip-from-licensing-assets-to-building-global-cultural-brands-302876422.html | Extracted Links: 0 | Dispatched to AI: YES
2026-09-12 06:02:20 EDT [CRAWLER] [CRAWLER] Visiting: https://www.cnbc.com/2026/09/11/ai-regulation-anthropic-researcher-extinction-warning.html
2026-09-12 06:02:20 EDT [CRAWLER] [CRAWLER] Visiting: https://www.prnewswire.com/news-releases/amid-a-changing-global-landscape-countries-seek-investment-opportunities-at-cifit-302876826.html
2026-09-12 06:02:20 EDT [CRAWLER] Status line: HTTP/1.1 200 OK
2026-09-12 06:02:20 EDT [CRAWLER] [DEBUG] URL: https://www.cnbc.com/2026/09/11/ai-regulation-anthropic-researcher-extinction-warning.html
2026-09-12 06:02:20 EDT [CRAWLER] [DEBUG] Article length: 5006
2026-09-12 06:02:20 EDT [CRAWLER] [DEBUG] First 1000 chars:
2026-09-12 06:02:20 EDT [CRAWLER] More than 20 members of Congress have called for new or stronger artificial intelligence regulation this week after a researcher warned that Anthropic and OpenAI are "gambling with our lives."
2026-09-12 06:02:20 EDT [CRAWLER] Rep. Lori Trahan, D-Mass, told CNBC's "Squawk Box" on Friday that bipartisan support has reached "a tipping point."
2026-09-12 06:02:20 EDT [CRAWLER] "My phone has rung off the hook this week with rank-and-file Democrats and Republicans who want to see action," Trahan said.
2026-09-12 06:02:20 EDT [CRAWLER] Jacob Coxon announced he quit his job at Anthropic on Tuesday in a post that has garnered more than 150 million views on X. Coxon, who previously worked as a researcher at OpenAI, wrote that the people building AI "earnestly believe that it could kill us all by the end of the decade."
2026-09-12 06:02:20 EDT [CRAWLER] Coxon's decision to quit set off a firestorm on social media, prompting lawmakers across both sides of the political aisle to weigh in. 
2026-09-12 06:02:20 EDT [CRAWLER] "AI is a powerful engine of innovation, and we need it to flourish. But, Congress cannot ignore the realities of AI and the potential risks tha
2026-09-12 06:02:20 EDT [CRAWLER] [TICKER MATCH] MACRO
2026-09-12 06:02:20 EDT [CRAWLER] [DISPATCH] Sent MACRO -> AI Server
2026-09-12 06:02:20 EDT [CRAWLER] Extracting
2026-09-12 06:02:20 EDT [CRAWLER] [CRAWLER DONE] Processed: https://www.cnbc.com/2026/09/11/ai-regulation-anthropic-researcher-extinction-warning.html | Extracted Links: 0 | Dispatched to AI: YES
2026-09-12 06:02:20 EDT [CRAWLER] Status line: HTTP/1.1 200 OK
2026-09-12 06:02:20 EDT [CRAWLER] [DEBUG] URL: https://www.prnewswire.com/news-releases/amid-a-changing-global-landscape-countries-seek-investment-opportunities-at-cifit-302876826.html
2026-09-12 06:02:20 EDT [CRAWLER] [DEBUG] Article length: 1879
2026-09-12 06:02:20 EDT [CRAWLER] [DEBUG] First 1000 chars:
2026-09-12 06:02:20 EDT [CRAWLER] Click to learn more: https://youtube.com/shorts/gZ3xQzfZhoo?si=hCiDYS9P0_P32ve7 
2026-09-12 06:02:20 EDT [CRAWLER] XIAMEN, China, Sept. 12, 2026 /PRNewswire/ -- A report from Hong Kong Commercial Daily:
2026-09-12 06:02:22 EDT [CRAWLER] The 26th China International Fair for Investment and Trade (CIFIT) was held in Xiamen, Fujian, China, from September 8 to 11. This year, it attracted more than 1,200 registered delegations from government agencies and business and industrial enterprises from 129 countries and regions and 30 international organizations. Forty-eight of the world's top 50 economies by GDP attended CIFIT. The total number of business participants exceeded 100,000.
2026-09-12 06:02:22 EDT [CRAWLER]               
2026-09-12 06:02:22 EDT [CRAWLER]             
2026-09-12 06:02:22 EDT [CRAWLER] The 2026 Future Investment Conference at this year's CIFIT was themed "Global Investment in a Changing World." It hosted in-depth exchanges on frontier areas such as artificial intelligence and digital infrastructure, life sciences and healthcare, clean energy, and advanced manufacturing, jointly assessing changes in the global investment landscape, su
2026-09-12 06:02:22 EDT [CRAWLER] [TICKER MATCH] MACRO
2026-09-12 06:02:22 EDT [CRAWLER] [DISPATCH] Sent MACRO -> AI Server
2026-09-12 06:02:22 EDT [CRAWLER] Extracting
2026-09-12 06:02:22 EDT [CRAWLER] [CRAWLER DONE] Processed: https://www.prnewswire.com/news-releases/amid-a-changing-global-landscape-countries-seek-investment-opportunities-at-cifit-302876826.html | Extracted Links: 0 | Dispatched to AI: YES
2026-09-12 06:02:22 EDT [CRAWLER] [CRAWLER] Visiting: https://www.cnbc.com/2026/09/11/nycs-baklava-guy-brings-in-20k/month-selling-turkish-pastries.html
2026-09-12 06:02:22 EDT [CRAWLER] [CRAWLER] Visiting: https://www.prnewswire.com/news-releases/pham-nhat-vuong-and-pham-thu-huong-transition-leadership-roles-at-vinfast-and-gsm-302876823.html
2026-09-12 06:02:22 EDT [CRAWLER] Status line: HTTP/1.1 200 OK
2026-09-12 06:02:22 EDT [CRAWLER] [DEBUG] URL: https://www.prnewswire.com/news-releases/pham-nhat-vuong-and-pham-thu-huong-transition-leadership-roles-at-vinfast-and-gsm-302876823.html
2026-09-12 06:02:22 EDT [CRAWLER] [DEBUG] Article length: 5859
2026-09-12 06:02:22 EDT [CRAWLER] [DEBUG] First 1000 chars:
2026-09-12 06:02:22 EDT [CRAWLER] HANOI, Vietnam, Sept. 12, 2026 /PRNewswire/ -- VinFast and GSM today officially announced new leadership appointments, succeeding Mr. Pham Nhat Vuong and Ms. Pham Thu Huong in senior global leadership roles. Accordingly, Mr. Pham Nhat Quan Anh, currently Chairman of VinFast Global, will concurrently assume the position of CEO of VinFast Global, succeeding Mr. Pham Nhat Vuong, while also taking on the roles of Chairman and CEO of VinFast Vietnam. Mr. Nguyen Quoc Tuan will assume the position of Chairman of GSM Global, succeeding Ms. Pham Thu Huong, while Mr. Pham Nhat Minh Hoang will become CEO of GSM Global and concurrently CEO of GSM Vietnam.
2026-09-12 06:02:22 EDT [CRAWLER]               The strengthening of the senior leadership teams at VinFast and GSM comes as Vingroup and companies across its ecosystem accelerate the training and development of in-house talent and transition leadership responsibilities to a younger generation of leaders, in line with the needs and growth trajectory of the system. In particular,
2026-09-12 06:02:22 EDT [CRAWLER] [TICKER MATCH] MACRO
2026-09-12 06:02:22 EDT [CRAWLER] [DISPATCH] Sent MACRO -> AI Server
2026-09-12 06:02:22 EDT [CRAWLER] Extracting
2026-09-12 06:02:22 EDT [CRAWLER] [CRAWLER DONE] Processed: https://www.prnewswire.com/news-releases/pham-nhat-vuong-and-pham-thu-huong-transition-leadership-roles-at-vinfast-and-gsm-302876823.html | Extracted Links: 0 | Dispatched to AI: YES
2026-09-12 06:02:22 EDT [CRAWLER] Status line: HTTP/1.1 200 OK
2026-09-12 06:02:22 EDT [CRAWLER] [DEBUG] URL: https://www.cnbc.com/2026/09/11/nycs-baklava-guy-brings-in-20k/month-selling-turkish-pastries.html
2026-09-12 06:02:22 EDT [CRAWLER] [DEBUG] Article length: 9872
2026-09-12 06:02:22 EDT [CRAWLER] [DEBUG] First 1000 chars:
2026-09-12 06:02:22 EDT [CRAWLER] Jacob Komarow is a 30-year-old entrepreneur, high school dropout and former drug addict. He's also known as the "Baklava Guy" around New York City, and he truly believes he's found his own American Dream in a Turkish pastry.
2026-09-12 06:02:22 EDT [CRAWLER] The man behind Good Baklava — a roaming baklava business that sells the pastries on the street, out of the back of a van or temporary stands, as well as online — is currently riding a thrilling wave of sweet success, fueled by viral fame and guerrilla-style sales tactics. The five-year-old business has no permanent storefront — at least, not yet. So, on any given day, you can find Komarow peddling his many-layered, syrupy-sweet treats anywhere from city parks to music festivals. Throughout May and June, he also roamed the streets outside Madison Square Garden, helping throngs of exultant New York Knicks fans celebrate their team's championship run by offering free slices of the baklava he imports from a supplier in Gaziantep, Turkey.
2026-09-12 06:02:22 EDT [CRAWLER] Komarow — that's his le
2026-09-12 06:02:24 EDT [CRAWLER] [TICKER MATCH] META,NFLX,SHOP,XYZ
2026-09-12 06:02:24 EDT [CRAWLER] [DISPATCH] Sent META,NFLX,SHOP,XYZ -> AI Server
2026-09-12 06:02:24 EDT [CRAWLER] Extracting
2026-09-12 06:02:24 EDT [CRAWLER] [CRAWLER DONE] Processed: https://www.cnbc.com/2026/09/11/nycs-baklava-guy-brings-in-20k/month-selling-turkish-pastries.html | Extracted Links: 0 | Dispatched to AI: YES
2026-09-12 06:02:24 EDT [CRAWLER] [CRAWLER] Visiting: https://www.prnewswire.com/news-releases/super-micro-computer-investigation-initiated-kahn-swick--foti-llc-investigates-the-officers-and-directors-of-super-micro-computer-inc---smci-302876750.html
2026-09-12 06:02:24 EDT [CRAWLER] Status line: HTTP/1.1 200 OK
2026-09-12 06:02:24 EDT [CRAWLER] [DEBUG] URL: https://www.prnewswire.com/news-releases/super-micro-computer-investigation-initiated-kahn-swick--foti-llc-investigates-the-officers-and-directors-of-super-micro-computer-inc---smci-302876750.html
2026-09-12 06:02:24 EDT [CRAWLER] [DEBUG] Article length: 3188
2026-09-12 06:02:24 EDT [CRAWLER] [DEBUG] First 1000 chars:
2026-09-12 06:02:24 EDT [CRAWLER] NEW YORK and NEW ORLEANS, Sept. 11, 2026 /PRNewswire/ -- Former Attorney General of Louisiana, Charles C. Foti, Jr., Esq., a partner at the law firm of Kahn Swick & Foti, LLC ("KSF"), announces that KSF has commenced an investigation into Super Micro Computer, Inc. ("Super Micro" or the "Company") (NasdaqGS: SMCI).
2026-09-12 06:02:24 EDT [CRAWLER] On March 19, 2026, post-market, the U.S. Department of Justice announced the unsealing of an indictment against three individuals associated with the Company, Yih-Shyan Liaw (the Company's co-founder, director, and Senior Vice President of Business Development), Ruei-Tsang Chang ("a general manager in the [Super Micro's] Taiwan office)," and Ting-Wei Sun ("a third-party broker and fixer"), for engaging in a "scheme to divert massive quantities of servers housing U.S. artificial intelligence technology to customers in China" violating U.S. export control laws, in order to "drive sales and generate revenues in violation of U.S. law" and enabled the sale of "approximately $2.5 
2026-09-12 06:02:24 EDT [CRAWLER] [TICKER MATCH] META
2026-09-12 06:02:24 EDT [CRAWLER] [DISPATCH] Sent META -> AI Server
2026-09-12 06:02:24 EDT [CRAWLER] Extracting
2026-09-12 06:02:24 EDT [CRAWLER] [CRAWLER DONE] Processed: https://www.prnewswire.com/news-releases/super-micro-computer-investigation-initiated-kahn-swick--foti-llc-investigates-the-officers-and-directors-of-super-micro-computer-inc---smci-302876750.html | Extracted Links: 0 | Dispatched to AI: YES
2026-09-12 06:02:24 EDT [CRAWLER] [CRAWLER] Visiting: https://www.prnewswire.com/news-releases/new-mud-springs-trail-system-opens-near-moab-expanding-world-class-mountain-biking-opportunities-302876800.html
2026-09-12 06:02:24 EDT [CRAWLER] Status line: HTTP/1.1 200 OK
2026-09-12 06:02:24 EDT [CRAWLER] [DEBUG] URL: https://www.prnewswire.com/news-releases/new-mud-springs-trail-system-opens-near-moab-expanding-world-class-mountain-biking-opportunities-302876800.html
2026-09-12 06:02:24 EDT [CRAWLER] [DEBUG] Article length: 4198
2026-09-12 06:02:24 EDT [CRAWLER] [DEBUG] First 1000 chars:
2026-09-12 06:02:24 EDT [CRAWLER] New race-ready trail system adds to the Moab area's renowned mountain biking offerings with trailsfor youth racing, adaptive cyclists, families and riders of varying abilities
2026-09-12 06:02:24 EDT [CRAWLER] MOAB, Utah, Sept. 11, 2026 /PRNewswire/ -- Mud Springs Trail System, a new mountain biking destination near Moab, has officially opened in San Juan County, bringing miles of purpose-built trails for youth racing, adaptive cycling, families and riders of varying abilities.
2026-09-12 06:02:24 EDT [CRAWLER]               Local and regional partners celebrated the opening with a ribbon cutting Sept. 11, marking the culmination of a nearly decade-long effort to create a new race-capable public trail system. The opening coincided with the first Utah High School Cycling League race weekend at Mud Springs, bringing more than 1,100 youth mountain bikers to the area.
2026-09-12 06:02:24 EDT [CRAWLER] Mud Springs features fast, flowy, machine-built trails with bermed turns. Phase 1 will total approximately 11 miles, including seven miles of beginner- and intermediate-level trails construc
2026-09-12 06:02:24 EDT [CRAWLER] [TICKER MATCH] XYZ
2026-09-12 06:02:24 EDT [CRAWLER] [DISPATCH] Sent XYZ -> AI Server
2026-09-12 06:02:24 EDT [CRAWLER] Extracting
2026-09-12 06:02:24 EDT [CRAWLER] [CRAWLER DONE] Processed: https://www.prnewswire.com/news-releases/new-mud-springs-trail-system-opens-near-moab-expanding-world-class-mountain-biking-opportunities-302876800.html | Extracted Links: 0 | Dispatched to AI: YES
2026-09-12 06:02:24 EDT [CRAWLER] [CRAWLER] Visiting: https://www.prnewswire.com/news-releases/achieve-publishes-new-online-guidance-for-freedom-debt-relief-and-achieve-customers-302876793.html
2026-09-12 06:02:24 EDT [CRAWLER] Status line: HTTP/1.1 200 OK
2026-09-12 06:02:26 EDT [CRAWLER] [DEBUG] URL: https://www.prnewswire.com/news-releases/achieve-publishes-new-online-guidance-for-freedom-debt-relief-and-achieve-customers-302876793.html
2026-09-12 06:02:26 EDT [CRAWLER] [DEBUG] Article length: 3300
2026-09-12 06:02:26 EDT [CRAWLER] [DEBUG] First 1000 chars:
2026-09-12 06:02:26 EDT [CRAWLER] SAN MATEO, Calif., Sept. 11, 2026 /PRNewswire/ -- Today, Achieve announced the publication of a new online resource designed to provide proactive, transparent customer guidance. As part of a broader financial wellness ecosystem, this newly launched initiative helps consumers understand the relationship between Achieve and Freedom Debt Relief in a natural and helpful manner.
2026-09-12 06:02:26 EDT [CRAWLER] As individuals explore ways to navigate their financial solutions online, they may encounter references to both the Achieve and Freedom Debt Relief brands. To ensure clarity, the new guidance explains that Freedom Debt Relief, a subsidiary of Achieve Company, continues to operate as an active, customer-facing debt relief program. By addressing both brands transparently, the resource supports distinct customer experiences without confusion.
2026-09-12 06:02:26 EDT [CRAWLER] A key feature of the new customer resource is account access clarification. The guidance clearly explains exactly where both Freedom Debt Relief and Achieve customers should log i
2026-09-12 06:02:26 EDT [CRAWLER] [TICKER MATCH] MACRO
2026-09-12 06:02:26 EDT [CRAWLER] [DISPATCH] Sent MACRO -> AI Server
2026-09-12 06:02:26 EDT [CRAWLER] Extracting
2026-09-12 06:02:26 EDT [CRAWLER] [CRAWLER DONE] Processed: https://www.prnewswire.com/news-releases/achieve-publishes-new-online-guidance-for-freedom-debt-relief-and-achieve-customers-302876793.html | Extracted Links: 0 | Dispatched to AI: YES
2026-09-12 06:02:26 EDT [CRAWLER] [CRAWLER] Visiting: https://www.prnewswire.com/news-releases/hims--hers-health-inc-securities-fraud-class-action-result-of-deceptive-privacy-and-billing-practices-and-over-14-stock-decline---investors-may-contact-lewis-kahn-esq-at-kahn-swick--foti-llc-302876737.html
2026-09-12 06:02:26 EDT [CRAWLER] Status line: HTTP/1.1 200 OK
2026-09-12 06:02:26 EDT [CRAWLER] [DEBUG] URL: https://www.prnewswire.com/news-releases/hims--hers-health-inc-securities-fraud-class-action-result-of-deceptive-privacy-and-billing-practices-and-over-14-stock-decline---investors-may-contact-lewis-kahn-esq-at-kahn-swick--foti-llc-302876737.html
2026-09-12 06:02:26 EDT [CRAWLER] [DEBUG] Article length: 3694
2026-09-12 06:02:26 EDT [CRAWLER] [DEBUG] First 1000 chars:
2026-09-12 06:02:26 EDT [CRAWLER] NEW YORK and NEW ORLEANS, Sept. 11, 2026 /PRNewswire/ -- Kahn Swick & Foti, LLC ("KSF") and KSF partner, former Attorney General of Louisiana, Charles C. Foti, Jr., remind investors with substantial losses that they have until November 2, 2026 to file lead plaintiff applications in a securities class action lawsuit against Hims & Hers Health, Inc. ("Hims" or the "Company") (NYSE: HIMS), if they purchased or otherwise acquired the Company's securities between August 4, 2025 and July 29, 2026, inclusive (the "Class Period").  This action is pending in the United States District Court for the Northern District of California.
2026-09-12 06:02:26 EDT [CRAWLER] What You May Do
2026-09-12 06:02:26 EDT [CRAWLER] If you purchased securities of Hims as above and would like to discuss your legal rights and how this case might affect you and your right to recover for your economic loss, you may, without obligation or cost to you, contact KSF Managing Partner Lewis Kahn toll-free at 1-833-538-3666 or via email ([email&#160;protected]), or visit https://www.ksfcouns
2026-09-12 06:02:26 EDT [CRAWLER] [TICKER MATCH] META
2026-09-12 06:02:26 EDT [CRAWLER] [DISPATCH] Sent META -> AI Server
2026-09-12 06:02:26 EDT [CRAWLER] Extracting
2026-09-12 06:02:26 EDT [CRAWLER] [CRAWLER DONE] Processed: https://www.prnewswire.com/news-releases/hims--hers-health-inc-securities-fraud-class-action-result-of-deceptive-privacy-and-billing-practices-and-over-14-stock-decline---investors-may-contact-lewis-kahn-esq-at-kahn-swick--foti-llc-302876737.html | Extracted Links: 0 | Dispatched to AI: YES
2026-09-12 06:02:26 EDT [CRAWLER] [CRAWLER] Visiting: https://www.prnewswire.com/news-releases/hdfc-bank-limited-securities-fraud-class-action-result-of-deceptive-interest-payments-and-approximately-4-stock-decline---investors-may-contact-lewis-kahn-esq-at-kahn-swick--foti-llc-302876742.html
2026-09-12 06:02:26 EDT [CRAWLER] Status line: HTTP/1.1 200 OK
2026-09-12 06:02:26 EDT [CRAWLER] [DEBUG] URL: https://www.prnewswire.com/news-releases/hdfc-bank-limited-securities-fraud-class-action-result-of-deceptive-interest-payments-and-approximately-4-stock-decline---investors-may-contact-lewis-kahn-esq-at-kahn-swick--foti-llc-302876742.html
2026-09-12 06:02:26 EDT [CRAWLER] [DEBUG] Article length: 3784
2026-09-12 06:02:26 EDT [CRAWLER] [DEBUG] First 1000 chars:
2026-09-12 06:02:28 EDT [CRAWLER] NEW ORLEANS, Sept. 11, 2026 /PRNewswire/ -- - Kahn Swick & Foti, LLC ("KSF") and KSF partner, former Attorney General of Louisiana, Charles C. Foti, Jr., remind investors with substantial losses that they have until October 13, 2026 to file lead plaintiff applications in a securities class action lawsuit against HDFC Bank Limited ("HDFC" or the "Company") (NYSE: HDB), if they purchased or otherwise acquired the Company's securities between July 17, 2023 and May 26, 2026, inclusive (the "Class Period").  This action is pending in the United States District Court for the Southern District of New York.
2026-09-12 06:02:28 EDT [CRAWLER] What You May Do
2026-09-12 06:02:28 EDT [CRAWLER] If you purchased securities of HDFC as above and would like to discuss your legal rights and how this case might affect you and your right to recover for your economic loss, you may, without obligation or cost to you, contact KSF Managing Partner Lewis Kahn toll-free at 1-833-538-3666 or via email ([email&#160;protected]), or visit https://www.ksfcounsel.com/cases/nyse-hdb/ 
2026-09-12 06:02:28 EDT [CRAWLER] [TICKER MATCH] META
2026-09-12 06:02:28 EDT [CRAWLER] [DISPATCH] Sent META -> AI Server
2026-09-12 06:02:28 EDT [CRAWLER] Extracting
2026-09-12 06:02:28 EDT [CRAWLER] [CRAWLER DONE] Processed: https://www.prnewswire.com/news-releases/hdfc-bank-limited-securities-fraud-class-action-result-of-deceptive-interest-payments-and-approximately-4-stock-decline---investors-may-contact-lewis-kahn-esq-at-kahn-swick--foti-llc-302876742.html | Extracted Links: 0 | Dispatched to AI: YES
2026-09-12 06:02:28 EDT [CRAWLER] [CRAWLER] Visiting: https://finance.yahoo.com/news/nursing-home-savings-350-000-145528883.html
2026-09-12 06:02:28 EDT [CRAWLER] [CRAWLER] Visiting: https://www.prnewswire.com/news-releases/aevex-corp-notice-of-october-20-2026-application-deadline-for-class-action-lawsuit---contact-lewis-kahn-esq-at-kahn-swick--foti-llc-before-application-deadline-302876713.html
2026-09-12 06:02:28 EDT [CRAWLER] Status line: HTTP/1.1 500 INKApi Error
2026-09-12 06:02:28 EDT [CRAWLER] Notice no HTML tags found
2026-09-12 06:02:28 EDT [CRAWLER] [CRAWLER DONE] Processed: https://finance.yahoo.com/news/nursing-home-savings-350-000-145528883.html | Extracted Links: 0 | Dispatched to AI: NO
2026-09-12 06:02:28 EDT [CRAWLER] [CRAWLER] Visiting: https://finance.yahoo.com/news/worry-gift-tax-pay-30-122213443.html
2026-09-12 06:02:28 EDT [CRAWLER] Status line: HTTP/1.1 200 OK
2026-09-12 06:02:28 EDT [CRAWLER] [DEBUG] URL: https://www.prnewswire.com/news-releases/aevex-corp-notice-of-october-20-2026-application-deadline-for-class-action-lawsuit---contact-lewis-kahn-esq-at-kahn-swick--foti-llc-before-application-deadline-302876713.html
2026-09-12 06:02:28 EDT [CRAWLER] [DEBUG] Article length: 3849
2026-09-12 06:02:28 EDT [CRAWLER] [DEBUG] First 1000 chars:
2026-09-12 06:02:28 EDT [CRAWLER] NEW ORLEANS and NEW YORK, Sept. 11, 2026 /PRNewswire/ -- Kahn Swick & Foti, LLC ("KSF") and KSF partner, former Attorney General of Louisiana, Charles C. Foti, Jr., notifies investors in AEVEX Corp. ("Aevex" or the "Company") (NYSE: AVEX) of a class action securities lawsuit.
2026-09-12 06:02:28 EDT [CRAWLER] CLASS DEFINITION: The lawsuit seeks to recover losses on behalf of investors who purchased or otherwise acquired Aevex's publicly traded Class A common stock between April 17, 2026 and June 4, 2026, inclusive (the "Class Period") and/or pursuant or traceable to the registration statement and prospectus (the "IPO Offering Documents") issued in connection with Aevex's April 17, 2026 initial public offering ("IPO"). This action is pending in the United States District Court for the Southern District of California. Follow the link below to get more information and be contacted by a member of our team:
2026-09-12 06:02:28 EDT [CRAWLER] https://www.ksfcounsel.com/cases/nyse-avex/ 
2026-09-12 06:02:28 EDT [CRAWLER] Aevex investors should contact KSF Managing Partner Lewis Kahn toll-free 
2026-09-12 06:02:28 EDT [CRAWLER] [TICKER MATCH] META
2026-09-12 06:02:28 EDT [CRAWLER] [DISPATCH] Sent META -> AI Server
2026-09-12 06:02:28 EDT [CRAWLER] Extracting
2026-09-12 06:02:28 EDT [CRAWLER] [CRAWLER DONE] Processed: https://www.prnewswire.com/news-releases/aevex-corp-notice-of-october-20-2026-application-deadline-for-class-action-lawsuit---contact-lewis-kahn-esq-at-kahn-swick--foti-llc-before-application-deadline-302876713.html | Extracted Links: 0 | Dispatched to AI: YES
2026-09-12 06:02:28 EDT [CRAWLER] [CRAWLER] Visiting: https://www.prnewswire.com/news-releases/avis-budget-group-inc-notice-of-september-29-2026-application-deadline-for-class-action-lawsuit---contact-lewis-kahn-esq-at-kahn-swick--foti-llc-before-application-deadline-302876723.html
2026-09-12 06:02:28 EDT [CRAWLER] Status line: HTTP/1.1 200 OK
2026-09-12 06:02:28 EDT [CRAWLER] [DEBUG] URL: https://www.prnewswire.com/news-releases/avis-budget-group-inc-notice-of-september-29-2026-application-deadline-for-class-action-lawsuit---contact-lewis-kahn-esq-at-kahn-swick--foti-llc-before-application-deadline-302876723.html
2026-09-12 06:02:30 EDT [CRAWLER] [DEBUG] Article length: 4080
2026-09-12 06:02:30 EDT [CRAWLER] [DEBUG] First 1000 chars:
2026-09-12 06:02:30 EDT [CRAWLER] NEW ORLEANS, Sept. 11, 2026 /PRNewswire/ -- - Kahn Swick & Foti, LLC ("KSF") and KSF partner, former Attorney General of Louisiana, Charles C. Foti, Jr., notifies investors in Avis Budget Group, Inc. ("Avis" or the "Company") (NasdaqGS: CAR) of a class action securities lawsuit.
2026-09-12 06:02:30 EDT [CRAWLER] CLASS DEFINITION: The lawsuit seeks to recover losses on behalf of investors who purchased or otherwise acquired Avis securities (including those who bought Avis common stock to cover a short position) between February 20, 2025 and April 21, 2026, inclusive (the "Class Period"). This action is pending in the United States District Court for the Middle District of Florida.
2026-09-12 06:02:30 EDT [CRAWLER] Follow the link below to get more information and be contacted by a member of our team:
2026-09-12 06:02:30 EDT [CRAWLER] https://www.ksfcounsel.com/cases/nasdaqgs-car/ 
2026-09-12 06:02:30 EDT [CRAWLER] Avis investors should contact KSF Managing Partner Lewis Kahn toll-free at 1-833-538-3666 or via email ([email&#160;protected]), or visit https://www.ksfcounsel.com/cases/nasdaqgs-car/ to learn more.
2026-09-12 06:02:30 EDT [CRAWLER] >>>CLICK 
2026-09-12 06:02:30 EDT [CRAWLER] [TICKER MATCH] META
2026-09-12 06:02:30 EDT [CRAWLER] [DISPATCH] Sent META -> AI Server
2026-09-12 06:02:30 EDT [CRAWLER] Extracting
2026-09-12 06:02:30 EDT [CRAWLER] [CRAWLER DONE] Processed: https://www.prnewswire.com/news-releases/avis-budget-group-inc-notice-of-september-29-2026-application-deadline-for-class-action-lawsuit---contact-lewis-kahn-esq-at-kahn-swick--foti-llc-before-application-deadline-302876723.html | Extracted Links: 0 | Dispatched to AI: YES
2026-09-12 06:02:30 EDT [CRAWLER] [CRAWLER] Visiting: https://finance.yahoo.com/markets/crypto/articles/172-old-bank-sees-400-173349444.html
2026-09-12 06:02:30 EDT [CRAWLER] [CRAWLER] Visiting: https://www.prnewswire.com/news-releases/cogent-communications-holdings-securities-fraud-class-action-result-of-undisclosed-demand-and-backlog-issues-and-approximately-29-stock-decline---investors-may-contact-lewis-kahn-esq-at-kahn-swick--foti-llc-302876739.html
2026-09-12 06:02:30 EDT [CRAWLER] Status line: HTTP/1.1 200 OK
2026-09-12 06:02:30 EDT [CRAWLER] [DEBUG] URL: https://www.prnewswire.com/news-releases/cogent-communications-holdings-securities-fraud-class-action-result-of-undisclosed-demand-and-backlog-issues-and-approximately-29-stock-decline---investors-may-contact-lewis-kahn-esq-at-kahn-swick--foti-llc-302876739.html
2026-09-12 06:02:30 EDT [CRAWLER] [DEBUG] Article length: 4047
2026-09-12 06:02:30 EDT [CRAWLER] [DEBUG] First 1000 chars:
2026-09-12 06:02:30 EDT [CRAWLER] NEW ORLEANS, Sept. 11, 2026 /PRNewswire/ -- - Kahn Swick & Foti, LLC ("KSF") and KSF partner, former Attorney General of Louisiana, Charles C. Foti, Jr., remind investors with substantial losses that they have until September 21, 2026 to file lead plaintiff applications in a securities class action lawsuit against Cogent Communications Holdings, Inc. ("Cogent" or the "Company") (NasdaqGS: CCOI), if they purchased the Company's shares between February 29, 2024 and May 1, 2026, inclusive (the "Class Period").  This action is pending in the United States District Court for the District of Columbia.
2026-09-12 06:02:30 EDT [CRAWLER] What You May Do
2026-09-12 06:02:30 EDT [CRAWLER] If you purchased shares of Cogent as above and would like to discuss your legal rights and how this case might affect you and your right to recover for your economic loss, you may, without obligation or cost to you, contact KSF Managing Partner Lewis Kahn toll-free at 1-833-538-3666 or via email ([email&#160;protected]), or visit https://www.ksfcounsel.com/cases/nasdaqgs-ccoi/ t
2026-09-12 06:02:30 EDT [CRAWLER] [TICKER MATCH] META
2026-09-12 06:02:30 EDT [CRAWLER] [DISPATCH] Sent META -> AI Server
2026-09-12 06:02:30 EDT [CRAWLER] Extracting
2026-09-12 06:02:30 EDT [CRAWLER] [CRAWLER DONE] Processed: https://www.prnewswire.com/news-releases/cogent-communications-holdings-securities-fraud-class-action-result-of-undisclosed-demand-and-backlog-issues-and-approximately-29-stock-decline---investors-may-contact-lewis-kahn-esq-at-kahn-swick--foti-llc-302876739.html | Extracted Links: 0 | Dispatched to AI: YES
2026-09-12 06:02:30 EDT [CRAWLER] [CRAWLER] Visiting: https://finance.yahoo.com/markets/stocks/articles/forward-air-fwrd-record-revenue-060806134.html
2026-09-12 06:02:30 EDT [CRAWLER] Status line: HTTP/1.1 200 OK
2026-09-12 06:02:30 EDT [CRAWLER] [DEBUG] URL: https://finance.yahoo.com/markets/crypto/articles/172-old-bank-sees-400-173349444.html
2026-09-12 06:02:30 EDT [CRAWLER] [DEBUG] Article length: 5477
2026-09-12 06:02:30 EDT [CRAWLER] [DEBUG] First 1000 chars:
2026-09-12 06:02:30 EDT [CRAWLER]     
2026-09-12 06:02:30 EDT [CRAWLER]         
2026-09-12 06:02:30 EDT [CRAWLER]         
2026-09-12 06:02:30 EDT [CRAWLER]          
2026-09-12 06:02:30 EDT [CRAWLER] 	
2026-09-12 06:02:30 EDT [CRAWLER] 		
2026-09-12 06:02:30 EDT [CRAWLER] 		
2026-09-12 06:02:30 EDT [CRAWLER] 		
2026-09-12 06:02:30 EDT [CRAWLER] 		
2026-09-12 06:02:30 EDT [CRAWLER] 		
2026-09-12 06:02:30 EDT [CRAWLER] 		
2026-09-12 06:02:30 EDT [CRAWLER] 		
2026-09-12 06:02:30 EDT [CRAWLER] 		
2026-09-12 06:02:30 EDT [CRAWLER] 		
2026-09-12 06:02:30 EDT [CRAWLER] 		
2026-09-12 06:02:30 EDT [CRAWLER] 		
2026-09-12 06:02:30 EDT [CRAWLER] 		
2026-09-12 06:02:30 EDT [CRAWLER] 		
2026-09-12 06:02:30 EDT [CRAWLER] 		
2026-09-12 06:02:30 EDT [CRAWLER] 		
2026-09-12 06:02:30 EDT [CRAWLER] 		
2026-09-12 06:02:30 EDT [CRAWLER] 		
2026-09-12 06:02:30 EDT [CRAWLER] 		
2026-09-12 06:02:30 EDT [CRAWLER] 		
2026-09-12 06:02:30 EDT [CRAWLER] 		
2026-09-12 06:02:30 EDT [CRAWLER] 		
2026-09-12 06:02:30 EDT [CRAWLER] 		
2026-09-12 06:02:30 EDT [CRAWLER] 		
2026-09-12 06:02:30 EDT [CRAWLER] 		
2026-09-12 06:02:30 EDT [CRAWLER] 		
2026-09-12 06:02:30 EDT [CRAWLER] 		
2026-09-12 06:02:30 EDT [CRAWLER] 		
2026-09-12 06:02:30 EDT [CRAWLER] 		
2026-09-12 06:02:30 EDT [CRAWLER] 		
2026-09-12 06:02:30 EDT [CRAWLER] 		
2026-09-12 06:02:30 EDT [CRAWLER] 		
2026-09-12 06:02:30 EDT [CRAWLER] 		
2026-09-12 06:02:30 EDT [CRAWLER] 		
2026-09-12 06:02:30 EDT [CRAWLER] 		
2026-09-12 06:02:30 EDT [CRAWLER] 		
2026-09-12 06:02:30 EDT [CRAWLER] 		
2026-09-12 06:02:30 EDT [CRAWLER] 		
2026-09-12 06:02:30 EDT [CRAWLER] 		
2026-09-12 06:02:30 EDT [CRAWLER] 		
2026-09-12 06:02:30 EDT [CRAWLER] 		
2026-09-12 06:02:30 EDT [CRAWLER] 		
2026-09-12 06:02:30 EDT [CRAWLER] 		
2026-09-12 06:02:30 EDT [CRAWLER] 		
2026-09-12 06:02:30 EDT [CRAWLER] 		
2026-09-12 06:02:30 EDT [CRAWLER] 		
2026-09-12 06:02:30 EDT [CRAWLER] 		
2026-09-12 06:02:30 EDT [CRAWLER] 		
2026-09-12 06:02:30 EDT [CRAWLER] 		
2026-09-12 06:02:30 EDT [CRAWLER] 		
2026-09-12 06:02:30 EDT [CRAWLER] 		
2026-09-12 06:02:30 EDT [CRAWLER] 		
2026-09-12 06:02:30 EDT [CRAWLER] 		
2026-09-12 06:02:30 EDT [CRAWLER] 		
2026-09-12 06:02:30 EDT [CRAWLER] 		
2026-09-12 06:02:30 EDT [CRAWLER] 		
2026-09-12 06:02:30 EDT [CRAWLER] 		
2026-09-12 06:02:30 EDT [CRAWLER] 		
2026-09-12 06:02:30 EDT [CRAWLER] 		
2026-09-12 06:02:30 EDT [CRAWLER] 		
2026-09-12 06:02:30 EDT [CRAWLER] 		
2026-09-12 06:02:30 EDT [CRAWLER] 		
2026-09-12 06:02:30 EDT [CRAWLER] 		
2026-09-12 06:02:30 EDT [CRAWLER] 		
2026-09-12 06:02:30 EDT [CRAWLER] 		
2026-09-12 06:02:30 EDT [CRAWLER] 		
2026-09-12 06:02:30 EDT [CRAWLER] 		
2026-09-12 06:02:31 EDT [CRAWLER] 		
2026-09-12 06:02:31 EDT [CRAWLER] 		
2026-09-12 06:02:31 EDT [CRAWLER] 		
2026-09-12 06:02:31 EDT [CRAWLER] 		
2026-09-12 06:02:31 EDT [CRAWLER] 		
2026-09-12 06:02:31 EDT [CRAWLER] 		
2026-09-12 06:02:31 EDT [CRAWLER] 		
2026-09-12 06:02:31 EDT [CRAWLER] 		
2026-09-12 06:02:31 EDT [CRAWLER] 		
2026-09-12 06:02:31 EDT [CRAWLER] 		
2026-09-12 06:02:31 EDT [CRAWLER] 		
2026-09-12 06:02:31 EDT [CRAWLER] 		
2026-09-12 06:02:31 EDT [CRAWLER] 		
2026-09-12 06:02:31 EDT [CRAWLER] 		
2026-09-12 06:02:31 EDT [CRAWLER] 		
2026-09-12 06:02:31 EDT [CRAWLER] 		
2026-09-12 06:02:31 EDT [CRAWLER] 		
2026-09-12 06:02:31 EDT [CRAWLER] 		
2026-09-12 06:02:31 EDT [CRAWLER] 		
2026-09-12 06:02:31 EDT [CRAWLER] 		
2026-09-12 06:02:31 EDT [CRAWLER] 		
2026-09-12 06:02:31 EDT [CRAWLER] 		
2026-09-12 06:02:31 EDT [CRAWLER] 		
2026-09-12 06:02:31 EDT [CRAWLER] 		
2026-09-12 06:02:31 EDT [CRAWLER] 		
2026-09-12 06:02:31 EDT [CRAWLER] 		
2026-09-12 06:02:31 EDT [CRAWLER] 		
2026-09-12 06:02:31 EDT [CRAWLER] 		
2026-09-12 06:02:31 EDT [CRAWLER] 		
2026-09-12 06:02:31 EDT [CRAWLER] 		
2026-09-12 06:02:31 EDT [CRAWLER] 		
2026-09-12 06:02:31 EDT [CRAWLER] 		
2026-09-12 06:02:31 EDT [CRAWLER] 		
2026-09-12 06:02:31 EDT [CRAWLER] 		
2026-09-12 06:02:31 EDT [CRAWLER] 		
2026-09-12 06:02:31 EDT [CRAWLER] 		
2026-09-12 06:02:31 EDT [CRAWLER] 		
2026-09-12 06:02:31 EDT [CRAWLER] 		
2026-09-12 06:02:31 EDT [CRAWLER] 		
2026-09-12 06:02:31 EDT [CRAWLER] 		
2026-09-12 06:02:31 EDT [CRAWLER] 		
2026-09-12 06:02:31 EDT [CRAWLER] 		
2026-09-12 06:02:31 EDT [CRAWLER] 		
2026-09-12 06:02:31 EDT [CRAWLER] 		
2026-09-12 06:02:31 EDT [CRAWLER] 		
2026-09-12 06:02:31 EDT [CRAWLER] 		
2026-09-12 06:02:31 EDT [CRAWLER] 		
2026-09-12 06:02:31 EDT [CRAWLER] 		
2026-09-12 06:02:31 EDT [CRAWLER] 		
2026-09-12 06:02:31 EDT [CRAWLER] 		
2026-09-12 06:02:31 EDT [CRAWLER] 		
2026-09-12 06:02:31 EDT [CRAWLER] 		
2026-09-12 06:02:31 EDT [CRAWLER] 		
2026-09-12 06:02:31 EDT [CRAWLER] 		
2026-09-12 06:02:31 EDT [CRAWLER] 		
2026-09-12 06:02:31 EDT [CRAWLER] 		
2026-09-12 06:02:31 EDT [CRAWLER] 		
2026-09-12 06:02:31 EDT [CRAWLER] 		
2026-09-12 06:02:31 EDT [CRAWLER] 		
2026-09-12 06:02:31 EDT [CRAWLER] 		
2026-09-12 06:02:31 EDT [CRAWLER] 		
2026-09-12 06:02:31 EDT [CRAWLER] 		
2026-09-12 06:02:31 EDT [CRAWLER] 		
2026-09-12 06:02:31 EDT [CRAWLER] 		
2026-09-12 06:02:31 EDT [CRAWLER] 		
2026-09-12 06:02:31 EDT [CRAWLER] 		
2026-09-12 06:02:31 EDT [CRAWLER] 		
2026-09-12 06:02:31 EDT [CRAWLER] 		
2026-09-12 06:02:31 EDT [CRAWLER] 		
2026-09-12 06:02:31 EDT [CRAWLER] 		
2026-09-12 06:02:31 EDT [CRAWLER] 		
2026-09-12 06:02:31 EDT [CRAWLER] 		
2026-09-12 06:02:31 EDT [CRAWLER] 		
2026-09-12 06:02:31 EDT [CRAWLER] 		
2026-09-12 06:02:31 EDT [CRAWLER] 		
2026-09-12 06:02:31 EDT [CRAWLER] 		
2026-09-12 06:02:31 EDT [CRAWLER] 		
2026-09-12 06:02:31 EDT [CRAWLER] 		
2026-09-12 06:02:31 EDT [CRAWLER] 		
2026-09-12 06:02:31 EDT [CRAWLER] 		
2026-09-12 06:02:31 EDT [CRAWLER] 		
2026-09-12 06:02:31 EDT [CRAWLER] 		
2026-09-12 06:02:31 EDT [CRAWLER] 		
2026-09-12 06:02:31 EDT [CRAWLER] 		
2026-09-12 06:02:31 EDT [CRAWLER] 		
2026-09-12 06:02:31 EDT [CRAWLER] 		
2026-09-12 06:02:31 EDT [CRAWLER] 		
2026-09-12 06:02:31 EDT [CRAWLER] 		
2026-09-12 06:02:31 EDT [CRAWLER] 		
2026-09-12 06:02:31 EDT [CRAWLER] 		
2026-09-12 06:02:31 EDT [CRAWLER] 		
2026-09-12 06:02:31 EDT [CRAWLER] 		
2026-09-12 06:02:31 EDT [CRAWLER] 		
2026-09-12 06:02:31 EDT [CRAWLER] 		
2026-09-12 06:02:31 EDT [CRAWLER] 		
2026-09-12 06:02:31 EDT [CRAWLER] 		
2026-09-12 06:02:31 EDT [CRAWLER] 		
2026-09-12 06:02:31 EDT [CRAWLER] 		
2026-09-12 06:02:31 EDT [CRAWLER] 		
2026-09-12 06:02:31 EDT [CRAWLER] 		
2026-09-12 06:02:31 EDT [CRAWLER] 		
2026-09-12 06:02:31 EDT [CRAWLER] 		
2026-09-12 06:02:31 EDT [CRAWLER] 		
2026-09-12 06:02:31 EDT [CRAWLER] 		
2026-09-12 06:02:31 EDT [CRAWLER] 		
2026-09-12 06:02:31 EDT [CRAWLER] 		
2026-09-12 06:02:31 EDT [CRAWLER] 		
2026-09-12 06:02:31 EDT [CRAWLER] 		
2026-09-12 06:02:31 EDT [CRAWLER] 		
2026-09-12 06:02:31 EDT [CRAWLER] 		
2026-09-12 06:02:31 EDT [CRAWLER] 		
2026-09-12 06:02:31 EDT [CRAWLER] 		
2026-09-12 06:02:31 EDT [CRAWLER] 		
2026-09-12 06:02:31 EDT [CRAWLER] 		
2026-09-12 06:02:31 EDT [CRAWLER] 		
2026-09-12 06:02:31 EDT [CRAWLER] 		
2026-09-12 06:02:31 EDT [CRAWLER] 		
2026-09-12 06:02:31 EDT [CRAWLER] 		
2026-09-12 06:02:31 EDT [CRAWLER] 		
2026-09-12 06:02:31 EDT [CRAWLER] 		
2026-09-12 06:02:31 EDT [CRAWLER] 		
2026-09-12 06:02:31 EDT [CRAWLER] 		
2026-09-12 06:02:31 EDT [CRAWLER] 		
2026-09-12 06:02:31 EDT [CRAWLER] 		
2026-09-12 06:02:31 EDT [CRAWLER] 		
2026-09-12 06:02:31 EDT [CRAWLER] 		
2026-09-12 06:02:31 EDT [CRAWLER] 		
2026-09-12 06:02:31 EDT [CRAWLER] 		
2026-09-12 06:02:31 EDT [CRAWLER] 		
2026-09-12 06:02:31 EDT [CRAWLER] 		
2026-09-12 06:02:31 EDT [CRAWLER] 		
2026-09-12 06:02:31 EDT [CRAWLER] 		
2026-09-12 06:02:31 EDT [CRAWLER] 		
2026-09-12 06:02:31 EDT [CRAWLER] 		
2026-09-12 06:02:31 EDT [CRAWLER] 		
2026-09-12 06:02:31 EDT [CRAWLER] 		
2026-09-12 06:02:31 EDT [CRAWLER] 		
2026-09-12 06:02:31 EDT [CRAWLER] 		
2026-09-12 06:02:31 EDT [CRAWLER] 		
2026-09-12 06:02:31 EDT [CRAWLER] 		
2026-09-12 06:02:31 EDT [CRAWLER] 		
2026-09-12 06:02:31 EDT [CRAWLER] 		
2026-09-12 06:02:31 EDT [CRAWLER] 		
2026-09-12 06:02:31 EDT [CRAWLER] 		
2026-09-12 06:02:31 EDT [CRAWLER] 		
2026-09-12 06:02:31 EDT [CRAWLER] 		
2026-09-12 06:02:31 EDT [CRAWLER] 		
2026-09-12 06:02:31 EDT [CRAWLER] 		
2026-09-12 06:02:31 EDT [CRAWLER] 		
2026-09-12 06:02:31 EDT [CRAWLER] 		
2026-09-12 06:02:31 EDT [CRAWLER] 		
2026-09-12 06:02:31 EDT [CRAWLER] 		
2026-09-12 06:02:31 EDT [CRAWLER] 		172-year-old bank sees 400% upside for 'federal bank' token  
2026-09-12 06:02:31 EDT [CRAWLER]     
2026-09-12 06:02:31 EDT [CRAWLER]     
2026-09-12 06:02:31 EDT [CRAWLER]         
2026-09-12 06:02:31 EDT [CRAWLER]                Oops, something went wrong                    Skip to navigation   Skip to main content   Skip to right column                                   172-year-old bank sees 400% upside for 'federal bank' token      
2026-09-12 06:02:31 EDT [CRAWLER] [TICKER MATCH] ADBE,COIN,SKY,TGT
2026-09-12 06:02:31 EDT [CRAWLER] [DISPATCH] Sent ADBE,COIN,SKY,TGT -> AI Server
2026-09-12 06:02:31 EDT [CRAWLER] Extracting
2026-09-12 06:02:31 EDT [CRAWLER] [CRAWLER DONE] Processed: https://finance.yahoo.com/markets/crypto/articles/172-old-bank-sees-400-173349444.html | Extracted Links: 0 | Dispatched to AI: YES
2026-09-12 06:02:31 EDT [CRAWLER] [CRAWLER] Visiting: https://www.prnewswire.com/news-releases/capricor-therapeutics-inc-notice-of-september-28-2026-application-deadline-for-class-action-lawsuit---contact-lewis-kahn-esq-at-kahn-swick--foti-llc-before-application-deadline-302876715.html
2026-09-12 06:02:31 EDT [CRAWLER] Status line: HTTP/1.1 200 OK
2026-09-12 06:02:31 EDT [CRAWLER] [DEBUG] URL: https://www.prnewswire.com/news-releases/capricor-therapeutics-inc-notice-of-september-28-2026-application-deadline-for-class-action-lawsuit---contact-lewis-kahn-esq-at-kahn-swick--foti-llc-before-application-deadline-302876715.html
2026-09-12 06:02:31 EDT [CRAWLER] [DEBUG] Article length: 4181
2026-09-12 06:02:31 EDT [CRAWLER] [DEBUG] First 1000 chars:
2026-09-12 06:02:31 EDT [CRAWLER] NEW YORK and NEW ORLEANS, Sept. 11, 2026 /PRNewswire/ -- Kahn Swick & Foti, LLC ("KSF") and KSF partner, former Attorney General of Louisiana, Charles C. Foti, Jr., notifies investors in Capricor Therapeutics, Inc. ("Capricor" or the "Company") (NasdaqGS: CAPR) of a class action securities lawsuit.
2026-09-12 06:02:31 EDT [CRAWLER] CLASS DEFINITION: The lawsuit seeks to recover losses on behalf of investors who purchased or otherwise acquired Capricor securities between December 17, 2025 and July 26, 2026, inclusive (the "Class Period"). This action is pending in the United States District Court for the Southern District of California.
2026-09-12 06:02:31 EDT [CRAWLER] Follow the link below to get more information and be contacted by a member of our team:
2026-09-12 06:02:31 EDT [CRAWLER] https://www.ksfcounsel.com/cases/nasdaqgs-capr/ 
2026-09-12 06:02:31 EDT [CRAWLER] Capricor investors should contact KSF Managing Partner Lewis Kahn toll-free at 1-833-538-3666 or via email ([email&#160;protected]), or visit https://www.ksfcounsel.com/cases/nasdaqgs-capr/ to learn more.
2026-09-12 06:02:31 EDT [CRAWLER] >>>CLICK HERE for more information
2026-09-12 06:02:31 EDT [CRAWLER] CASE DETAILS:
2026-09-12 06:02:31 EDT [CRAWLER] [TICKER MATCH] META
2026-09-12 06:02:31 EDT [CRAWLER] [DISPATCH] Sent META -> AI Server
2026-09-12 06:02:31 EDT [CRAWLER] Extracting
2026-09-12 06:02:31 EDT [CRAWLER] [CRAWLER DONE] Processed: https://www.prnewswire.com/news-releases/capricor-therapeutics-inc-notice-of-september-28-2026-application-deadline-for-class-action-lawsuit---contact-lewis-kahn-esq-at-kahn-swick--foti-llc-before-application-deadline-302876715.html | Extracted Links: 0 | Dispatched to AI: YES
2026-09-12 06:02:31 EDT [CRAWLER] [CRAWLER] Visiting: https://finance.yahoo.com/markets/stocks/articles/solid-power-sldp-widening-losses-060054096.html
2026-09-12 06:02:31 EDT [CRAWLER] Status line: HTTP/1.1 200 OK
2026-09-12 06:02:31 EDT [CRAWLER] [DEBUG] URL: https://finance.yahoo.com/news/worry-gift-tax-pay-30-122213443.html
2026-09-12 06:02:31 EDT [CRAWLER] [DEBUG] Article length: 6850
2026-09-12 06:02:31 EDT [CRAWLER] [DEBUG] First 1000 chars:
2026-09-12 06:02:31 EDT [CRAWLER] SmartAsset and Yahoo Finance LLC may earn commission or revenue through links in the content below.  
2026-09-12 06:02:31 EDT [CRAWLER] Imagine your child is getting married and you want to help pay for their wedding. You've been saving for years and now have $30,000 set aside for their big day, which you plan to hand over in the form of a check.  
2026-09-12 06:02:31 EDT [CRAWLER] However, before you pass along that much cash, it's important to understand the potential tax implications of making a $30,000 gift. A gift that size could require you to pay the federal gift tax, which can reach up to 40%. The good news is you may avoid paying gift taxes altogether, but there are reporting requirements and other limitations to keep in mind. Consult a financial advisor to minimize your gift tax obligations.  
2026-09-12 06:02:32 EDT [AI SERVER] [AI SERVER] Listening on 127.0.0.1:58888
2026-09-12 06:02:32 EDT [AI SERVER] [AI SERVER] Logging to trading_signals.csv
2026-09-12 06:02:32 EDT [AI SERVER] [AI SERVER] Broker: PAPER paper-api.alpaca.markets
2026-09-12 06:02:32 EDT [BROKER TRADE] [AI SERVER] Order log: orders.log
2026-09-12 06:02:32 EDT [BROKER TRADE] [AI SERVER] Per-order cap: 5% of equity | portfolio cap: 25%
2026-09-12 06:02:32 EDT [AI SERVER] [AI BATCH START] 3 ticker(s) for article (5634 chars): AAPL,MSFT,TGT
2026-09-12 06:02:32 EDT [AI SERVER] [AI BATCH START] 1 ticker(s) for article (2526 chars): MACRO
2026-09-12 06:02:32 EDT [AI SERVER] [AI BATCH START] 1 ticker(s) for article (2035 chars): MACRO
2026-09-12 06:02:32 EDT [AI SERVER] [AI BATCH START] 1 ticker(s) for article (6021 chars): MACRO
2026-09-12 06:02:32 EDT [AI SERVER] [AI BATCH START] 7 ticker(s) for article (12274 chars): BAC,BCS,CVX,GS,JPM,TGT,UBS
2026-09-12 06:02:32 EDT [AI SERVER] [AI BATCH START] 1 ticker(s) for article (3029 chars): MACRO
2026-09-12 06:02:32 EDT [AI SERVER] [AI BATCH START] 2 ticker(s) for article (2152 chars): NVDA,TGT
2026-09-12 06:02:32 EDT [AI SERVER] [AI BATCH START] 1 ticker(s) for article (1421 chars): MACRO
2026-09-12 06:02:32 EDT [AI SERVER] [AI BATCH START] 7 ticker(s) for article (3798 chars): ADBE,CRM,CSCO,INTU,META,NOW,ORCL
2026-09-12 06:02:32 EDT [AI SERVER] [AI BATCH START] 6 ticker(s) for article (9210 chars): AAPL,CRWD,INTC,MSFT,MU,NVDA
2026-09-12 06:02:32 EDT [AI SERVER] [AI BATCH START] 1 ticker(s) for article (6656 chars): MACRO
2026-09-12 06:02:32 EDT [AI SERVER] [AI BATCH START] 1 ticker(s) for article (4359 chars): MACRO
2026-09-12 06:02:32 EDT [AI SERVER] [AI BATCH START] 1 ticker(s) for article (2356 chars): MACRO
2026-09-12 06:02:32 EDT [AI SERVER] [AI BATCH START] 1 ticker(s) for article (5162 chars): BMY
2026-09-12 06:02:32 EDT [AI SERVER] [AI BATCH START] 8 ticker(s) for article (4363 chars): AAPL,AVGO,BA,BCS,CRM,MS,PANW,TGT
2026-09-12 06:02:32 EDT [AI SERVER] [AI BATCH START] 1 ticker(s) for article (3541 chars): MACRO
2026-09-12 06:02:32 EDT [AI SERVER] [AI BATCH START] 1 ticker(s) for article (1370 chars): WMT
2026-09-12 06:02:32 EDT [AI SERVER] [AI BATCH START] 1 ticker(s) for article (3785 chars): MACRO
2026-09-12 06:02:32 EDT [AI SERVER] [AI BATCH START] 2 ticker(s) for article (1902 chars): AMD,GOOGL
2026-09-12 06:02:32 EDT [AI SERVER] [AI BATCH START] 1 ticker(s) for article (3442 chars): MACRO
2026-09-12 06:02:32 EDT [AI SERVER] [AI BATCH START] 1 ticker(s) for article (2268 chars): MACRO
2026-09-12 06:02:32 EDT [AI SERVER] [AI BATCH START] 1 ticker(s) for article (3179 chars): MACRO
2026-09-12 06:02:32 EDT [AI SERVER] [AI BATCH START] 1 ticker(s) for article (2841 chars): MACRO
2026-09-12 06:02:32 EDT [AI SERVER] [AI BATCH START] 1 ticker(s) for article (9842 chars): MACRO
2026-09-12 06:02:32 EDT [AI SERVER] [AI BATCH START] 1 ticker(s) for article (5006 chars): MACRO
2026-09-12 06:02:32 EDT [AI SERVER] [AI BATCH START] 1 ticker(s) for article (1879 chars): MACRO
2026-09-12 06:02:32 EDT [AI SERVER] [AI BATCH START] 1 ticker(s) for article (5859 chars): MACRO
2026-09-12 06:02:32 EDT [AI SERVER] [AI BATCH START] 4 ticker(s) for article (9872 chars): META,NFLX,SHOP,XYZ
2026-09-12 06:02:32 EDT [AI SERVER] [AI BATCH START] 1 ticker(s) for article (3188 chars): META
2026-09-12 06:02:32 EDT [AI SERVER] [AI BATCH START] 1 ticker(s) for article (4198 chars): XYZ
2026-09-12 06:02:32 EDT [AI SERVER] [AI BATCH START] 1 ticker(s) for article (3300 chars): MACRO
2026-09-12 06:02:32 EDT [AI SERVER] [AI BATCH START] 1 ticker(s) for article (3694 chars): META
2026-09-12 06:02:32 EDT [AI SERVER] [AI BATCH START] 1 ticker(s) for article (3784 chars): META
2026-09-12 06:02:32 EDT [AI SERVER] [AI BATCH START] 1 ticker(s) for article (3849 chars): META
2026-09-12 06:02:32 EDT [AI SERVER] [AI BATCH START] 1 ticker(s) for article (4080 chars): META
2026-09-12 06:02:32 EDT [AI SERVER] [AI BATCH START] 1 ticker(s) for article (4047 chars): META
2026-09-12 06:02:32 EDT [AI SERVER] [AI BATCH START] 4 ticker(s) for article (5477 chars): ADBE,COIN,SKY,TGT
2026-09-12 06:02:32 EDT [AI SERVER] [AI BATCH START] 1 ticker(s) for article (4181 chars): META
2026-09-12 06:02:32 EDT [AI SERVER] [AI BATCH START] 1 ticker(s) for article (6850 chars): MACRO
2026-09-12 06:02:32 EDT [AI SERVER] [RESULT] 2026-09-12 10:02:31.291841242 | MACRO -> BULLISH
2026-09-12 06:02:32 EDT [AI SERVER] [AI BATCH START] 1 ticker(s) for article (3441 chars): META
2026-09-12 06:02:32 EDT [AI SERVER] [AI BATCH START] 1 ticker(s) for article (4482 chars): GOOGL
2026-09-12 06:02:32 EDT [BROKER TRADE] [BROKER] getLatestPrice(MACRO) failed (http 404): {"message":"no bar found for MACRO"}
2026-09-12 06:02:32 EDT [CRAWLER] The federal gift tax applies when you transfer money or property to someone else without receiving something of equal value in return. Gift tax rates range from 18% to 40% based on the size of the gift.  
2026-09-12 06:02:32 EDT [CRAWLER] However, not all gifts trigger this federal tax.
2026-09-12 06:02:32 EDT [CRAWLER] [TICKER MATCH] MACRO
2026-09-12 06:02:32 EDT [CRAWLER] [DISPATCH] Sent MACRO -> AI Server
2026-09-12 06:02:32 EDT [CRAWLER] Extracting
2026-09-12 06:02:32 EDT [CRAWLER] [CRAWLER DONE] Processed: https://finance.yahoo.com/news/worry-gift-tax-pay-30-122213443.html | Extracted Links: 0 | Dispatched to AI: YES
2026-09-12 06:02:32 EDT [CRAWLER] [CRAWLER] Visiting: https://www.prnewswire.com/news-releases/wixcom-ltd-notice-of-september-22-2026-application-deadline-for-class-action-lawsuit---contact-lewis-kahn-esq-at-kahn-swick--foti-llc-before-application-deadline-302876754.html
2026-09-12 06:02:32 EDT [CRAWLER] Status line: HTTP/1.1 200 OK
2026-09-12 06:02:32 EDT [CRAWLER] [DEBUG] URL: https://www.prnewswire.com/news-releases/wixcom-ltd-notice-of-september-22-2026-application-deadline-for-class-action-lawsuit---contact-lewis-kahn-esq-at-kahn-swick--foti-llc-before-application-deadline-302876754.html
2026-09-12 06:02:32 EDT [CRAWLER] [DEBUG] Article length: 3441
2026-09-12 06:02:32 EDT [CRAWLER] [DEBUG] First 1000 chars:
2026-09-12 06:02:32 EDT [CRAWLER] NEW ORLEANS, Sept. 11, 2026 /PRNewswire/ -- - Kahn Swick & Foti, LLC ("KSF") and KSF partner, former Attorney General of Louisiana, Charles C. Foti, Jr., notifies investors in Wix.com Ltd. ("Wix" or the "Company") (NasdaqGS: WIX) of a class action securities lawsuit.
2026-09-12 06:02:32 EDT [CRAWLER] CLASS DEFINITION: The lawsuit seeks to recover losses on behalf of investors who purchased or otherwise acquired Wix securities between February 19, 2025 and May 12, 2026, inclusive (the "Class Period"). This action is pending in the United States District Court for the Northern District of Illinois.
2026-09-12 06:02:32 EDT [CRAWLER] Follow the link below to get more information and be contacted by a member of our team:
2026-09-12 06:02:32 EDT [CRAWLER] https://www.ksfcounsel.com/cases/nasdaqgs-wix/ 
2026-09-12 06:02:32 EDT [CRAWLER] Wix investors should contact KSF Managing Partner Lewis Kahn toll-free at 1-833-538-3666 or via email ([email&#160;protected]), or visit https://www.ksfcounsel.com/cases/nasdaqgs-wix/ to learn more.
2026-09-12 06:02:32 EDT [CRAWLER] >>>CLICK HERE for more information
2026-09-12 06:02:32 EDT [CRAWLER] CASE DETAILS: According to the Complaint, Wix and certain of
2026-09-12 06:02:32 EDT [CRAWLER] [TICKER MATCH] META
2026-09-12 06:02:32 EDT [CRAWLER] [DISPATCH] Sent META -> AI Server
2026-09-12 06:02:32 EDT [CRAWLER] Extracting
2026-09-12 06:02:32 EDT [CRAWLER] [CRAWLER DONE] Processed: https://www.prnewswire.com/news-releases/wixcom-ltd-notice-of-september-22-2026-application-deadline-for-class-action-lawsuit---contact-lewis-kahn-esq-at-kahn-swick--foti-llc-before-application-deadline-302876754.html | Extracted Links: 0 | Dispatched to AI: YES
2026-09-12 06:02:32 EDT [CRAWLER] [CRAWLER] Visiting: https://finance.yahoo.com/markets/stocks/articles/prediction-morningstar-morn-stock-worth-083500759.html
2026-09-12 06:02:32 EDT [CRAWLER] Status line: HTTP/1.1 200 OK
2026-09-12 06:02:32 EDT [CRAWLER] [DEBUG] URL: https://finance.yahoo.com/markets/stocks/articles/forward-air-fwrd-record-revenue-060806134.html
2026-09-12 06:02:32 EDT [CRAWLER] [DEBUG] Article length: 4482
2026-09-12 06:02:32 EDT [CRAWLER] [DEBUG] First 1000 chars:
2026-09-12 06:02:32 EDT [CRAWLER] On August 5, Forward Air (NASDAQ:FWRD) reported the highest quarterly operating revenue in company history, and then immediately buried that headline under a $244 million non-cash charge. The freight and logistics company posted $673 million in second quarter revenue, up 8.8% from $619 million a year earlier. But a goodwill impairment tied to its Omni Logistics segment pushed the company to a $201 million operating loss, turning what should have been a clean win into a far more complicated quarter.  
2026-09-12 06:02:32 EDT [CRAWLER] Strip out the impairment and the underlying business looks considerably stronger than the headline loss suggests. Adjusted operating income, which excludes the goodwill charge, came in at $42.7 million, more than double the $19.5 million Forward Air reported in the second quarter of 2025. Consolidated EBITDA climbed to $93 million, a $14 million improvement year over year, and on a trailing twelve-month basis it reached $319 million.  
2026-09-12 06:02:32 EDT [CRAWLER] The gains were not concentrated in one place. The Expe
2026-09-12 06:02:32 EDT [CRAWLER] [TICKER MATCH] GOOGL
2026-09-12 06:02:32 EDT [CRAWLER] [DISPATCH] Sent GOOGL -> AI Server
2026-09-12 06:02:32 EDT [CRAWLER] Extracting
2026-09-12 06:02:32 EDT [CRAWLER] [CRAWLER DONE] Processed: https://finance.yahoo.com/markets/stocks/articles/forward-air-fwrd-record-revenue-060806134.html | Extracted Links: 0 | Dispatched to AI: YES
2026-09-12 06:02:32 EDT [CRAWLER] [CRAWLER] Visiting: https://www.prnewswire.com/news-releases/york-space-systems-inc-notice-of-october-30-2026-application-deadline-for-class-action-lawsuit---contact-lewis-kahn-esq-at-kahn-swick--foti-llc-before-application-deadline-302876747.html
2026-09-12 06:02:33 EDT [CRAWLER] Status line: HTTP/1.1 200 OK
2026-09-12 06:02:33 EDT [CRAWLER] [DEBUG] URL: https://finance.yahoo.com/markets/stocks/articles/solid-power-sldp-widening-losses-060054096.html
2026-09-12 06:02:33 EDT [CRAWLER] [DEBUG] Article length: 4521
2026-09-12 06:02:33 EDT [CRAWLER] [DEBUG] First 1000 chars:
2026-09-12 06:02:33 EDT [CRAWLER] On August 4, Solid Power (NASDAQ:SLDP) reported second quarter and first half 2026 results that showed a net loss of $23.8 million alongside $419.3 million in total liquidity. The solid-state battery developer is burning cash every quarter while sitting on one of the healthier balance sheets among pre-revenue battery makers. That gap between spending and cushion is the tension running through the entire release.  
2026-09-12 06:02:33 EDT [CRAWLER] Solid Power spent the quarter deepening the relationships that are supposed to eventually turn its technology into a business. Under its Joint Evaluation Agreement with Samsung SDI and BMW, the company reported improved electrolyte performance, a technical milestone that feeds directly into whether automakers eventually license the material. Separately, Solid Power said it advanced talks with unnamed industry partners about a joint venture for commercial-scale electrolyte production in South Korea, a step toward manufacturing rather than lab work.  
2026-09-12 06:02:33 EDT [CRAWLER] On the operational side, t
2026-09-12 06:02:33 EDT [CRAWLER] [TICKER MATCH] GOOGL
2026-09-12 06:02:33 EDT [CRAWLER] [DISPATCH] Sent GOOGL -> AI Server
2026-09-12 06:02:33 EDT [CRAWLER] Extracting
2026-09-12 06:02:33 EDT [CRAWLER] [CRAWLER DONE] Processed: https://finance.yahoo.com/markets/stocks/articles/solid-power-sldp-widening-losses-060054096.html | Extracted Links: 0 | Dispatched to AI: YES
2026-09-12 06:02:33 EDT [CRAWLER] [CRAWLER] Visiting: https://finance.yahoo.com/markets/commodities/articles/st-barbara-divest-simberi-gold-082749718.html
2026-09-12 06:02:33 EDT [CRAWLER] Status line: HTTP/1.1 200 OK
2026-09-12 06:02:33 EDT [CRAWLER] [DEBUG] URL: https://www.prnewswire.com/news-releases/york-space-systems-inc-notice-of-october-30-2026-application-deadline-for-class-action-lawsuit---contact-lewis-kahn-esq-at-kahn-swick--foti-llc-before-application-deadline-302876747.html
2026-09-12 06:02:33 EDT [CRAWLER] [DEBUG] Article length: 3863
2026-09-12 06:02:33 EDT [CRAWLER] [DEBUG] First 1000 chars:
2026-09-12 06:02:33 EDT [CRAWLER] NEW ORLEANS, Sept. 11, 2026 /PRNewswire/ -- Kahn Swick & Foti, LLC ("KSF") and KSF partner, former Attorney General of Louisiana, Charles C. Foti, Jr., notifies investors in York Space Systems, Inc. ("York Space Systems" or the "Company") (NYSE: YSS) of a class action securities lawsuit.
2026-09-12 06:02:33 EDT [CRAWLER] CLASS DEFINITION: The lawsuit seeks to recover losses on behalf of investors who purchased or otherwise acquired (a) York Space Systems common stock pursuant and/or traceable to the registration statement and prospectus (collectively, the "Registration Statement") issued in connection with the Company's January 2026 initial public offering ("IPO" or the "Offering"); and/or (b) securities between January 29, 2026 and May 11, 2026, inclusive (the "Class Period"). This action is pending in the United States District Court for the District of Colorado.
2026-09-12 06:02:33 EDT [CRAWLER] Follow the link below to get more information and be contacted by a member of our team:
2026-09-12 06:02:33 EDT [CRAWLER] https://www.ksfcounsel.com/cases/nyse-yss/
2026-09-12 06:02:33 EDT [CRAWLER] York Space Systems invest
2026-09-12 06:02:33 EDT [CRAWLER] [TICKER MATCH] META
2026-09-12 06:02:33 EDT [CRAWLER] [DISPATCH] Sent META -> AI Server
2026-09-12 06:02:33 EDT [CRAWLER] Extracting
2026-09-12 06:02:33 EDT [CRAWLER] [CRAWLER DONE] Processed: https://www.prnewswire.com/news-releases/york-space-systems-inc-notice-of-october-30-2026-application-deadline-for-class-action-lawsuit---contact-lewis-kahn-esq-at-kahn-swick--foti-llc-before-application-deadline-302876747.html | Extracted Links: 0 | Dispatched to AI: YES
2026-09-12 06:02:33 EDT [CRAWLER] [CRAWLER] Visiting: https://www.prnewswire.com/news-releases/equipmentsharecom-inc-notice-of-september-21-2026-application-deadline-for-class-action-lawsuit---contact-lewis-kahn-esq-at-kahn-swick--foti-llc-before-application-deadline-302876740.html
2026-09-12 06:02:33 EDT [CRAWLER] Status line: HTTP/1.1 200 OK
2026-09-12 06:02:33 EDT [CRAWLER] [DEBUG] URL: https://www.prnewswire.com/news-releases/equipmentsharecom-inc-notice-of-september-21-2026-application-deadline-for-class-action-lawsuit---contact-lewis-kahn-esq-at-kahn-swick--foti-llc-before-application-deadline-302876740.html
2026-09-12 06:02:33 EDT [CRAWLER] [DEBUG] Article length: 3901
2026-09-12 06:02:33 EDT [CRAWLER] [DEBUG] First 1000 chars:
2026-09-12 06:02:35 EDT [CRAWLER] NEW ORLEANS, Sept. 11, 2026 /PRNewswire/ -- Kahn Swick & Foti, LLC ("KSF") and KSF partner, former Attorney General of Louisiana, Charles C. Foti, Jr., notifies investors in EquipmentShare.com Inc. ("EquipmentShare" or the "Company") (NasdaqGS: EQPT) of a class action securities lawsuit.
2026-09-12 06:02:35 EDT [CRAWLER] CLASS DEFINITION: The lawsuit seeks to recover losses on behalf of investors who purchased or otherwise acquired EquipmentShare.com, Inc.: (a) Class A common stock pursuant and/or traceable to the registration statement and prospectus (collectively, the "Registration Statement") issued in connection with the Company's January, 2026, initial public offering ("IPO" or the "Offering"), and/or (b) EquipmentShare securities between January 23, 2026 and June 23, 2026, inclusive (the "Class Period"). This action is pending in the United States District Court for the Southern District of New York.
2026-09-12 06:02:35 EDT [CRAWLER] Follow the link below to get more information and be contacted by a member of our team:
2026-09-12 06:02:35 EDT [CRAWLER] https://www.ksfcounsel.com
2026-09-12 06:02:35 EDT [CRAWLER] [TICKER MATCH] META
2026-09-12 06:02:35 EDT [CRAWLER] [DISPATCH] Sent META -> AI Server
2026-09-12 06:02:35 EDT [CRAWLER] Extracting
2026-09-12 06:02:35 EDT [CRAWLER] [CRAWLER DONE] Processed: https://www.prnewswire.com/news-releases/equipmentsharecom-inc-notice-of-september-21-2026-application-deadline-for-class-action-lawsuit---contact-lewis-kahn-esq-at-kahn-swick--foti-llc-before-application-deadline-302876740.html | Extracted Links: 0 | Dispatched to AI: YES
2026-09-12 06:02:35 EDT [CRAWLER] Status line: HTTP/1.1 200 OK
2026-09-12 06:02:35 EDT [CRAWLER] [DEBUG] URL: https://finance.yahoo.com/markets/stocks/articles/prediction-morningstar-morn-stock-worth-083500759.html
2026-09-12 06:02:35 EDT [CRAWLER] [DEBUG] Article length: 4613
2026-09-12 06:02:35 EDT [CRAWLER] [DEBUG] First 1000 chars:
2026-09-12 06:02:35 EDT [CRAWLER] Morningstar (NASDAQ: MORN) is a stock that hasn't been on my radar very much, but perhaps it should be -- because it seems undervalued, and it's growing. It recently sported a market value of $7.5 billion, and I think it could be worth $13.2 billion within five years. Permit me to show you why, via a little math.  
2026-09-12 06:02:35 EDT [CRAWLER] Like The Motley Fool, Morningstar offers data, information, and insights on gobs of companies and funds -- for individual investors as well as financial professionals. It also boasts about $375 billion in clients' assets under management, as of midyear.  
2026-09-12 06:02:35 EDT [CRAWLER] Missed Nvidia in 2009? This Rare Signal Is Flashing Again. In 2009, a "Double Down" signal flashed for a little-known chipmaker called Nvidia. For the first time in years, that same "Total Conviction" signal is flashing for a company 1/100th the size of Nvidia. Continue »  
2026-09-12 06:02:35 EDT [CRAWLER] There's plenty to like about Morningstar -- such as its ongoing growth. Its net income in 2020 was $223.6 million, and that has risen to $421.6 million
2026-09-12 06:02:35 EDT [CRAWLER] [TICKER MATCH] NFLX,NVDA
2026-09-12 06:02:35 EDT [CRAWLER] [DISPATCH] Sent NFLX,NVDA -> AI Server
2026-09-12 06:02:35 EDT [CRAWLER] Extracting
2026-09-12 06:02:35 EDT [CRAWLER] [CRAWLER DONE] Processed: https://finance.yahoo.com/markets/stocks/articles/prediction-morningstar-morn-stock-worth-083500759.html | Extracted Links: 0 | Dispatched to AI: YES
2026-09-12 06:02:35 EDT [CRAWLER] Status line: HTTP/1.1 200 OK
2026-09-12 06:02:35 EDT [CRAWLER] [DEBUG] URL: https://finance.yahoo.com/markets/commodities/articles/st-barbara-divest-simberi-gold-082749718.html
2026-09-12 06:02:35 EDT [CRAWLER] [DEBUG] Article length: 2749
2026-09-12 06:02:35 EDT [CRAWLER] [DEBUG] First 1000 chars:
2026-09-12 06:02:35 EDT [CRAWLER] St Barbara has entered into a binding agreement to divest its remaining stake in the New Simberi Gold Project to Lingbao Gold Group for A$410m in cash.  
2026-09-12 06:02:35 EDT [CRAWLER] In addition to the cash consideration, St Barbara will receive a further A$43m cash repayment for its share of construction capital for New Simberi between April 2026 and the agreement signing.  
2026-09-12 06:02:35 EDT [CRAWLER] Lingbao will also cover St Barbara's share of capital requirements for New Simberi from the signing of the agreement until completion.  
2026-09-12 06:02:35 EDT [CRAWLER] If the deal does not complete due to certain conditions not being satisfied by Lingbao, this funding becomes a loan repayable by St Barbara.  
2026-09-12 06:02:35 EDT [CRAWLER] Upon completion, St Barbara will retain a 2.75% net smelter return (NSR) royalty on future gold and silver production from New Simberi, as well as a 1.5% royalty on any future minerals output from the Tabar Islands Group exploration licences.  
2026-09-12 06:02:35 EDT [CRAWLER] Both royalty payments are due to begin from 1 July 2027, with Lingbao providing a parent company guarantee.  
2026-09-12 06:02:35 EDT [CRAWLER] The deal is sch
2026-09-12 06:02:35 EDT [CRAWLER] [TICKER MATCH] MACRO
2026-09-12 06:02:35 EDT [CRAWLER] [DISPATCH] Sent MACRO -> AI Server
2026-09-12 06:02:35 EDT [CRAWLER] Extracting
2026-09-12 06:02:35 EDT [CRAWLER] [STATE] Saved 193 URLs to history.txt (save #1)
2026-09-12 06:02:35 EDT [CRAWLER] [CRAWLER DONE] Processed: https://finance.yahoo.com/markets/commodities/articles/st-barbara-divest-simberi-gold-082749718.html | Extracted Links: 0 | Dispatched to AI: YES
2026-09-12 06:02:35 EDT [CRAWLER] [CRAWLER MILESTONE] Queue fully drained. All 8 workers idle. Visited URLs saved to history.txt (193 URLs).
2026-09-12 06:02:35 EDT [CRAWLER] [STATE] Saved 193 URLs to history.txt (save #2)
2026-09-12 06:02:35 EDT [CRAWLER] [SYSTEM] Crawler stopped. 193 URLs persisted to history.txt
2026-09-12 06:02:35 EDT [CRAWLER] [SYSTEM] Exited cleanly.
2026-09-12 06:02:35 EDT [ORCHESTRATOR] crawler exited with code 0
2026-09-12 06:02:35 EDT [ORCHESTRATOR] Sending SIGTERM to AI server (pid=1588704)
2026-09-12 06:02:35 EDT [ORCHESTRATOR] AI server exited with code -15
2026-09-12 06:02:37 EDT [ORCHESTRATOR] ================= SESSION SUMMARY =================
2026-09-12 06:02:37 EDT [ORCHESTRATOR] Articles scraped : 46
2026-09-12 06:02:37 EDT [ORCHESTRATOR] AI batches       : 41
2026-09-12 06:02:37 EDT [ORCHESTRATOR] Signals generated: 1
2026-09-12 06:02:37 EDT [ORCHESTRATOR] Trades placed    : 0
2026-09-12 06:02:37 EDT [ORCHESTRATOR] Trading mode     : ALPACA PAPER
2026-09-12 06:02:37 EDT [ORCHESTRATOR] Final equity     : $100,000.00
2026-09-12 06:02:37 EDT [ORCHESTRATOR] history.txt      : 21,665 bytes
2026-09-12 06:02:37 EDT [ORCHESTRATOR] =====================================================
2026-09-12 06:02:37 EDT [ORCHESTRATOR] Session complete (exit=0)
2026-09-12 07:40:54 EDT [ORCHESTRATOR] =====================================================
2026-09-12 07:40:54 EDT [ORCHESTRATOR] ANA overnight runner starting
2026-09-12 07:40:54 EDT [ORCHESTRATOR] Repository root: /home/harr-harr/Projects/ana_1
2026-09-12 07:40:54 EDT [ORCHESTRATOR] Log file: /home/harr-harr/Projects/ana_1/logs/session_2026-09-12.log
2026-09-12 07:40:54 EDT [ORCHESTRATOR] Mode: ALPACA PAPER
2026-09-12 07:40:54 EDT [ORCHESTRATOR] FATAL: Missing required environment variable(s): APCA_API_KEY_ID, APCA_API_SECRET_KEY. Export your Alpaca PAPER credentials before starting.
2026-09-12 07:40:54 EDT [ORCHESTRATOR] Beginning graceful session shutdown
2026-09-12 07:40:54 EDT [ORCHESTRATOR] Could not read final Alpaca equity: Alpaca credentials are not available
2026-09-12 07:40:54 EDT [ORCHESTRATOR] ================= SESSION SUMMARY =================
2026-09-12 07:40:54 EDT [ORCHESTRATOR] Articles scraped : 0
2026-09-12 07:40:54 EDT [ORCHESTRATOR] AI batches       : 0
2026-09-12 07:40:54 EDT [ORCHESTRATOR] Signals generated: 0
2026-09-12 07:40:54 EDT [ORCHESTRATOR] Trades placed    : 0
2026-09-12 07:40:54 EDT [ORCHESTRATOR] Trading mode     : ALPACA PAPER
2026-09-12 07:40:54 EDT [ORCHESTRATOR] Final equity     : unavailable
2026-09-12 07:40:54 EDT [ORCHESTRATOR] history.txt      : 21,665 bytes
2026-09-12 07:40:54 EDT [ORCHESTRATOR] =====================================================
2026-09-12 07:40:54 EDT [ORCHESTRATOR] Session complete (exit=1)
2026-09-12 07:47:20 EDT [ORCHESTRATOR] =====================================================
2026-09-12 07:47:20 EDT [ORCHESTRATOR] ANA overnight runner starting
2026-09-12 07:47:20 EDT [ORCHESTRATOR] Repository root: /home/harr-harr/Projects/ana_1
2026-09-12 07:47:20 EDT [ORCHESTRATOR] Log file: /home/harr-harr/Projects/ana_1/logs/session_2026-09-12.log
2026-09-12 07:47:20 EDT [ORCHESTRATOR] Mode: ALPACA PAPER
2026-09-12 07:47:21 EDT [ORCHESTRATOR] FATAL: Ollama is not listening on 127.0.0.1:11434 and the 'ollama' executable was not found in PATH.
2026-09-12 07:47:21 EDT [ORCHESTRATOR] Beginning graceful session shutdown
2026-09-12 07:47:22 EDT [ORCHESTRATOR] ================= SESSION SUMMARY =================
2026-09-12 07:47:22 EDT [ORCHESTRATOR] Articles scraped : 0
2026-09-12 07:47:22 EDT [ORCHESTRATOR] AI batches       : 0
2026-09-12 07:47:22 EDT [ORCHESTRATOR] Signals generated: 0
2026-09-12 07:47:22 EDT [ORCHESTRATOR] Trades placed    : 0
2026-09-12 07:47:22 EDT [ORCHESTRATOR] Trading mode     : ALPACA PAPER
2026-09-12 07:47:22 EDT [ORCHESTRATOR] Final equity     : $100,000.00
2026-09-12 07:47:22 EDT [ORCHESTRATOR] history.txt      : 21,665 bytes
2026-09-12 07:47:22 EDT [ORCHESTRATOR] =====================================================
2026-09-12 07:47:22 EDT [ORCHESTRATOR] Session complete (exit=1)
2026-09-12 08:01:00 EDT [ORCHESTRATOR] =====================================================
2026-09-12 08:01:00 EDT [ORCHESTRATOR] ANA overnight runner starting
2026-09-12 08:01:00 EDT [ORCHESTRATOR] Repository root: /home/harr-harr/Projects/ana_1
2026-09-12 08:01:00 EDT [ORCHESTRATOR] Log file: /home/harr-harr/Projects/ana_1/logs/session_2026-09-12.log
2026-09-12 08:01:00 EDT [ORCHESTRATOR] Mode: ALPACA PAPER
2026-09-12 08:01:00 EDT [ORCHESTRATOR] Ollama is already listening on 127.0.0.1:11434
2026-09-12 08:01:00 EDT [ORCHESTRATOR] FATAL: Ollama is running, but model 'llama3.1' is not installed. Installed models: llama3, llama3:latest
2026-09-12 08:01:00 EDT [ORCHESTRATOR] Beginning graceful session shutdown
2026-09-12 08:01:01 EDT [ORCHESTRATOR] ================= SESSION SUMMARY =================
2026-09-12 08:01:01 EDT [ORCHESTRATOR] Articles scraped : 0
2026-09-12 08:01:01 EDT [ORCHESTRATOR] AI batches       : 0
2026-09-12 08:01:01 EDT [ORCHESTRATOR] Signals generated: 0
2026-09-12 08:01:01 EDT [ORCHESTRATOR] Trades placed    : 0
2026-09-12 08:01:01 EDT [ORCHESTRATOR] Trading mode     : ALPACA PAPER
2026-09-12 08:01:01 EDT [ORCHESTRATOR] Final equity     : $100,000.00
2026-09-12 08:01:01 EDT [ORCHESTRATOR] history.txt      : 21,665 bytes
2026-09-12 08:01:01 EDT [ORCHESTRATOR] =====================================================
2026-09-12 08:01:01 EDT [ORCHESTRATOR] Session complete (exit=1)
2026-09-12 08:17:33 EDT [ORCHESTRATOR] =====================================================
2026-09-12 08:17:33 EDT [ORCHESTRATOR] ANA overnight runner starting
2026-09-12 08:17:33 EDT [ORCHESTRATOR] Repository root: /home/harr-harr/Projects/ana_1
2026-09-12 08:17:33 EDT [ORCHESTRATOR] Log file: /home/harr-harr/Projects/ana_1/logs/session_2026-09-12.log
2026-09-12 08:17:33 EDT [ORCHESTRATOR] Mode: ALPACA PAPER
2026-09-12 08:17:33 EDT [ORCHESTRATOR] Ollama is already listening on 127.0.0.1:11434
2026-09-12 08:17:33 EDT [ORCHESTRATOR] Ollama model 'llama3.1' is installed
2026-09-12 08:17:33 EDT [ORCHESTRATOR] C++ binaries ready: AI=build/aiserv, CRAWLER=build/main_client
2026-09-12 08:17:34 EDT [ORCHESTRATOR] Alpaca clock: is_open=False, next_open=9:30 AM EDT, next_close=4:00 PM EDT
2026-09-12 08:17:44 EDT [ORCHESTRATOR] Beginning graceful session shutdown
2026-09-12 08:17:45 EDT [ORCHESTRATOR] ================= SESSION SUMMARY =================
2026-09-12 08:17:45 EDT [ORCHESTRATOR] Articles scraped : 0
2026-09-12 08:17:45 EDT [ORCHESTRATOR] AI batches       : 0
2026-09-12 08:17:45 EDT [ORCHESTRATOR] Signals generated: 0
2026-09-12 08:17:45 EDT [ORCHESTRATOR] Trades placed    : 0
2026-09-12 08:17:45 EDT [ORCHESTRATOR] Trading mode     : ALPACA PAPER
2026-09-12 08:17:45 EDT [ORCHESTRATOR] Final equity     : $100,000.00
2026-09-12 08:17:45 EDT [ORCHESTRATOR] history.txt      : 21,665 bytes
2026-09-12 08:17:45 EDT [ORCHESTRATOR] =====================================================
2026-09-12 08:17:54 EDT [ORCHESTRATOR] =====================================================
2026-09-12 08:17:54 EDT [ORCHESTRATOR] ANA overnight runner starting
2026-09-12 08:17:54 EDT [ORCHESTRATOR] Repository root: /home/harr-harr/Projects/ana_1
2026-09-12 08:17:54 EDT [ORCHESTRATOR] Log file: /home/harr-harr/Projects/ana_1/logs/session_2026-09-12.log
2026-09-12 08:17:54 EDT [ORCHESTRATOR] Mode: ALPACA PAPER [CRYPTO 24/7]
2026-09-12 08:17:54 EDT [ORCHESTRATOR] Ollama is already listening on 127.0.0.1:11434
2026-09-12 08:17:54 EDT [ORCHESTRATOR] Ollama model 'llama3.1' is installed
2026-09-12 08:17:54 EDT [ORCHESTRATOR] C++ binaries ready: AI=build/aiserv, CRAWLER=build/main_client
2026-09-12 08:17:54 EDT [ORCHESTRATOR] --crypto supplied: bypassing US market clock and running 24/7
2026-09-12 08:17:54 EDT [ORCHESTRATOR] NOTE: crypto orders carry no broker-side bracket; stops are software-managed via stop_limit
2026-09-12 08:17:54 EDT [ORCHESTRATOR] Phase AI mode: ACTIVE BROKER ROUTING
2026-09-12 08:17:54 EDT [ORCHESTRATOR] Starting: /home/harr-harr/Projects/ana_1/build/aiserv
2026-09-12 08:17:54 EDT [ORCHESTRATOR] AI server is listening on 127.0.0.1:58888
2026-09-12 08:17:54 EDT [ORCHESTRATOR] Starting: /home/harr-harr/Projects/ana_1/build/main_client
2026-09-12 08:17:54 EDT [ORCHESTRATOR] Crawler started (pid=31754)
2026-09-12 08:17:56 EDT [CRAWLER] [STATE] Loaded 193 URLs from history.txt
2026-09-12 08:17:56 EDT [CRAWLER] Starting Trading Crawler Engine...
2026-09-12 08:17:56 EDT [CRAWLER] [SYSTEM] Press Ctrl-C for a clean shutdown (history will be flushed).
2026-09-12 08:17:56 EDT [CRAWLER] [SYSTEM] Trading Crawler Engine Started with 8 workers.
2026-09-12 08:17:56 EDT [CRAWLER] [CRAWLER] Visiting: https://finance.yahoo.com/news/rss
2026-09-12 08:17:56 EDT [CRAWLER] [CRAWLER] Visiting: https://www.prnewswire.com/rss/news-releases-list.rss
2026-09-12 08:17:56 EDT [CRAWLER] [CRAWLER] Visiting: https://www.cnbc.com/id/100003114/device/rss/rss.html
2026-09-12 08:17:56 EDT [CRAWLER] Status line: HTTP/1.1 200 OK
2026-09-12 08:17:56 EDT [CRAWLER] [CRAWLER DONE] Processed: https://www.prnewswire.com/rss/news-releases-list.rss | Extracted Links: 20 | Dispatched to AI: NO
2026-09-12 08:17:56 EDT [CRAWLER] Status line: HTTP/1.1 200 OK
2026-09-12 08:17:56 EDT [CRAWLER] [CRAWLER DONE] Processed: https://www.cnbc.com/id/100003114/device/rss/rss.html | Extracted Links: 30 | Dispatched to AI: NO
2026-09-12 08:17:56 EDT [CRAWLER] [CRAWLER] Visiting: https://www.prnewswire.com/news-releases/quantinuum-participera-a-la-5e-edition-de-la-conference--growth-frontiers--organisee-par-piper-sandler-302876849.html
2026-09-12 08:17:56 EDT [CRAWLER] Status line: HTTP/1.1 200 OK
2026-09-12 08:17:56 EDT [CRAWLER] [CRAWLER DONE] Processed: https://finance.yahoo.com/news/rss | Extracted Links: 16 | Dispatched to AI: NO
2026-09-12 08:17:56 EDT [CRAWLER] Status line: HTTP/1.1 200 OK
2026-09-12 08:17:56 EDT [CRAWLER] [DEBUG] URL: https://www.prnewswire.com/news-releases/quantinuum-participera-a-la-5e-edition-de-la-conference--growth-frontiers--organisee-par-piper-sandler-302876849.html
2026-09-12 08:17:56 EDT [CRAWLER] [DEBUG] Article length: 2425
2026-09-12 08:17:56 EDT [CRAWLER] [DEBUG] First 1000 chars:
2026-09-12 08:17:56 EDT [CRAWLER] BROOMFIELD, Colorado, 12 septembre 2026 /PRNewswire/ -- Quantinuum Inc. (Nasdaq : QNT) (ci-après dénommée « la Société »), une entreprise de premier plan dans le domaine de l'informatique quantique, a annoncé aujourd'hui que des membres de son équipe de direction participeront à la 5e édition de la conférence annuelle « Growth Frontiers » organisée par Piper Sandler, qui se tiendra du 14 au 16 septembre 2026 à Nashville, dans le Tennessee.
2026-09-12 08:17:56 EDT [CRAWLER] Quantinuum participera à une discussion informelle et organisera des entretiens individuels avec des investisseurs pendant la conférence.
2026-09-12 08:17:56 EDT [CRAWLER] À propos de Quantinuum
2026-09-12 08:17:56 EDT [CRAWLER] Quantinuum est une société d'informatique quantique de premier plan qui propose une plateforme complète conçue pour permettre le déploiement de l'informatique quantique dans des environnements réels. L'entreprise a commercialisé plusieurs générations de systèmes quantiques à ions piégés, basés sur l'architecture QCCD bien établie, qu'elle a mis en œuvre avec
2026-09-12 08:17:56 EDT [CRAWLER] [CASHTAGS] Loaded 249 company names from data/companies.csv
2026-09-12 08:17:56 EDT [CRAWLER] [TICKER MATCH] MACRO
2026-09-12 08:17:56 EDT [CRAWLER] [DISPATCH] Sent MACRO -> AI Server
2026-09-12 08:17:56 EDT [CRAWLER] Extracting
2026-09-12 08:17:56 EDT [CRAWLER] [CRAWLER DONE] Processed: https://www.prnewswire.com/news-releases/quantinuum-participera-a-la-5e-edition-de-la-conference--growth-frontiers--organisee-par-piper-sandler-302876849.html | Extracted Links: 0 | Dispatched to AI: YES
2026-09-12 08:17:56 EDT [CRAWLER] [CRAWLER] Visiting: https://www.prnewswire.com/news-releases/oneodio-conclut-une-participation-positive-au-salon-ifa-2026-de-berlin-302872022.html
2026-09-12 08:17:56 EDT [CRAWLER] Status line: HTTP/1.1 200 OK
2026-09-12 08:17:56 EDT [CRAWLER] [DEBUG] URL: https://www.prnewswire.com/news-releases/oneodio-conclut-une-participation-positive-au-salon-ifa-2026-de-berlin-302872022.html
2026-09-12 08:17:56 EDT [CRAWLER] [DEBUG] Article length: 4889
2026-09-12 08:17:56 EDT [CRAWLER] [DEBUG] First 1000 chars:
2026-09-12 08:17:56 EDT [CRAWLER] BERLIN,/PRNewswire/ -- OneOdio a conclu sa participation au salon IFA 2026  qui s'est déroulé du 4 au 8 septembre à Berlin. Dans le stand 217, hall 8.2, la marque d'audio professionnel a accueilli des visiteurs, des DJ, des créateurs et des professionnels du secteur pour des essais pratiques de ses produits, des performances de DJ en direct et des activités interactives.
2026-09-12 08:17:56 EDT [CRAWLER] Les présentations de cette année ont mis en avant l'engagement de OneOdio en faveur de l'audio professionnel et d'expériences d'écoute polyvalentes, avec en vedette, le Studio Max 2 et l'A70 Gen 2.
2026-09-12 08:17:56 EDT [CRAWLER]               
2026-09-12 08:17:56 EDT [CRAWLER]             
2026-09-12 08:17:56 EDT [CRAWLER] L'audio professionnel occupe le devant de la scène
2026-09-12 08:17:56 EDT [CRAWLER] Conçu pour les DJ, les créateurs et les professionnels de l'audio, le Studio Max 2 a souligné la toute dernière approche de OneOdio en matière d'audio sans fil professionnel. Équipé de la technologie Rapid Wireless+ de troisième génération, il offre une latence ultra-faible de 9 ms et une autonomie de batterie pouvant atteindr
2026-09-12 08:17:56 EDT [CRAWLER] [TICKER MATCH] META
2026-09-12 08:17:56 EDT [CRAWLER] [DISPATCH] Sent META -> AI Server
2026-09-12 08:17:56 EDT [CRAWLER] Extracting
2026-09-12 08:17:59 EDT [CRAWLER] [CRAWLER DONE] Processed: https://www.prnewswire.com/news-releases/oneodio-conclut-une-participation-positive-au-salon-ifa-2026-de-berlin-302872022.html | Extracted Links: 0 | Dispatched to AI: YES
2026-09-12 08:17:59 EDT [CRAWLER] [CRAWLER] Visiting: https://www.prnewswire.com/news-releases/oneodio-conclude-con-successo-la-sua-presentazione-allifa-2026-di-berlino-302873111.html
2026-09-12 08:17:59 EDT [CRAWLER] Status line: HTTP/1.1 200 OK
2026-09-12 08:17:59 EDT [CRAWLER] [DEBUG] URL: https://www.prnewswire.com/news-releases/oneodio-conclude-con-successo-la-sua-presentazione-allifa-2026-di-berlino-302873111.html
2026-09-12 08:17:59 EDT [CRAWLER] [DEBUG] Article length: 4447
2026-09-12 08:17:59 EDT [CRAWLER] [DEBUG] First 1000 chars:
2026-09-12 08:17:59 EDT [CRAWLER] BERLINO, 12 settembre 2026 /PRNewswire/ -- OneOdio ha concluso la sua presentazione all'IFA 2026, svoltasi dal 4 all'8 settembre a Berlino. Presso lo Stand 217, Padiglione 8.2, il marchio di audio professionale ha accolto visitatori, DJ, creatori e professionisti del settore per offrire esperienze pratiche con i prodotti, esibizioni di DJ dal vivo e attività interattive.
2026-09-12 08:17:59 EDT [CRAWLER] La presentazione di quest'anno ha messo in evidenza l'attenzione di OneOdio per l'audio professionale e le esperienze di ascolto versatili, con Studio Max 2 e A70 Gen 2 in primo piano.
2026-09-12 08:17:59 EDT [CRAWLER]               
2026-09-12 08:17:59 EDT [CRAWLER]             
2026-09-12 08:17:59 EDT [CRAWLER] L'audio professionale al centro della scena
2026-09-12 08:17:59 EDT [CRAWLER] Progettato per DJ, creatori di contenuti e professionisti dell'audio, Studio Max 2 ha presentato l'ultimo approccio di OneOdio all'audio wireless professionale. Grazie alla tecnologia Rapid Wireless+ di terza generazione, offre una latenza ultra-bassa di 9 ms e fino a 120 ore di autonomia, combinando la precisione necessaria per le performance professionali e la pr
2026-09-12 08:17:59 EDT [CRAWLER] [TICKER MATCH] META
2026-09-12 08:17:59 EDT [CRAWLER] [DISPATCH] Sent META -> AI Server
2026-09-12 08:17:59 EDT [CRAWLER] Extracting
2026-09-12 08:17:59 EDT [CRAWLER] [CRAWLER DONE] Processed: https://www.prnewswire.com/news-releases/oneodio-conclude-con-successo-la-sua-presentazione-allifa-2026-di-berlino-302873111.html | Extracted Links: 0 | Dispatched to AI: YES
2026-09-12 08:17:59 EDT [CRAWLER] [CRAWLER] Visiting: https://www.prnewswire.com/news-releases/oneodio-concludes-a-successful-ifa-2026-showcase-in-berlin-302871839.html
2026-09-12 08:17:59 EDT [CRAWLER] Status line: HTTP/1.1 200 OK
2026-09-12 08:17:59 EDT [CRAWLER] [DEBUG] URL: https://www.prnewswire.com/news-releases/oneodio-concludes-a-successful-ifa-2026-showcase-in-berlin-302871839.html
2026-09-12 08:17:59 EDT [CRAWLER] [DEBUG] Article length: 3952
2026-09-12 08:17:59 EDT [CRAWLER] [DEBUG] First 1000 chars:
2026-09-12 08:17:59 EDT [CRAWLER] BERLIN, Sept. 12, 2026 /PRNewswire/ -- OneOdio concluded its showcase at IFA 2026, held from September 4–8 in Berlin. At Hall 8.2, Booth 217, the professional audio brand welcomed visitors, DJs, creators, and industry professionals for hands-on product experiences, live DJ performances, and interactive activities.
2026-09-12 08:17:59 EDT [CRAWLER] This year's showcase highlighted OneOdio's focus on professional audio and versatile listening experiences, with Studio Max 2 and A70 Gen 2 taking center stage.
2026-09-12 08:17:59 EDT [CRAWLER]               
2026-09-12 08:17:59 EDT [CRAWLER]             
2026-09-12 08:17:59 EDT [CRAWLER] Professional Audio Takes Center Stage
2026-09-12 08:17:59 EDT [CRAWLER] Designed for DJs, creators, and audio professionals, Studio Max 2 showcased OneOdio's latest approach to professional wireless audio. Powered by third-generation Rapid Wireless+ technology, it delivers 9ms ultra-low latency and up to 120 hours of battery life, combining the precision needed for professional performance and music production with greater wireless freedom.
2026-09-12 08:17:59 EDT [CRAWLER] Alongside it, A70 Gen 2 introduced the latest evolution of OneOdio's million-unit
2026-09-12 08:17:59 EDT [CRAWLER] [TICKER MATCH] META
2026-09-12 08:17:59 EDT [CRAWLER] [DISPATCH] Sent META -> AI Server
2026-09-12 08:17:59 EDT [CRAWLER] Extracting
2026-09-12 08:17:59 EDT [CRAWLER] [CRAWLER DONE] Processed: https://www.prnewswire.com/news-releases/oneodio-concludes-a-successful-ifa-2026-showcase-in-berlin-302871839.html | Extracted Links: 0 | Dispatched to AI: YES
2026-09-12 08:17:59 EDT [CRAWLER] [CRAWLER] Visiting: https://finance.yahoo.com/news/morning-bid-hike-104500949.html
2026-09-12 08:17:59 EDT [CRAWLER] [CRAWLER] Visiting: https://www.prnewswire.com/news-releases/oneodio-schlieWt-seine-erfolgreiche-prasentation-auf-der-ifa-2026-in-berlin-ab-302873095.html
2026-09-12 08:17:59 EDT [CRAWLER] Status line: HTTP/1.1 200 OK
2026-09-12 08:17:59 EDT [CRAWLER] [DEBUG] URL: https://www.prnewswire.com/news-releases/oneodio-schlieWt-seine-erfolgreiche-prasentation-auf-der-ifa-2026-in-berlin-ab-302873095.html
2026-09-12 08:17:59 EDT [CRAWLER] [DEBUG] Article length: 4565
2026-09-12 08:17:59 EDT [CRAWLER] [DEBUG] First 1000 chars:
2026-09-12 08:18:00 EDT [CRAWLER] BERLIN, 12. September 2026 /PRNewswire/ -- OneOdio hat seinen Auftritt auf der IFA 2026, die vom 4. bis 8. September in Berlin stattfand, abgeschlossen. In Halle 8.2, Stand 217, empfing die Marke für professionelle Audiotechnik Besucher, DJs, Kreative und Fachleute aus der Branche zu praktischen Produkterlebnissen, Live-DJ-Auftritten und interaktiven Aktivitäten.
2026-09-12 08:18:00 EDT [CRAWLER] Die diesjährige Präsentation unterstrich den Fokus von OneOdio auf professionelles Audio und vielseitige Hörerlebnisse, wobei Studio Max 2 sowie A70 Gen 2 im Mittelpunkt standen.
2026-09-12 08:18:00 EDT [CRAWLER]               
2026-09-12 08:18:00 EDT [CRAWLER]             
2026-09-12 08:18:00 EDT [CRAWLER] Professionelle Audiotechnik im Mittelpunkt
2026-09-12 08:18:00 EDT [CRAWLER] Studio Max 2 wurde speziell für DJs, Kreative und Audio-Profis entwickelt und präsentierte OneOdio's neuesten Ansatz für professionelles drahtloses Audio. Dank der Rapid Wireless+"-Technologie der dritten Generation bietet es eine extrem niedrige Latenz von 9 ms sowie eine Akkulaufzeit von bis zu 120 Stunden und verbindet so die für professionelle Auftritte und Musikprodu
2026-09-12 08:18:00 EDT [CRAWLER] [TICKER MATCH] META
2026-09-12 08:18:00 EDT [CRAWLER] [DISPATCH] Sent META -> AI Server
2026-09-12 08:18:00 EDT [CRAWLER] Extracting
2026-09-12 08:18:00 EDT [CRAWLER] [CRAWLER DONE] Processed: https://www.prnewswire.com/news-releases/oneodio-schlieWt-seine-erfolgreiche-prasentation-auf-der-ifa-2026-in-berlin-ab-302873095.html | Extracted Links: 0 | Dispatched to AI: YES
2026-09-12 08:18:00 EDT [CRAWLER] [CRAWLER] Visiting: https://finance.yahoo.com/markets/stocks/articles/verisk-analytics-stock-vrsk-underperforming-102938166.html
2026-09-12 08:18:00 EDT [CRAWLER] Status line: HTTP/1.1 200 OK
2026-09-12 08:18:00 EDT [CRAWLER] [DEBUG] URL: https://finance.yahoo.com/news/morning-bid-hike-104500949.html
2026-09-12 08:18:00 EDT [CRAWLER] [DEBUG] Article length: 8564
2026-09-12 08:18:00 EDT [CRAWLER] [DEBUG] First 1000 chars:
2026-09-12 08:18:00 EDT [CRAWLER] By Anna Szymanski  
2026-09-12 08:18:00 EDT [CRAWLER] Sept 11 (Reuters) - As summer fades, so have hopes for a quick resolution to the U.S.-Iran conflict, as tit-for-tat strikes, new threats in the Red Sea, and President Donald Trump's comments about the war lasting through November have all helped push crude prices back above $100 a barrel for the first time since July.  
2026-09-12 08:18:00 EDT [CRAWLER] This has contributed to a new surge in global borrowing costs, with the U.S. benchmark 10-year yield now nearing 5%, as markets anxiously await today's U.S. CPI inflation report and next week's Federal Reserve meeting, where uncertainty about ‌the policy outcome is the highest in years.  
2026-09-12 08:18:00 EDT [CRAWLER] School is definitely back in session.  
2026-09-12 08:18:00 EDT [CRAWLER] When the summer began, Tehran and Washington had agreed on a memorandum of understanding, the Strait of Hormuz was set to reopen, and oil prices were falling rapidly.  
2026-09-12 08:18:00 EDT [CRAWLER] Fast forward to the second week of September, and that ‌optimism is gone. The U.S. reported destroying five Iranian oil tankers on Tuesday, and Iran's Revo
2026-09-12 08:18:00 EDT [CRAWLER] [TICKER MATCH] MACRO
2026-09-12 08:18:00 EDT [CRAWLER] [DISPATCH] Sent MACRO -> AI Server
2026-09-12 08:18:00 EDT [CRAWLER] Extracting
2026-09-12 08:18:00 EDT [CRAWLER] [CRAWLER DONE] Processed: https://finance.yahoo.com/news/morning-bid-hike-104500949.html | Extracted Links: 0 | Dispatched to AI: YES
2026-09-12 08:18:00 EDT [CRAWLER] [CRAWLER] Visiting: https://www.prnewswire.com/news-releases/oneodio-concluye-con-exito-su-participacion-en-la-ifa-2026-en-berlin-302872435.html
2026-09-12 08:18:00 EDT [CRAWLER] Status line: HTTP/1.1 200 OK
2026-09-12 08:18:00 EDT [CRAWLER] [DEBUG] URL: https://www.prnewswire.com/news-releases/oneodio-concluye-con-exito-su-participacion-en-la-ifa-2026-en-berlin-302872435.html
2026-09-12 08:18:00 EDT [CRAWLER] [DEBUG] Article length: 4837
2026-09-12 08:18:00 EDT [CRAWLER] [DEBUG] First 1000 chars:
2026-09-12 08:18:00 EDT [CRAWLER] BERLÍN, 12 de septiembre de 2026  /PRNewswire/ -- OneOdio concluyó su participación en la IFA 2026, celebrada del 4 al 8 de septiembre en Berlín. En el pabellón 8.2, stand 217, la marca de audio profesional dio la bienvenida a visitantes, DJs, creadores y profesionales del sector para que pudieran probar sus productos, disfrutar de actuaciones de DJs en directo y participar en actividades interactivas.
2026-09-12 08:18:00 EDT [CRAWLER] La presentación de este año puso de relieve la apuesta de OneOdio por el audio profesional y las experiencias auditivas versátiles, con Studio Max 2 y A70 Gen 2 como protagonistas.
2026-09-12 08:18:00 EDT [CRAWLER]               
2026-09-12 08:18:00 EDT [CRAWLER]             
2026-09-12 08:18:00 EDT [CRAWLER] El audio profesional cobra protagonismo
2026-09-12 08:18:00 EDT [CRAWLER] Diseñado para DJs, creadores y profesionales del audio, Studio Max 2 presentó el enfoque más reciente de OneOdio para el audio inalámbrico profesional. Impulsado por la tecnología Rapid Wireless+ de tercera generación, ofrece una latencia ultrabaja de 9 ms y hasta 120 horas de duración de la batería, combinando la precisión n
2026-09-12 08:18:00 EDT [CRAWLER] [TICKER MATCH] META
2026-09-12 08:18:00 EDT [CRAWLER] [DISPATCH] Sent META -> AI Server
2026-09-12 08:18:00 EDT [CRAWLER] Extracting
2026-09-12 08:18:02 EDT [CRAWLER] [CRAWLER DONE] Processed: https://www.prnewswire.com/news-releases/oneodio-concluye-con-exito-su-participacion-en-la-ifa-2026-en-berlin-302872435.html | Extracted Links: 0 | Dispatched to AI: YES
2026-09-12 08:18:02 EDT [CRAWLER] [CRAWLER] Visiting: https://finance.yahoo.com/markets/stocks/articles/p-futures-climb-oil-retreats-102337042.html
2026-09-12 08:18:02 EDT [CRAWLER] [CRAWLER] Visiting: https://www.prnewswire.com/news-releases/global-times-silk-road-maritime-shipping-routes-span-153-ports-boosting-global-trade-prosperity-amid-uncertainty-302876847.html
2026-09-12 08:18:02 EDT [CRAWLER] Status line: HTTP/1.1 200 OK
2026-09-12 08:18:02 EDT [CRAWLER] [DEBUG] URL: https://www.prnewswire.com/news-releases/global-times-silk-road-maritime-shipping-routes-span-153-ports-boosting-global-trade-prosperity-amid-uncertainty-302876847.html
2026-09-12 08:18:02 EDT [CRAWLER] [DEBUG] Article length: 7490
2026-09-12 08:18:02 EDT [CRAWLER] [DEBUG] First 1000 chars:
2026-09-12 08:18:02 EDT [CRAWLER] BEIJING, Sept. 12, 2026 /PRNewswire/ -- Across the rippling Baltic waters, a cargo vessel loaded with Chinese goods glides steadily into Poland's Gdansk Port, docking at Europe's largest deep-water container terminal. For decades, the port has served as a critical hub for trade moving between Europe and Asia.
2026-09-12 08:18:02 EDT [CRAWLER] This year, it gained a new role: becoming the first European port to receive an officially named Silk Road Maritime shipping route.
2026-09-12 08:18:02 EDT [CRAWLER] The new route was unveiled at the 8th Silk Road Maritime International Cooperation Forum, held in Xiamen, East China's Fujian Province, from September 8 to 9.
2026-09-12 08:18:02 EDT [CRAWLER] A Polish logistics executive told the Global Times that the new route is more than another line on the map. It represents a tighter connection between sea and rail, between China and the EU, and between two markets whose trade ties are growing more complex and intertwined. 
2026-09-12 08:18:02 EDT [CRAWLER] "Gdansk is the largest deep-water container terminal in the Baltic Sea and the final stop of China's maritime container tru
2026-09-12 08:18:02 EDT [CRAWLER] [TICKER MATCH] MACRO
2026-09-12 08:18:02 EDT [CRAWLER] [DISPATCH] Sent MACRO -> AI Server
2026-09-12 08:18:02 EDT [CRAWLER] Extracting
2026-09-12 08:18:02 EDT [CRAWLER] [CRAWLER DONE] Processed: https://www.prnewswire.com/news-releases/global-times-silk-road-maritime-shipping-routes-span-153-ports-boosting-global-trade-prosperity-amid-uncertainty-302876847.html | Extracted Links: 0 | Dispatched to AI: YES
2026-09-12 08:18:02 EDT [CRAWLER] [CRAWLER] Visiting: https://finance.yahoo.com/markets/stocks/articles/lost-hundreds-thousands-stocks-spacex-101500008.html
2026-09-12 08:18:02 EDT [CRAWLER] Status line: HTTP/1.1 200 OK
2026-09-12 08:18:02 EDT [CRAWLER] [DEBUG] URL: https://finance.yahoo.com/markets/stocks/articles/verisk-analytics-stock-vrsk-underperforming-102938166.html
2026-09-12 08:18:02 EDT [CRAWLER] [DEBUG] Article length: 5699
2026-09-12 08:18:02 EDT [CRAWLER] [DEBUG] First 1000 chars:
2026-09-12 08:18:02 EDT [CRAWLER]     
2026-09-12 08:18:02 EDT [CRAWLER]         
2026-09-12 08:18:02 EDT [CRAWLER]         
2026-09-12 08:18:02 EDT [CRAWLER]          
2026-09-12 08:18:02 EDT [CRAWLER] 	
2026-09-12 08:18:02 EDT [CRAWLER] 		
2026-09-12 08:18:02 EDT [CRAWLER] 		
2026-09-12 08:18:02 EDT [CRAWLER] 		
2026-09-12 08:18:02 EDT [CRAWLER] 		
2026-09-12 08:18:02 EDT [CRAWLER] 		
2026-09-12 08:18:02 EDT [CRAWLER] 		
2026-09-12 08:18:02 EDT [CRAWLER] 		
2026-09-12 08:18:02 EDT [CRAWLER] 		
2026-09-12 08:18:02 EDT [CRAWLER] 		
2026-09-12 08:18:02 EDT [CRAWLER] 		
2026-09-12 08:18:02 EDT [CRAWLER] 		
2026-09-12 08:18:02 EDT [CRAWLER] 		
2026-09-12 08:18:02 EDT [CRAWLER] 		
2026-09-12 08:18:02 EDT [CRAWLER] 		
2026-09-12 08:18:02 EDT [CRAWLER] 		
2026-09-12 08:18:02 EDT [CRAWLER] 		
2026-09-12 08:18:02 EDT [CRAWLER] 		
2026-09-12 08:18:02 EDT [CRAWLER] 		
2026-09-12 08:18:02 EDT [CRAWLER] 		
2026-09-12 08:18:02 EDT [CRAWLER] 		
2026-09-12 08:18:02 EDT [CRAWLER] 		
2026-09-12 08:18:02 EDT [CRAWLER] 		
2026-09-12 08:18:02 EDT [CRAWLER] 		
2026-09-12 08:18:02 EDT [CRAWLER] 		
2026-09-12 08:18:02 EDT [CRAWLER] 		
2026-09-12 08:18:02 EDT [CRAWLER] 		
2026-09-12 08:18:02 EDT [CRAWLER] 		
2026-09-12 08:18:02 EDT [CRAWLER] 		
2026-09-12 08:18:02 EDT [CRAWLER] 		
2026-09-12 08:18:02 EDT [CRAWLER] 		
2026-09-12 08:18:02 EDT [CRAWLER] 		
2026-09-12 08:18:02 EDT [CRAWLER] 		
2026-09-12 08:18:02 EDT [CRAWLER] 		
2026-09-12 08:18:02 EDT [CRAWLER] 		
2026-09-12 08:18:02 EDT [CRAWLER] 		
2026-09-12 08:18:02 EDT [CRAWLER] 		
2026-09-12 08:18:02 EDT [CRAWLER] 		
2026-09-12 08:18:02 EDT [CRAWLER] 		
2026-09-12 08:18:02 EDT [CRAWLER] 		
2026-09-12 08:18:02 EDT [CRAWLER] 		
2026-09-12 08:18:02 EDT [CRAWLER] 		
2026-09-12 08:18:02 EDT [CRAWLER] 		
2026-09-12 08:18:02 EDT [CRAWLER] 		
2026-09-12 08:18:02 EDT [CRAWLER] 		
2026-09-12 08:18:02 EDT [CRAWLER] 		
2026-09-12 08:18:02 EDT [CRAWLER] 		
2026-09-12 08:18:02 EDT [CRAWLER] 		
2026-09-12 08:18:02 EDT [CRAWLER] 		
2026-09-12 08:18:02 EDT [CRAWLER] 		
2026-09-12 08:18:02 EDT [CRAWLER] 		
2026-09-12 08:18:02 EDT [CRAWLER] 		
2026-09-12 08:18:02 EDT [CRAWLER] 		
2026-09-12 08:18:02 EDT [CRAWLER] 		
2026-09-12 08:18:02 EDT [CRAWLER] 		
2026-09-12 08:18:02 EDT [CRAWLER] 		
2026-09-12 08:18:02 EDT [CRAWLER] 		
2026-09-12 08:18:02 EDT [CRAWLER] 		
2026-09-12 08:18:02 EDT [CRAWLER] 		
2026-09-12 08:18:02 EDT [CRAWLER] 		
2026-09-12 08:18:02 EDT [CRAWLER] 		
2026-09-12 08:18:02 EDT [CRAWLER] 		
2026-09-12 08:18:02 EDT [CRAWLER] 		
2026-09-12 08:18:02 EDT [CRAWLER] 		
2026-09-12 08:18:02 EDT [CRAWLER] 		
2026-09-12 08:18:02 EDT [CRAWLER] 		
2026-09-12 08:18:02 EDT [CRAWLER] 		
2026-09-12 08:18:02 EDT [CRAWLER] 		
2026-09-12 08:18:02 EDT [CRAWLER] 		
2026-09-12 08:18:02 EDT [CRAWLER] 		
2026-09-12 08:18:02 EDT [CRAWLER] 		
2026-09-12 08:18:02 EDT [CRAWLER] 		
2026-09-12 08:18:02 EDT [CRAWLER] 		
2026-09-12 08:18:02 EDT [CRAWLER] 		
2026-09-12 08:18:02 EDT [CRAWLER] 		
2026-09-12 08:18:02 EDT [CRAWLER] 		
2026-09-12 08:18:02 EDT [CRAWLER] 		
2026-09-12 08:18:02 EDT [CRAWLER] 		
2026-09-12 08:18:02 EDT [CRAWLER] 		
2026-09-12 08:18:02 EDT [CRAWLER] 		
2026-09-12 08:18:02 EDT [CRAWLER] 		
2026-09-12 08:18:02 EDT [CRAWLER] 		
2026-09-12 08:18:02 EDT [CRAWLER] 		
2026-09-12 08:18:02 EDT [CRAWLER] 		
2026-09-12 08:18:02 EDT [CRAWLER] 		
2026-09-12 08:18:02 EDT [CRAWLER] 		
2026-09-12 08:18:02 EDT [CRAWLER] 		
2026-09-12 08:18:02 EDT [CRAWLER] 		
2026-09-12 08:18:02 EDT [CRAWLER] 		
2026-09-12 08:18:02 EDT [CRAWLER] 		
2026-09-12 08:18:02 EDT [CRAWLER] 		
2026-09-12 08:18:02 EDT [CRAWLER] 		
2026-09-12 08:18:02 EDT [CRAWLER] 		
2026-09-12 08:18:02 EDT [CRAWLER] 		
2026-09-12 08:18:02 EDT [CRAWLER] 		
2026-09-12 08:18:02 EDT [CRAWLER] 		
2026-09-12 08:18:02 EDT [CRAWLER] 		
2026-09-12 08:18:02 EDT [CRAWLER] 		
2026-09-12 08:18:02 EDT [CRAWLER] 		
2026-09-12 08:18:02 EDT [CRAWLER] 		
2026-09-12 08:18:02 EDT [CRAWLER] 		
2026-09-12 08:18:02 EDT [CRAWLER] 		
2026-09-12 08:18:02 EDT [CRAWLER] 		
2026-09-12 08:18:02 EDT [CRAWLER] 		
2026-09-12 08:18:02 EDT [CRAWLER] 		
2026-09-12 08:18:02 EDT [CRAWLER] 		
2026-09-12 08:18:02 EDT [CRAWLER] 		
2026-09-12 08:18:02 EDT [CRAWLER] 		
2026-09-12 08:18:02 EDT [CRAWLER] 		
2026-09-12 08:18:02 EDT [CRAWLER] 		
2026-09-12 08:18:02 EDT [CRAWLER] 		
2026-09-12 08:18:02 EDT [CRAWLER] 		
2026-09-12 08:18:02 EDT [CRAWLER] 		
2026-09-12 08:18:02 EDT [CRAWLER] 		
2026-09-12 08:18:02 EDT [CRAWLER] 		
2026-09-12 08:18:02 EDT [CRAWLER] 		
2026-09-12 08:18:02 EDT [CRAWLER] 		
2026-09-12 08:18:02 EDT [CRAWLER] 		
2026-09-12 08:18:02 EDT [CRAWLER] 		
2026-09-12 08:18:02 EDT [CRAWLER] 		
2026-09-12 08:18:02 EDT [CRAWLER] 		
2026-09-12 08:18:02 EDT [CRAWLER] 		
2026-09-12 08:18:02 EDT [CRAWLER] 		
2026-09-12 08:18:02 EDT [CRAWLER] 		
2026-09-12 08:18:02 EDT [CRAWLER] 		
2026-09-12 08:18:02 EDT [CRAWLER] 		
2026-09-12 08:18:02 EDT [CRAWLER] 		
2026-09-12 08:18:02 EDT [CRAWLER] 		
2026-09-12 08:18:02 EDT [CRAWLER] 		
2026-09-12 08:18:02 EDT [CRAWLER] 		
2026-09-12 08:18:02 EDT [CRAWLER] 		
2026-09-12 08:18:02 EDT [CRAWLER] 		
2026-09-12 08:18:02 EDT [CRAWLER] 		
2026-09-12 08:18:02 EDT [CRAWLER] 		
2026-09-12 08:18:02 EDT [CRAWLER] 		
2026-09-12 08:18:02 EDT [CRAWLER] 		
2026-09-12 08:18:02 EDT [CRAWLER] 		
2026-09-12 08:18:02 EDT [CRAWLER] 		
2026-09-12 08:18:02 EDT [CRAWLER] 		
2026-09-12 08:18:02 EDT [CRAWLER] 		
2026-09-12 08:18:02 EDT [CRAWLER] 		
2026-09-12 08:18:02 EDT [CRAWLER] 		
2026-09-12 08:18:02 EDT [CRAWLER] 		
2026-09-12 08:18:02 EDT [CRAWLER] 		
2026-09-12 08:18:02 EDT [CRAWLER] 		
2026-09-12 08:18:02 EDT [CRAWLER] 		
2026-09-12 08:18:02 EDT [CRAWLER] 		
2026-09-12 08:18:02 EDT [CRAWLER] 		
2026-09-12 08:18:02 EDT [CRAWLER] 		
2026-09-12 08:18:02 EDT [CRAWLER] 		
2026-09-12 08:18:02 EDT [CRAWLER] 		
2026-09-12 08:18:02 EDT [CRAWLER] 		
2026-09-12 08:18:02 EDT [CRAWLER] 		
2026-09-12 08:18:02 EDT [CRAWLER] 		
2026-09-12 08:18:02 EDT [CRAWLER] 		
2026-09-12 08:18:02 EDT [CRAWLER] 		
2026-09-12 08:18:02 EDT [CRAWLER] 		
2026-09-12 08:18:02 EDT [CRAWLER] 		
2026-09-12 08:18:02 EDT [CRAWLER] 		
2026-09-12 08:18:02 EDT [CRAWLER] 		
2026-09-12 08:18:02 EDT [CRAWLER] 		
2026-09-12 08:18:02 EDT [CRAWLER] 		
2026-09-12 08:18:02 EDT [CRAWLER] 		
2026-09-12 08:18:02 EDT [CRAWLER] 		
2026-09-12 08:18:02 EDT [CRAWLER] 		
2026-09-12 08:18:02 EDT [CRAWLER] 		
2026-09-12 08:18:02 EDT [CRAWLER] 		
2026-09-12 08:18:02 EDT [CRAWLER] 		
2026-09-12 08:18:02 EDT [CRAWLER] 		
2026-09-12 08:18:02 EDT [CRAWLER] 		
2026-09-12 08:18:02 EDT [CRAWLER] 		
2026-09-12 08:18:02 EDT [CRAWLER] 		
2026-09-12 08:18:02 EDT [CRAWLER] 		
2026-09-12 08:18:02 EDT [CRAWLER] 		
2026-09-12 08:18:02 EDT [CRAWLER] 		
2026-09-12 08:18:02 EDT [CRAWLER] 		
2026-09-12 08:18:02 EDT [CRAWLER] 		
2026-09-12 08:18:02 EDT [CRAWLER] 		
2026-09-12 08:18:02 EDT [CRAWLER] 		
2026-09-12 08:18:02 EDT [CRAWLER] 		
2026-09-12 08:18:02 EDT [CRAWLER] 		
2026-09-12 08:18:02 EDT [CRAWLER] 		
2026-09-12 08:18:02 EDT [CRAWLER] 		
2026-09-12 08:18:02 EDT [CRAWLER] 		
2026-09-12 08:18:02 EDT [CRAWLER] 		
2026-09-12 08:18:02 EDT [CRAWLER] 		
2026-09-12 08:18:02 EDT [CRAWLER] 		
2026-09-12 08:18:02 EDT [CRAWLER] 		
2026-09-12 08:18:02 EDT [CRAWLER] 		
2026-09-12 08:18:02 EDT [CRAWLER] 		
2026-09-12 08:18:02 EDT [CRAWLER] 		
2026-09-12 08:18:02 EDT [CRAWLER] 		
2026-09-12 08:18:02 EDT [CRAWLER] 		
2026-09-12 08:18:02 EDT [CRAWLER] 		
2026-09-12 08:18:02 EDT [CRAWLER] 		
2026-09-12 08:18:02 EDT [CRAWLER] 		
2026-09-12 08:18:02 EDT [CRAWLER] 		
2026-09-12 08:18:02 EDT [CRAWLER] 		
2026-09-12 08:18:02 EDT [CRAWLER] 		
2026-09-12 08:18:02 EDT [CRAWLER] 		
2026-09-12 08:18:02 EDT [CRAWLER] 		
2026-09-12 08:18:02 EDT [CRAWLER] 		
2026-09-12 08:18:02 EDT [CRAWLER] 		
2026-09-12 08:18:02 EDT [CRAWLER] 		
2026-09-12 08:18:02 EDT [CRAWLER] 		
2026-09-12 08:18:02 EDT [CRAWLER] 		
2026-09-12 08:18:02 EDT [CRAWLER] 		
2026-09-12 08:18:02 EDT [CRAWLER] 		
2026-09-12 08:18:02 EDT [CRAWLER] 		
2026-09-12 08:18:02 EDT [CRAWLER] 		
2026-09-12 08:18:02 EDT [CRAWLER] 		
2026-09-12 08:18:02 EDT [CRAWLER] 		
2026-09-12 08:18:02 EDT [CRAWLER] 		
2026-09-12 08:18:02 EDT [CRAWLER] 		
2026-09-12 08:18:02 EDT [CRAWLER] 		
2026-09-12 08:18:02 EDT [CRAWLER] 		
2026-09-12 08:18:02 EDT [CRAWLER] 		
2026-09-12 08:18:02 EDT [CRAWLER] 		
2026-09-12 08:18:02 EDT [CRAWLER] 		
2026-09-12 08:18:02 EDT [CRAWLER] 		Verisk Analytics Stock: Is VRSK Underperforming the Industrials Sector?  
2026-09-12 08:18:02 EDT [CRAWLER]     
2026-09-12 08:18:02 EDT [CRAWLER]     
2026-09-12 08:18:02 EDT [CRAWLER]         
2026-09-12 08:18:02 EDT [CRAWLER]                Oops, something went wrong                    Skip to navigation   Skip to main content   Skip to right column                                   Verisk Analytics Stock: Is VRSK Underperforming the I
2026-09-12 08:18:02 EDT [CRAWLER] [TICKER MATCH] CRWD,GOOGL,INTC,NVDA,TGT
2026-09-12 08:18:02 EDT [CRAWLER] [DISPATCH] Sent CRWD,GOOGL,INTC,NVDA,TGT -> AI Server
2026-09-12 08:18:02 EDT [CRAWLER] Extracting
2026-09-12 08:18:02 EDT [CRAWLER] [CRAWLER DONE] Processed: https://finance.yahoo.com/markets/stocks/articles/verisk-analytics-stock-vrsk-underperforming-102938166.html | Extracted Links: 0 | Dispatched to AI: YES
2026-09-12 08:18:02 EDT [CRAWLER] [CRAWLER] Visiting: https://www.prnewswire.com/news-releases/international-association-for-the-study-of-lung-cancer-launches-complimentary-iaslc-full-membership-for-eligible-countries-to-expand-worldwide-participation-in-thoracic-oncology-302876825.html
2026-09-12 08:18:02 EDT [CRAWLER] Status line: HTTP/1.1 200 OK
2026-09-12 08:18:03 EDT [CRAWLER] [DEBUG] URL: https://www.prnewswire.com/news-releases/international-association-for-the-study-of-lung-cancer-launches-complimentary-iaslc-full-membership-for-eligible-countries-to-expand-worldwide-participation-in-thoracic-oncology-302876825.html
2026-09-12 08:18:03 EDT [CRAWLER] [DEBUG] Article length: 3314
2026-09-12 08:18:03 EDT [CRAWLER] [DEBUG] First 1000 chars:
2026-09-12 08:18:03 EDT [CRAWLER] Full Membership Initiative Removes Financial Barriers for Clinicians, Researchers and Health Professionals in Eligible Low- and Lower-Middle-Income Countries
2026-09-12 08:18:03 EDT [CRAWLER] DENVER, Sept. 12, 2026 /PRNewswire/ -- The International Association for the Study of Lung Cancer (IASLC) today announced the launch of its new Complimentary IASLC Full Membership for Eligible Countries, a groundbreaking initiative that provides IASLC Membership to eligible healthcare professionals residing in World Bank-designated low-income and lower-middle-income economies.
2026-09-12 08:18:03 EDT [CRAWLER] Approved by the IASLC Board of Directors this Spring, the approach reflects the organization's commitment to ensuring that financial barriers do not prevent clinicians, researchers, nurses, allied health professionals, patient advocates and other healthcare professionals from participating fully in the global thoracic oncology community.
2026-09-12 08:18:03 EDT [CRAWLER] "Lung cancer is a global disease that demands global collaboration," said Karen Kelly, Chief Executive Officer of the Inte
2026-09-12 08:18:03 EDT [CRAWLER] [TICKER MATCH] MACRO
2026-09-12 08:18:03 EDT [CRAWLER] [DISPATCH] Sent MACRO -> AI Server
2026-09-12 08:18:03 EDT [CRAWLER] Extracting
2026-09-12 08:18:03 EDT [CRAWLER] [CRAWLER DONE] Processed: https://www.prnewswire.com/news-releases/international-association-for-the-study-of-lung-cancer-launches-complimentary-iaslc-full-membership-for-eligible-countries-to-expand-worldwide-participation-in-thoracic-oncology-302876825.html | Extracted Links: 0 | Dispatched to AI: YES
2026-09-12 08:18:03 EDT [CRAWLER] [CRAWLER] Visiting: https://finance.yahoo.com/news/investors-pull-money-equity-funds-101047547.html
2026-09-12 08:18:03 EDT [CRAWLER] [CRAWLER] Visiting: https://www.prnewswire.com/news-releases/meant-health-expands-telehealth-access-to-fda-approved-glp-1-prescriptions-including-ozempic-302876301.html
2026-09-12 08:18:03 EDT [CRAWLER] Status line: HTTP/1.1 200 OK
2026-09-12 08:18:03 EDT [CRAWLER] [DEBUG] URL: https://finance.yahoo.com/markets/stocks/articles/p-futures-climb-oil-retreats-102337042.html
2026-09-12 08:18:03 EDT [CRAWLER] [DEBUG] Article length: 10380
2026-09-12 08:18:03 EDT [CRAWLER] [DEBUG] First 1000 chars:
2026-09-12 08:18:03 EDT [CRAWLER] September S&P 500 E-Mini futures (ESU26) are up +0.57% this morning, finding some relief as oil prices and bond yields retreated, with attention now turning to key U.S. inflation data for fresh clues on the Federal Reserve's policy path.  
2026-09-12 08:18:03 EDT [CRAWLER] Oil prices fell on Friday after the International Energy Agency warned of a worsening outlook for demand this year. Brent crude slipped toward $104 a barrel, while WTI crude dropped below $100 a barrel. Still, both benchmarks were on track for sharp weekly gains as the Middle East conflict showed few signs of easing. In the latest developments, The Wall Street Journal reported that Iran-backed Houthi militants captured the port city of Mokha on Yemen's west coast on Thursday, strengthening their position near the strategic Bab al-Mandeb Strait.  
2026-09-12 08:18:03 EDT [CRAWLER] Why It's Time to Load Up on Intel Stock  
2026-09-12 08:18:03 EDT [CRAWLER] Nvidia CEO Jensen Huang Just Called CrowdStrike Its Top Security Partner. How to Play CRWD Stock Here.  
2026-09-12 08:18:03 EDT [CRAWLER] Google Plans to Build Mammoth Solar Farm on an Abandoned Coa
2026-09-12 08:18:03 EDT [CRAWLER] [TICKER MATCH] ADBE,CRWD,GOOGL,INTC,LRCX,MRVL,MS,NVDA,NVO,ORCL,TCEHY,TGT
2026-09-12 08:18:03 EDT [CRAWLER] [DISPATCH] Sent ADBE,CRWD,GOOGL,INTC,LRCX,MRVL,MS,NVDA,NVO,ORCL,TCEHY,TGT -> AI Server
2026-09-12 08:18:03 EDT [CRAWLER] Extracting
2026-09-12 08:18:03 EDT [CRAWLER] [CRAWLER DONE] Processed: https://finance.yahoo.com/markets/stocks/articles/p-futures-climb-oil-retreats-102337042.html | Extracted Links: 0 | Dispatched to AI: YES
2026-09-12 08:18:03 EDT [CRAWLER] [CRAWLER] Visiting: https://finance.yahoo.com/markets/stocks/articles/robinhood-markets-targets-global-growth-120158612.html
2026-09-12 08:18:03 EDT [CRAWLER] Status line: HTTP/1.1 200 OK
2026-09-12 08:18:03 EDT [CRAWLER] [DEBUG] URL: https://www.prnewswire.com/news-releases/meant-health-expands-telehealth-access-to-fda-approved-glp-1-prescriptions-including-ozempic-302876301.html
2026-09-12 08:18:03 EDT [CRAWLER] [DEBUG] Article length: 2602
2026-09-12 08:18:03 EDT [CRAWLER] [DEBUG] First 1000 chars:
2026-09-12 08:18:05 EDT [CRAWLER] MANASSAS, Va., Sept. 12, 2026 /PRNewswire/ -- Meant Health, a digital health platform that connects patients with licensed clinicians for evaluation, prescription and ongoing care coaching, announced today that it is expanding telehealth access to FDA-approved GLP-1 medications. The move is meant to shorten the distance between someone wondering whether a treatment might be right for them and an actual conversation with a U.S.-licensed clinician who could review their history and make that call.
2026-09-12 08:18:05 EDT [CRAWLER] How the Evaluation and Prescription Process Works
2026-09-12 08:18:05 EDT [CRAWLER] As more people look for a straightforward way to access Ozempic, Meant Health is expanding its telehealth platform to connect patients with licensed clinicians for evaluation and prescription. It starts with an intake questionnaire that walks through health history, current medications and what the patient is hoping to address. A licensed clinician then reviews that information and decides, case by case, whether a prescription makes sense.
2026-09-12 08:18:05 EDT [CRAWLER] Ozemp
2026-09-12 08:18:05 EDT [CRAWLER] [TICKER MATCH] MACRO
2026-09-12 08:18:05 EDT [CRAWLER] [DISPATCH] Sent MACRO -> AI Server
2026-09-12 08:18:05 EDT [CRAWLER] Extracting
2026-09-12 08:18:05 EDT [CRAWLER] [CRAWLER DONE] Processed: https://www.prnewswire.com/news-releases/meant-health-expands-telehealth-access-to-fda-approved-glp-1-prescriptions-including-ozempic-302876301.html | Extracted Links: 0 | Dispatched to AI: YES
2026-09-12 08:18:05 EDT [CRAWLER] [CRAWLER] Visiting: https://www.prnewswire.com/news-releases/aignostics-launches-pathosearch-a-visual-search-engine-for-pathology-cases-302876588.html
2026-09-12 08:18:05 EDT [CRAWLER] [CRAWLER] Visiting: https://finance.yahoo.com/markets/stocks/articles/hp-inc-stock-underperforming-p-105423967.html
2026-09-12 08:18:05 EDT [CRAWLER] Status line: HTTP/1.1 200 OK
2026-09-12 08:18:05 EDT [CRAWLER] Status line: HTTP/1.1 200 OK
2026-09-12 08:18:05 EDT [CRAWLER] [DEBUG] URL: https://www.prnewswire.com/news-releases/aignostics-launches-pathosearch-a-visual-search-engine-for-pathology-cases-302876588.html
2026-09-12 08:18:05 EDT [CRAWLER] [DEBUG] Article length: 4008
2026-09-12 08:18:05 EDT [CRAWLER] [DEBUG] First 1000 chars:
2026-09-12 08:18:05 EDT [CRAWLER] Now available via early access: image-based search retrieves real, diagnosed reference cases from world-class centers, spanning 300+ diagnostic entities.
2026-09-12 08:18:05 EDT [CRAWLER] BERLIN and NEW YORK, Sept. 12, 2026 /PRNewswire/ -- Today, Aignostics announced the early access release of PathoSearch, a visual search engine for pathology cases. From a single screenshot of a region of interest on an H&E slide, PathoSearch instantly retrieves morphologically similar, diagnosed reference cases. Pathologists can then build and evaluate a differential in minutes — especially useful on the rare and complex cases that are hardest to resolve.
2026-09-12 08:18:05 EDT [CRAWLER] These cases account for up to 20% of a pathologist's caseload, and the current references available for them are largely what they have always been: textbooks, databases, or external consultations. Each of these options adds time and cost for pathologists, with consultation fees at major cancer centers running from several hundred to thousands of dollars per case.
2026-09-12 08:18:05 EDT [CRAWLER] "A second opinio
2026-09-12 08:18:05 EDT [CRAWLER] [TICKER MATCH] MACRO
2026-09-12 08:18:05 EDT [CRAWLER] [DISPATCH] Sent MACRO -> AI Server
2026-09-12 08:18:05 EDT [CRAWLER] Extracting
2026-09-12 08:18:05 EDT [CRAWLER] [DEBUG] URL: https://finance.yahoo.com/markets/stocks/articles/lost-hundreds-thousands-stocks-spacex-101500008.html
2026-09-12 08:18:05 EDT [CRAWLER] [DEBUG] Article length: 13531
2026-09-12 08:18:05 EDT [CRAWLER] [DEBUG] First 1000 chars:
2026-09-12 08:18:05 EDT [CRAWLER] Moneywise and Yahoo Finance LLC may earn commission or revenue through links in the content below.  
2026-09-12 08:18:05 EDT [CRAWLER] Akshay Sapra lost more than $350,000 Canadian dollars — roughly $250,000 — in about a week of day trading SpaceX. But he's planning to keep trading. "The highs are too good," he said (1).  
2026-09-12 08:18:05 EDT [CRAWLER] The way he sees it, his errors are emotional, impulsive trades and his fix is to post every trade he makes on a stream or YouTube channel, so an audience can stop him.  
2026-09-12 08:18:05 EDT [CRAWLER] Jeff Bezos backs a platform that lets anyone invest in rental homes for as little as $100 — 6 ways to build wealth like a landlord without actually being one  
2026-09-12 08:18:05 EDT [CRAWLER] A record 45% of central banks plan to grow gold reserves — and many investors are following suit. Get your free gold IRA guide from Priority Gold  
2026-09-12 08:18:05 EDT [CRAWLER] A single line on your car insurance policy could be inflating your premium by up to 30% — here's what to change  
2026-09-12 08:18:05 EDT [CRAWLER] Sapra was sure the stock would jump on July 7, its first day in the Nasdaq-100 (2). Index funds would have 
2026-09-12 08:18:05 EDT [CRAWLER] [TICKER MATCH] AMD,BLK,BTC,NVDA,RDDT,UBER
2026-09-12 08:18:05 EDT [CRAWLER] [DISPATCH] Sent AMD,BLK,BTC,NVDA,RDDT,UBER -> AI Server
2026-09-12 08:18:05 EDT [CRAWLER] Extracting
2026-09-12 08:18:05 EDT [CRAWLER] [CRAWLER DONE] Processed: https://www.prnewswire.com/news-releases/aignostics-launches-pathosearch-a-visual-search-engine-for-pathology-cases-302876588.html | Extracted Links: 0 | Dispatched to AI: YES
2026-09-12 08:18:06 EDT [CRAWLER] [CRAWLER DONE] Processed: https://finance.yahoo.com/markets/stocks/articles/lost-hundreds-thousands-stocks-spacex-101500008.html | Extracted Links: 0 | Dispatched to AI: YES
2026-09-12 08:18:06 EDT [CRAWLER] [CRAWLER] Visiting: https://www.prnewswire.com/news-releases/aignostics-launches-pathosearch-a-visual-search-engine-for-pathology-cases-302876571.html
2026-09-12 08:18:06 EDT [CRAWLER] Status line: HTTP/1.1 200 OK
2026-09-12 08:18:06 EDT [CRAWLER] [DEBUG] URL: https://finance.yahoo.com/news/investors-pull-money-equity-funds-101047547.html
2026-09-12 08:18:06 EDT [CRAWLER] [DEBUG] Article length: 4740
2026-09-12 08:18:06 EDT [CRAWLER] [DEBUG] First 1000 chars:
2026-09-12 08:18:06 EDT [CRAWLER]     
2026-09-12 08:18:06 EDT [CRAWLER]         
2026-09-12 08:18:06 EDT [CRAWLER]         
2026-09-12 08:18:06 EDT [CRAWLER]          
2026-09-12 08:18:06 EDT [CRAWLER] 	
2026-09-12 08:18:06 EDT [CRAWLER] 		
2026-09-12 08:18:06 EDT [CRAWLER] 		
2026-09-12 08:18:06 EDT [CRAWLER] 		
2026-09-12 08:18:06 EDT [CRAWLER] 		
2026-09-12 08:18:06 EDT [CRAWLER] 		
2026-09-12 08:18:06 EDT [CRAWLER] 		
2026-09-12 08:18:06 EDT [CRAWLER] 		
2026-09-12 08:18:06 EDT [CRAWLER] 		
2026-09-12 08:18:06 EDT [CRAWLER] 		
2026-09-12 08:18:06 EDT [CRAWLER] 		
2026-09-12 08:18:06 EDT [CRAWLER] 		
2026-09-12 08:18:06 EDT [CRAWLER] 		
2026-09-12 08:18:06 EDT [CRAWLER] 		
2026-09-12 08:18:06 EDT [CRAWLER] 		
2026-09-12 08:18:06 EDT [CRAWLER] 		
2026-09-12 08:18:06 EDT [CRAWLER] 		
2026-09-12 08:18:06 EDT [CRAWLER] 		
2026-09-12 08:18:06 EDT [CRAWLER] 		
2026-09-12 08:18:06 EDT [CRAWLER] 		
2026-09-12 08:18:06 EDT [CRAWLER] 		
2026-09-12 08:18:06 EDT [CRAWLER] 		
2026-09-12 08:18:06 EDT [CRAWLER] 		
2026-09-12 08:18:06 EDT [CRAWLER] 		
2026-09-12 08:18:06 EDT [CRAWLER] 		
2026-09-12 08:18:06 EDT [CRAWLER] 		
2026-09-12 08:18:06 EDT [CRAWLER] 		
2026-09-12 08:18:06 EDT [CRAWLER] 		
2026-09-12 08:18:06 EDT [CRAWLER] 		
2026-09-12 08:18:06 EDT [CRAWLER] 		
2026-09-12 08:18:06 EDT [CRAWLER] 		
2026-09-12 08:18:06 EDT [CRAWLER] 		
2026-09-12 08:18:06 EDT [CRAWLER] 		
2026-09-12 08:18:06 EDT [CRAWLER] 		
2026-09-12 08:18:06 EDT [CRAWLER] 		
2026-09-12 08:18:06 EDT [CRAWLER] 		
2026-09-12 08:18:06 EDT [CRAWLER] 		
2026-09-12 08:18:06 EDT [CRAWLER] 		
2026-09-12 08:18:06 EDT [CRAWLER] 		
2026-09-12 08:18:06 EDT [CRAWLER] 		
2026-09-12 08:18:06 EDT [CRAWLER] 		
2026-09-12 08:18:06 EDT [CRAWLER] 		
2026-09-12 08:18:06 EDT [CRAWLER] 		
2026-09-12 08:18:06 EDT [CRAWLER] 		
2026-09-12 08:18:06 EDT [CRAWLER] 		
2026-09-12 08:18:06 EDT [CRAWLER] 		
2026-09-12 08:18:06 EDT [CRAWLER] 		
2026-09-12 08:18:06 EDT [CRAWLER] 		
2026-09-12 08:18:06 EDT [CRAWLER] 		
2026-09-12 08:18:06 EDT [CRAWLER] 		
2026-09-12 08:18:06 EDT [CRAWLER] 		
2026-09-12 08:18:06 EDT [CRAWLER] 		
2026-09-12 08:18:06 EDT [CRAWLER] 		
2026-09-12 08:18:06 EDT [CRAWLER] 		
2026-09-12 08:18:06 EDT [CRAWLER] 		
2026-09-12 08:18:06 EDT [CRAWLER] 		
2026-09-12 08:18:06 EDT [CRAWLER] 		
2026-09-12 08:18:06 EDT [CRAWLER] 		
2026-09-12 08:18:06 EDT [CRAWLER] 		
2026-09-12 08:18:06 EDT [CRAWLER] 		
2026-09-12 08:18:06 EDT [CRAWLER] 		
2026-09-12 08:18:06 EDT [CRAWLER] 		
2026-09-12 08:18:06 EDT [CRAWLER] 		
2026-09-12 08:18:06 EDT [CRAWLER] 		
2026-09-12 08:18:06 EDT [CRAWLER] 		
2026-09-12 08:18:06 EDT [CRAWLER] 		
2026-09-12 08:18:06 EDT [CRAWLER] 		
2026-09-12 08:18:06 EDT [CRAWLER] 		
2026-09-12 08:18:06 EDT [CRAWLER] 		
2026-09-12 08:18:06 EDT [CRAWLER] 		
2026-09-12 08:18:06 EDT [CRAWLER] 		
2026-09-12 08:18:06 EDT [CRAWLER] 		
2026-09-12 08:18:06 EDT [CRAWLER] 		
2026-09-12 08:18:06 EDT [CRAWLER] 		
2026-09-12 08:18:06 EDT [CRAWLER] 		
2026-09-12 08:18:06 EDT [CRAWLER] 		
2026-09-12 08:18:06 EDT [CRAWLER] 		
2026-09-12 08:18:06 EDT [CRAWLER] 		
2026-09-12 08:18:06 EDT [CRAWLER] 		
2026-09-12 08:18:06 EDT [CRAWLER] 		
2026-09-12 08:18:06 EDT [CRAWLER] 		
2026-09-12 08:18:06 EDT [CRAWLER] 		
2026-09-12 08:18:06 EDT [CRAWLER] 		
2026-09-12 08:18:06 EDT [CRAWLER] 		
2026-09-12 08:18:06 EDT [CRAWLER] 		
2026-09-12 08:18:06 EDT [CRAWLER] 		
2026-09-12 08:18:06 EDT [CRAWLER] 		
2026-09-12 08:18:06 EDT [CRAWLER] 		
2026-09-12 08:18:06 EDT [CRAWLER] 		
2026-09-12 08:18:06 EDT [CRAWLER] 		
2026-09-12 08:18:06 EDT [CRAWLER] 		
2026-09-12 08:18:06 EDT [CRAWLER] 		
2026-09-12 08:18:06 EDT [CRAWLER] 		
2026-09-12 08:18:06 EDT [CRAWLER] 		
2026-09-12 08:18:06 EDT [CRAWLER] 		
2026-09-12 08:18:06 EDT [CRAWLER] 		
2026-09-12 08:18:06 EDT [CRAWLER] 		
2026-09-12 08:18:06 EDT [CRAWLER] 		
2026-09-12 08:18:06 EDT [CRAWLER] 		
2026-09-12 08:18:06 EDT [CRAWLER] 		
2026-09-12 08:18:06 EDT [CRAWLER] 		
2026-09-12 08:18:06 EDT [CRAWLER] 		
2026-09-12 08:18:06 EDT [CRAWLER] 		
2026-09-12 08:18:06 EDT [CRAWLER] 		
2026-09-12 08:18:06 EDT [CRAWLER] 		
2026-09-12 08:18:06 EDT [CRAWLER] 		
2026-09-12 08:18:06 EDT [CRAWLER] 		
2026-09-12 08:18:06 EDT [CRAWLER] 		
2026-09-12 08:18:06 EDT [CRAWLER] 		
2026-09-12 08:18:06 EDT [CRAWLER] 		
2026-09-12 08:18:06 EDT [CRAWLER] 		
2026-09-12 08:18:06 EDT [CRAWLER] 		
2026-09-12 08:18:06 EDT [CRAWLER] 		
2026-09-12 08:18:06 EDT [CRAWLER] 		
2026-09-12 08:18:06 EDT [CRAWLER] 		
2026-09-12 08:18:06 EDT [CRAWLER] 		
2026-09-12 08:18:06 EDT [CRAWLER] 		
2026-09-12 08:18:06 EDT [CRAWLER] 		
2026-09-12 08:18:06 EDT [CRAWLER] 		
2026-09-12 08:18:06 EDT [CRAWLER] 		
2026-09-12 08:18:06 EDT [CRAWLER] 		
2026-09-12 08:18:06 EDT [CRAWLER] 		
2026-09-12 08:18:06 EDT [CRAWLER] 		
2026-09-12 08:18:06 EDT [CRAWLER] 		
2026-09-12 08:18:06 EDT [CRAWLER] 		
2026-09-12 08:18:06 EDT [CRAWLER] 		
2026-09-12 08:18:06 EDT [CRAWLER] 		
2026-09-12 08:18:06 EDT [CRAWLER] 		
2026-09-12 08:18:06 EDT [CRAWLER] 		
2026-09-12 08:18:06 EDT [CRAWLER] 		
2026-09-12 08:18:06 EDT [CRAWLER] 		
2026-09-12 08:18:06 EDT [CRAWLER] 		
2026-09-12 08:18:06 EDT [CRAWLER] 		
2026-09-12 08:18:06 EDT [CRAWLER] 		
2026-09-12 08:18:06 EDT [CRAWLER] 		
2026-09-12 08:18:06 EDT [CRAWLER] 		
2026-09-12 08:18:06 EDT [CRAWLER] 		
2026-09-12 08:18:06 EDT [CRAWLER] 		
2026-09-12 08:18:06 EDT [CRAWLER] 		
2026-09-12 08:18:06 EDT [CRAWLER] 		
2026-09-12 08:18:06 EDT [CRAWLER] 		
2026-09-12 08:18:06 EDT [CRAWLER] 		
2026-09-12 08:18:06 EDT [CRAWLER] 		
2026-09-12 08:18:06 EDT [CRAWLER] 		
2026-09-12 08:18:06 EDT [CRAWLER] 		
2026-09-12 08:18:06 EDT [CRAWLER] 		
2026-09-12 08:18:06 EDT [CRAWLER] 		
2026-09-12 08:18:06 EDT [CRAWLER] 		
2026-09-12 08:18:06 EDT [CRAWLER] 		
2026-09-12 08:18:06 EDT [CRAWLER] 		
2026-09-12 08:18:06 EDT [CRAWLER] 		
2026-09-12 08:18:06 EDT [CRAWLER] 		
2026-09-12 08:18:06 EDT [CRAWLER] 		
2026-09-12 08:18:06 EDT [CRAWLER] 		
2026-09-12 08:18:06 EDT [CRAWLER] 		
2026-09-12 08:18:06 EDT [CRAWLER] 		
2026-09-12 08:18:06 EDT [CRAWLER] 		
2026-09-12 08:18:06 EDT [CRAWLER] 		
2026-09-12 08:18:06 EDT [CRAWLER] 		
2026-09-12 08:18:06 EDT [CRAWLER] 		
2026-09-12 08:18:06 EDT [CRAWLER] 		
2026-09-12 08:18:06 EDT [CRAWLER] 		
2026-09-12 08:18:06 EDT [CRAWLER] 		
2026-09-12 08:18:06 EDT [CRAWLER] 		
2026-09-12 08:18:06 EDT [CRAWLER] 		
2026-09-12 08:18:06 EDT [CRAWLER] 		
2026-09-12 08:18:06 EDT [CRAWLER] 		
2026-09-12 08:18:06 EDT [CRAWLER] 		
2026-09-12 08:18:06 EDT [CRAWLER] 		
2026-09-12 08:18:06 EDT [CRAWLER] 		
2026-09-12 08:18:06 EDT [CRAWLER] 		
2026-09-12 08:18:06 EDT [CRAWLER] 		
2026-09-12 08:18:06 EDT [CRAWLER] 		
2026-09-12 08:18:06 EDT [CRAWLER] 		
2026-09-12 08:18:06 EDT [CRAWLER] 		
2026-09-12 08:18:06 EDT [CRAWLER] 		
2026-09-12 08:18:06 EDT [CRAWLER] 		
2026-09-12 08:18:06 EDT [CRAWLER] 		
2026-09-12 08:18:06 EDT [CRAWLER] 		
2026-09-12 08:18:06 EDT [CRAWLER] 		
2026-09-12 08:18:06 EDT [CRAWLER] 		
2026-09-12 08:18:06 EDT [CRAWLER] 		
2026-09-12 08:18:06 EDT [CRAWLER] 		
2026-09-12 08:18:06 EDT [CRAWLER] 		
2026-09-12 08:18:06 EDT [CRAWLER] 		
2026-09-12 08:18:06 EDT [CRAWLER] 		
2026-09-12 08:18:06 EDT [CRAWLER] 		
2026-09-12 08:18:06 EDT [CRAWLER] 		
2026-09-12 08:18:06 EDT [CRAWLER] 		
2026-09-12 08:18:06 EDT [CRAWLER] 		
2026-09-12 08:18:06 EDT [CRAWLER] 		
2026-09-12 08:18:06 EDT [CRAWLER] 		
2026-09-12 08:18:06 EDT [CRAWLER] 		
2026-09-12 08:18:06 EDT [CRAWLER] 		
2026-09-12 08:18:06 EDT [CRAWLER] 		
2026-09-12 08:18:06 EDT [CRAWLER] 		
2026-09-12 08:18:06 EDT [CRAWLER] 		
2026-09-12 08:18:06 EDT [CRAWLER] 		
2026-09-12 08:18:06 EDT [CRAWLER] 		
2026-09-12 08:18:06 EDT [CRAWLER] 		
2026-09-12 08:18:06 EDT [CRAWLER] 		
2026-09-12 08:18:06 EDT [CRAWLER] 		
2026-09-12 08:18:06 EDT [CRAWLER] 		
2026-09-12 08:18:06 EDT [CRAWLER] 		
2026-09-12 08:18:06 EDT [CRAWLER] 		
2026-09-12 08:18:06 EDT [CRAWLER] 		
2026-09-12 08:18:06 EDT [CRAWLER] 		
2026-09-12 08:18:06 EDT [CRAWLER] 		
2026-09-12 08:18:06 EDT [CRAWLER] 		
2026-09-12 08:18:06 EDT [CRAWLER] 		
2026-09-12 08:18:06 EDT [CRAWLER] 		
2026-09-12 08:18:06 EDT [CRAWLER] 		
2026-09-12 08:18:06 EDT [CRAWLER] 		
2026-09-12 08:18:06 EDT [CRAWLER] 		
2026-09-12 08:18:06 EDT [CRAWLER] 		
2026-09-12 08:18:06 EDT [CRAWLER] 		
2026-09-12 08:18:06 EDT [CRAWLER] 		
2026-09-12 08:18:06 EDT [CRAWLER] 		
2026-09-12 08:18:06 EDT [CRAWLER] 		
2026-09-12 08:18:06 EDT [CRAWLER] 		Investors pull money from equity funds as rising oil prices fuel inflation fears  
2026-09-12 08:18:06 EDT [CRAWLER]     
2026-09-12 08:18:06 EDT [CRAWLER]     
2026-09-12 08:18:06 EDT [CRAWLER]         
2026-09-12 08:18:06 EDT [CRAWLER]                Oops, something went wrong                    Skip to navigation   Skip to main content   Skip to right column                                   Investors pull money from equity funds as ri
2026-09-12 08:18:06 EDT [CRAWLER] [TICKER MATCH] AMD,ASML
2026-09-12 08:18:06 EDT [CRAWLER] [DISPATCH] Sent AMD,ASML -> AI Server
2026-09-12 08:18:06 EDT [CRAWLER] Extracting
2026-09-12 08:18:06 EDT [CRAWLER] [CRAWLER DONE] Processed: https://finance.yahoo.com/news/investors-pull-money-equity-funds-101047547.html | Extracted Links: 0 | Dispatched to AI: YES
2026-09-12 08:18:06 EDT [CRAWLER] Status line: HTTP/1.1 200 OK
2026-09-12 08:18:06 EDT [CRAWLER] [DEBUG] URL: https://www.prnewswire.com/news-releases/aignostics-launches-pathosearch-a-visual-search-engine-for-pathology-cases-302876571.html
2026-09-12 08:18:06 EDT [CRAWLER] [DEBUG] Article length: 4026
2026-09-12 08:18:06 EDT [CRAWLER] [DEBUG] First 1000 chars:
2026-09-12 08:18:06 EDT [CRAWLER] Now available via early access: image-based search retrieves real, diagnosed reference cases from world-class centers, spanning 300+ diagnostic entities.
2026-09-12 08:18:06 EDT [CRAWLER] BERLIN and NEW YORK, Sept. 12, 2026 /PRNewswire/ -- Today, Aignostics announced the early access release of PathoSearch, a visual search engine for pathology cases. From a single screenshot of a region of interest on an H&E slide, PathoSearch instantly retrieves morphologically similar, diagnosed reference cases. Pathologists can then build and evaluate a differential in minutes — especially useful on the rare and complex cases that are hardest to resolve.
2026-09-12 08:18:06 EDT [CRAWLER] These cases account for up to 20% of a pathologist's caseload, and the current references available for them are largely what they have always been: textbooks, databases, or external consultations. Each of these options adds time and cost for pathologists, with consultation fees at major cancer centers running from several hundred to thousands of dollars per case.
2026-09-12 08:18:06 EDT [CRAWLER] "A second opinio
2026-09-12 08:18:06 EDT [CRAWLER] [TICKER MATCH] MACRO
2026-09-12 08:18:06 EDT [CRAWLER] [DISPATCH] Sent MACRO -> AI Server
2026-09-12 08:18:06 EDT [CRAWLER] Extracting
2026-09-12 08:18:06 EDT [CRAWLER] [CRAWLER DONE] Processed: https://www.prnewswire.com/news-releases/aignostics-launches-pathosearch-a-visual-search-engine-for-pathology-cases-302876571.html | Extracted Links: 0 | Dispatched to AI: YES
2026-09-12 08:18:06 EDT [CRAWLER] [CRAWLER] Visiting: https://finance.yahoo.com/markets/stocks/articles/caleres-cal-stock-lags-behind-115147339.html
2026-09-12 08:18:06 EDT [CRAWLER] Status line: HTTP/1.1 200 OK
2026-09-12 08:18:06 EDT [CRAWLER] [DEBUG] URL: https://finance.yahoo.com/markets/stocks/articles/robinhood-markets-targets-global-growth-120158612.html
2026-09-12 08:18:06 EDT [CRAWLER] [DEBUG] Article length: 7921
2026-09-12 08:18:06 EDT [CRAWLER] [DEBUG] First 1000 chars:
2026-09-12 08:18:06 EDT [CRAWLER] Interested in Robinhood Markets, Inc.? Here are five stocks we like better.  
2026-09-12 08:18:06 EDT [CRAWLER] Robinhood is pursuing a broad ownership-focused strategy spanning active trading, integrated brokerage, banking, credit-card, wallet and retirement products, with AI used to personalize customer experiences.  
2026-09-12 08:18:06 EDT [CRAWLER] Tokenization is central to its global expansion: Robinhood Chain offers roughly 200 tokenized U.S. stocks in more than 120 countries, while the company targets half of revenue from international and institutional customers over the long term.  
2026-09-12 08:18:09 EDT [CRAWLER] Robinhood is expanding into wealth management and AI-powered trading, including managed accounts, retirement services, Trump Accounts, and agentic trading that supports equities, options and cryptocurrency, with prediction markets and futures planned.  
2026-09-12 08:18:09 EDT [CRAWLER] Blueprint for a Boom: SEC Clears the Crypto Runway  
2026-09-12 08:18:09 EDT [CRAWLER] Robinhood Markets (NASDAQ:HOOD) is pursuing a strategy centered on expanding access to financial asset ownership, with priorities spanning active trading, broad
2026-09-12 08:18:09 EDT [CRAWLER] [TICKER MATCH] AMZN,GS,HOOD,QCOM
2026-09-12 08:18:09 EDT [CRAWLER] [DISPATCH] Sent AMZN,GS,HOOD,QCOM -> AI Server
2026-09-12 08:18:09 EDT [CRAWLER] Extracting
2026-09-12 08:18:09 EDT [CRAWLER] [CRAWLER DONE] Processed: https://finance.yahoo.com/markets/stocks/articles/robinhood-markets-targets-global-growth-120158612.html | Extracted Links: 0 | Dispatched to AI: YES
2026-09-12 08:18:09 EDT [CRAWLER] [CRAWLER] Visiting: https://finance.yahoo.com/markets/stocks/articles/macy-lifts-outlook-q2-profit-104426966.html
2026-09-12 08:18:09 EDT [CRAWLER] [CRAWLER] Visiting: https://finance.yahoo.com/news/us-equity-funds-record-nine-111436371.html
2026-09-12 08:18:09 EDT [CRAWLER] Status line: HTTP/1.1 200 OK
2026-09-12 08:18:09 EDT [CRAWLER] [DEBUG] URL: https://finance.yahoo.com/markets/stocks/articles/hp-inc-stock-underperforming-p-105423967.html
2026-09-12 08:18:09 EDT [CRAWLER] [DEBUG] Article length: 5802
2026-09-12 08:18:09 EDT [CRAWLER] [DEBUG] First 1000 chars:
2026-09-12 08:18:09 EDT [CRAWLER]     
2026-09-12 08:18:09 EDT [CRAWLER]         
2026-09-12 08:18:09 EDT [CRAWLER]         
2026-09-12 08:18:09 EDT [CRAWLER]          
2026-09-12 08:18:09 EDT [CRAWLER] 	
2026-09-12 08:18:09 EDT [CRAWLER] 		
2026-09-12 08:18:09 EDT [CRAWLER] 		
2026-09-12 08:18:09 EDT [CRAWLER] 		
2026-09-12 08:18:09 EDT [CRAWLER] 		
2026-09-12 08:18:09 EDT [CRAWLER] 		
2026-09-12 08:18:09 EDT [CRAWLER] 		
2026-09-12 08:18:09 EDT [CRAWLER] 		
2026-09-12 08:18:09 EDT [CRAWLER] 		
2026-09-12 08:18:09 EDT [CRAWLER] 		
2026-09-12 08:18:09 EDT [CRAWLER] 		
2026-09-12 08:18:09 EDT [CRAWLER] 		
2026-09-12 08:18:09 EDT [CRAWLER] 		
2026-09-12 08:18:09 EDT [CRAWLER] 		
2026-09-12 08:18:09 EDT [CRAWLER] 		
2026-09-12 08:18:09 EDT [CRAWLER] 		
2026-09-12 08:18:09 EDT [CRAWLER] 		
2026-09-12 08:18:09 EDT [CRAWLER] 		
2026-09-12 08:18:09 EDT [CRAWLER] 		
2026-09-12 08:18:09 EDT [CRAWLER] 		
2026-09-12 08:18:09 EDT [CRAWLER] 		
2026-09-12 08:18:09 EDT [CRAWLER] 		
2026-09-12 08:18:09 EDT [CRAWLER] 		
2026-09-12 08:18:09 EDT [CRAWLER] 		
2026-09-12 08:18:09 EDT [CRAWLER] 		
2026-09-12 08:18:09 EDT [CRAWLER] 		
2026-09-12 08:18:09 EDT [CRAWLER] 		
2026-09-12 08:18:09 EDT [CRAWLER] 		
2026-09-12 08:18:09 EDT [CRAWLER] 		
2026-09-12 08:18:09 EDT [CRAWLER] 		
2026-09-12 08:18:09 EDT [CRAWLER] 		
2026-09-12 08:18:09 EDT [CRAWLER] 		
2026-09-12 08:18:09 EDT [CRAWLER] 		
2026-09-12 08:18:09 EDT [CRAWLER] 		
2026-09-12 08:18:09 EDT [CRAWLER] 		
2026-09-12 08:18:09 EDT [CRAWLER] 		
2026-09-12 08:18:09 EDT [CRAWLER] 		
2026-09-12 08:18:09 EDT [CRAWLER] 		
2026-09-12 08:18:09 EDT [CRAWLER] 		
2026-09-12 08:18:09 EDT [CRAWLER] 		
2026-09-12 08:18:09 EDT [CRAWLER] 		
2026-09-12 08:18:09 EDT [CRAWLER] 		
2026-09-12 08:18:09 EDT [CRAWLER] 		
2026-09-12 08:18:09 EDT [CRAWLER] 		
2026-09-12 08:18:09 EDT [CRAWLER] 		
2026-09-12 08:18:09 EDT [CRAWLER] 		
2026-09-12 08:18:09 EDT [CRAWLER] 		
2026-09-12 08:18:09 EDT [CRAWLER] 		
2026-09-12 08:18:09 EDT [CRAWLER] 		
2026-09-12 08:18:09 EDT [CRAWLER] 		
2026-09-12 08:18:09 EDT [CRAWLER] 		
2026-09-12 08:18:09 EDT [CRAWLER] 		
2026-09-12 08:18:09 EDT [CRAWLER] 		
2026-09-12 08:18:09 EDT [CRAWLER] 		
2026-09-12 08:18:09 EDT [CRAWLER] 		
2026-09-12 08:18:09 EDT [CRAWLER] 		
2026-09-12 08:18:09 EDT [CRAWLER] 		
2026-09-12 08:18:09 EDT [CRAWLER] 		
2026-09-12 08:18:09 EDT [CRAWLER] 		
2026-09-12 08:18:09 EDT [CRAWLER] 		
2026-09-12 08:18:09 EDT [CRAWLER] 		
2026-09-12 08:18:09 EDT [CRAWLER] 		
2026-09-12 08:18:09 EDT [CRAWLER] 		
2026-09-12 08:18:09 EDT [CRAWLER] 		
2026-09-12 08:18:09 EDT [CRAWLER] 		
2026-09-12 08:18:09 EDT [CRAWLER] 		
2026-09-12 08:18:09 EDT [CRAWLER] 		
2026-09-12 08:18:09 EDT [CRAWLER] 		
2026-09-12 08:18:09 EDT [CRAWLER] 		
2026-09-12 08:18:09 EDT [CRAWLER] 		
2026-09-12 08:18:09 EDT [CRAWLER] 		
2026-09-12 08:18:09 EDT [CRAWLER] 		
2026-09-12 08:18:09 EDT [CRAWLER] 		
2026-09-12 08:18:09 EDT [CRAWLER] 		
2026-09-12 08:18:09 EDT [CRAWLER] 		
2026-09-12 08:18:09 EDT [CRAWLER] 		
2026-09-12 08:18:09 EDT [CRAWLER] 		
2026-09-12 08:18:09 EDT [CRAWLER] 		
2026-09-12 08:18:09 EDT [CRAWLER] 		
2026-09-12 08:18:09 EDT [CRAWLER] 		
2026-09-12 08:18:09 EDT [CRAWLER] 		
2026-09-12 08:18:09 EDT [CRAWLER] 		
2026-09-12 08:18:09 EDT [CRAWLER] 		
2026-09-12 08:18:09 EDT [CRAWLER] 		
2026-09-12 08:18:09 EDT [CRAWLER] 		
2026-09-12 08:18:09 EDT [CRAWLER] 		
2026-09-12 08:18:09 EDT [CRAWLER] 		
2026-09-12 08:18:09 EDT [CRAWLER] 		
2026-09-12 08:18:09 EDT [CRAWLER] 		
2026-09-12 08:18:09 EDT [CRAWLER] 		
2026-09-12 08:18:09 EDT [CRAWLER] 		
2026-09-12 08:18:09 EDT [CRAWLER] 		
2026-09-12 08:18:09 EDT [CRAWLER] 		
2026-09-12 08:18:09 EDT [CRAWLER] 		
2026-09-12 08:18:09 EDT [CRAWLER] 		
2026-09-12 08:18:09 EDT [CRAWLER] 		
2026-09-12 08:18:09 EDT [CRAWLER] 		
2026-09-12 08:18:09 EDT [CRAWLER] 		
2026-09-12 08:18:09 EDT [CRAWLER] 		
2026-09-12 08:18:09 EDT [CRAWLER] 		
2026-09-12 08:18:09 EDT [CRAWLER] 		
2026-09-12 08:18:09 EDT [CRAWLER] 		
2026-09-12 08:18:09 EDT [CRAWLER] 		
2026-09-12 08:18:09 EDT [CRAWLER] 		
2026-09-12 08:18:09 EDT [CRAWLER] 		
2026-09-12 08:18:09 EDT [CRAWLER] 		
2026-09-12 08:18:09 EDT [CRAWLER] 		
2026-09-12 08:18:09 EDT [CRAWLER] 		
2026-09-12 08:18:09 EDT [CRAWLER] 		
2026-09-12 08:18:09 EDT [CRAWLER] 		
2026-09-12 08:18:09 EDT [CRAWLER] 		
2026-09-12 08:18:09 EDT [CRAWLER] 		
2026-09-12 08:18:09 EDT [CRAWLER] 		
2026-09-12 08:18:09 EDT [CRAWLER] 		
2026-09-12 08:18:09 EDT [CRAWLER] 		
2026-09-12 08:18:09 EDT [CRAWLER] 		
2026-09-12 08:18:09 EDT [CRAWLER] 		
2026-09-12 08:18:09 EDT [CRAWLER] 		
2026-09-12 08:18:09 EDT [CRAWLER] 		
2026-09-12 08:18:09 EDT [CRAWLER] 		
2026-09-12 08:18:09 EDT [CRAWLER] 		
2026-09-12 08:18:09 EDT [CRAWLER] 		
2026-09-12 08:18:09 EDT [CRAWLER] 		
2026-09-12 08:18:09 EDT [CRAWLER] 		
2026-09-12 08:18:09 EDT [CRAWLER] 		
2026-09-12 08:18:09 EDT [CRAWLER] 		
2026-09-12 08:18:09 EDT [CRAWLER] 		
2026-09-12 08:18:09 EDT [CRAWLER] 		
2026-09-12 08:18:09 EDT [CRAWLER] 		
2026-09-12 08:18:09 EDT [CRAWLER] 		
2026-09-12 08:18:09 EDT [CRAWLER] 		
2026-09-12 08:18:09 EDT [CRAWLER] 		
2026-09-12 08:18:09 EDT [CRAWLER] 		
2026-09-12 08:18:09 EDT [CRAWLER] 		
2026-09-12 08:18:09 EDT [CRAWLER] 		
2026-09-12 08:18:09 EDT [CRAWLER] 		
2026-09-12 08:18:09 EDT [CRAWLER] 		
2026-09-12 08:18:09 EDT [CRAWLER] 		
2026-09-12 08:18:09 EDT [CRAWLER] 		
2026-09-12 08:18:09 EDT [CRAWLER] 		
2026-09-12 08:18:09 EDT [CRAWLER] 		
2026-09-12 08:18:09 EDT [CRAWLER] 		
2026-09-12 08:18:09 EDT [CRAWLER] 		
2026-09-12 08:18:09 EDT [CRAWLER] 		
2026-09-12 08:18:09 EDT [CRAWLER] 		
2026-09-12 08:18:09 EDT [CRAWLER] 		
2026-09-12 08:18:09 EDT [CRAWLER] 		
2026-09-12 08:18:09 EDT [CRAWLER] 		
2026-09-12 08:18:09 EDT [CRAWLER] 		
2026-09-12 08:18:09 EDT [CRAWLER] 		
2026-09-12 08:18:09 EDT [CRAWLER] 		
2026-09-12 08:18:09 EDT [CRAWLER] 		
2026-09-12 08:18:09 EDT [CRAWLER] 		
2026-09-12 08:18:09 EDT [CRAWLER] 		
2026-09-12 08:18:09 EDT [CRAWLER] 		
2026-09-12 08:18:09 EDT [CRAWLER] 		
2026-09-12 08:18:09 EDT [CRAWLER] 		
2026-09-12 08:18:09 EDT [CRAWLER] 		
2026-09-12 08:18:09 EDT [CRAWLER] 		
2026-09-12 08:18:09 EDT [CRAWLER] 		
2026-09-12 08:18:09 EDT [CRAWLER] 		
2026-09-12 08:18:09 EDT [CRAWLER] 		
2026-09-12 08:18:09 EDT [CRAWLER] 		
2026-09-12 08:18:09 EDT [CRAWLER] 		
2026-09-12 08:18:09 EDT [CRAWLER] 		
2026-09-12 08:18:09 EDT [CRAWLER] 		
2026-09-12 08:18:09 EDT [CRAWLER] 		
2026-09-12 08:18:09 EDT [CRAWLER] 		
2026-09-12 08:18:09 EDT [CRAWLER] 		
2026-09-12 08:18:09 EDT [CRAWLER] 		
2026-09-12 08:18:09 EDT [CRAWLER] 		
2026-09-12 08:18:09 EDT [CRAWLER] 		
2026-09-12 08:18:09 EDT [CRAWLER] 		
2026-09-12 08:18:09 EDT [CRAWLER] 		
2026-09-12 08:18:09 EDT [CRAWLER] 		
2026-09-12 08:18:09 EDT [CRAWLER] 		
2026-09-12 08:18:09 EDT [CRAWLER] 		
2026-09-12 08:18:09 EDT [CRAWLER] 		
2026-09-12 08:18:09 EDT [CRAWLER] 		
2026-09-12 08:18:09 EDT [CRAWLER] 		
2026-09-12 08:18:09 EDT [CRAWLER] 		
2026-09-12 08:18:09 EDT [CRAWLER] 		
2026-09-12 08:18:09 EDT [CRAWLER] 		
2026-09-12 08:18:09 EDT [CRAWLER] 		
2026-09-12 08:18:09 EDT [CRAWLER] 		
2026-09-12 08:18:09 EDT [CRAWLER] 		
2026-09-12 08:18:09 EDT [CRAWLER] 		
2026-09-12 08:18:09 EDT [CRAWLER] 		
2026-09-12 08:18:09 EDT [CRAWLER] 		
2026-09-12 08:18:09 EDT [CRAWLER] 		
2026-09-12 08:18:09 EDT [CRAWLER] 		
2026-09-12 08:18:09 EDT [CRAWLER] 		
2026-09-12 08:18:09 EDT [CRAWLER] 		
2026-09-12 08:18:09 EDT [CRAWLER] 		
2026-09-12 08:18:09 EDT [CRAWLER] 		
2026-09-12 08:18:09 EDT [CRAWLER] 		
2026-09-12 08:18:09 EDT [CRAWLER] 		
2026-09-12 08:18:09 EDT [CRAWLER] 		
2026-09-12 08:18:09 EDT [CRAWLER] 		
2026-09-12 08:18:09 EDT [CRAWLER] 		
2026-09-12 08:18:09 EDT [CRAWLER] 		
2026-09-12 08:18:09 EDT [CRAWLER] 		
2026-09-12 08:18:09 EDT [CRAWLER] 		
2026-09-12 08:18:09 EDT [CRAWLER] 		
2026-09-12 08:18:09 EDT [CRAWLER] 		
2026-09-12 08:18:09 EDT [CRAWLER] 		
2026-09-12 08:18:09 EDT [CRAWLER] 		
2026-09-12 08:18:09 EDT [CRAWLER] 		
2026-09-12 08:18:09 EDT [CRAWLER] 		
2026-09-12 08:18:09 EDT [CRAWLER] 		
2026-09-12 08:18:09 EDT [CRAWLER] 		
2026-09-12 08:18:09 EDT [CRAWLER] 		
2026-09-12 08:18:09 EDT [CRAWLER] 		
2026-09-12 08:18:09 EDT [CRAWLER] 		
2026-09-12 08:18:09 EDT [CRAWLER] 		
2026-09-12 08:18:09 EDT [CRAWLER] 		
2026-09-12 08:18:09 EDT [CRAWLER] 		
2026-09-12 08:18:09 EDT [CRAWLER] 		
2026-09-12 08:18:09 EDT [CRAWLER] 		
2026-09-12 08:18:09 EDT [CRAWLER] 		Is HP Inc. Stock Underperforming the S&P 500?  
2026-09-12 08:18:09 EDT [CRAWLER]     
2026-09-12 08:18:09 EDT [CRAWLER]     
2026-09-12 08:18:09 EDT [CRAWLER]         
2026-09-12 08:18:09 EDT [CRAWLER]                Oops, something went wrong                    Skip to navigation   Skip to main content   Skip to right column                                   Is HP Inc. Stock Underperforming the S&P 500?          Aritra Gangopadhyay   Fr
2026-09-12 08:18:09 EDT [CRAWLER] [TICKER MATCH] CRWD,GOOGL,INTC,NVDA,SPX,TGT
2026-09-12 08:18:09 EDT [CRAWLER] [DISPATCH] Sent CRWD,GOOGL,INTC,NVDA,SPX,TGT -> AI Server
2026-09-12 08:18:09 EDT [CRAWLER] Extracting
2026-09-12 08:18:09 EDT [CRAWLER] [CRAWLER DONE] Processed: https://finance.yahoo.com/markets/stocks/articles/hp-inc-stock-underperforming-p-105423967.html | Extracted Links: 0 | Dispatched to AI: YES
2026-09-12 08:18:09 EDT [CRAWLER] [CRAWLER] Visiting: https://finance.yahoo.com/markets/stocks/articles/wave-delistings-london-stock-market-104054719.html
2026-09-12 08:18:09 EDT [CRAWLER] Status line: HTTP/1.1 200 OK
2026-09-12 08:18:09 EDT [CRAWLER] [DEBUG] URL: https://finance.yahoo.com/markets/stocks/articles/caleres-cal-stock-lags-behind-115147339.html
2026-09-12 08:18:09 EDT [CRAWLER] [DEBUG] Article length: 4244
2026-09-12 08:18:09 EDT [CRAWLER] [DEBUG] First 1000 chars:
2026-09-12 08:18:09 EDT [CRAWLER] On September 9, Caleres (NYSE:CAL) held its second-quarter earnings call, and the numbers told two very different stories under one roof. Net sales rose 5.6% to $695.5 million, and adjusted diluted earnings per share jumped to $0.47 from $0.35 a year earlier. The company also raised the low end of its full-year guidance. Yet Famous Footwear, the chain that made Caleres a household name, kept losing ground while the newer brand portfolio did the heavy lifting.  
2026-09-12 08:18:09 EDT [CRAWLER] The brand portfolio, which houses names like Sam Edelman, Allen Edmonds, Naturalizer, Vionic and Stuart Weitzman, brought in $340.6 million in sales, up 23.6% on the strength of the Weitzman integration and 8.2% organic growth. Margins expanded even faster than sales, with the segment's adjusted gross margin climbing 880 basis points to 49.1% as markdowns eased and tariff mitigation work paid off. Sam Edelman sales grew in the mid-teens, with double-digit growth at key department store accounts and higher average unit retails, w
2026-09-12 08:18:09 EDT [CRAWLER] [TICKER MATCH] GOOGL,TGT
2026-09-12 08:18:09 EDT [CRAWLER] [DISPATCH] Sent GOOGL,TGT -> AI Server
2026-09-12 08:18:09 EDT [CRAWLER] Extracting
2026-09-12 08:18:09 EDT [CRAWLER] [CRAWLER DONE] Processed: https://finance.yahoo.com/markets/stocks/articles/caleres-cal-stock-lags-behind-115147339.html | Extracted Links: 0 | Dispatched to AI: YES
2026-09-12 08:18:09 EDT [CRAWLER] Status line: HTTP/1.1 200 OK
2026-09-12 08:18:09 EDT [CRAWLER] [DEBUG] URL: https://finance.yahoo.com/markets/stocks/articles/macy-lifts-outlook-q2-profit-104426966.html
2026-09-12 08:18:09 EDT [CRAWLER] [DEBUG] Article length: 3138
2026-09-12 08:18:09 EDT [CRAWLER] [DEBUG] First 1000 chars:
2026-09-12 08:18:10 EDT [CRAWLER] During the 13 weeks ended 1 August 2026, the company's net sales increased 1.1% year-on-year to $4.9bn, with comparable sales also rising across all Macy's brands.  
2026-09-12 08:18:10 EDT [CRAWLER] Bloomingdale's, Macy's luxury department store chain, saw the largest gain with an 11.3% increase in comparable sales.  
2026-09-12 08:18:10 EDT [CRAWLER] In the second-quarter, net income nearly doubled to $169m, representing 3.3% of total revenue compared with $87m, or 1.7%, a year earlier.  
2026-09-12 08:18:10 EDT [CRAWLER] Adjusted diluted earnings per share rose to $0.63, up from $0.35 in the same period last year. The company attributed this improvement partly to benefits from tariff refunds, which contributed $0.23 per share in the quarter.  
2026-09-12 08:18:10 EDT [CRAWLER] Macy's confirmed it has now received all expected tariff refunds under the International Emergency Economic Powers Act (IEEPA), including $98m within the quarter and a further $18m after quarter-end.  
2026-09-12 08:18:10 EDT [CRAWLER] The company said it plans to reinvest the majority of the $116m total refund, with approximately $20m expected to flow through to full-year ear
2026-09-12 08:18:10 EDT [CRAWLER] [TICKER MATCH] MACRO
2026-09-12 08:18:10 EDT [CRAWLER] [DISPATCH] Sent MACRO -> AI Server
2026-09-12 08:18:10 EDT [CRAWLER] Extracting
2026-09-12 08:18:10 EDT [CRAWLER] [CRAWLER DONE] Processed: https://finance.yahoo.com/markets/stocks/articles/macy-lifts-outlook-q2-profit-104426966.html | Extracted Links: 0 | Dispatched to AI: YES
2026-09-12 08:18:10 EDT [CRAWLER] [CRAWLER] Visiting: https://finance.yahoo.com/markets/stocks/articles/stock-market-today-futures-rise-103943781.html
2026-09-12 08:18:10 EDT [CRAWLER] Status line: HTTP/1.1 200 OK
2026-09-12 08:18:10 EDT [CRAWLER] [DEBUG] URL: https://finance.yahoo.com/news/us-equity-funds-record-nine-111436371.html
2026-09-12 08:18:10 EDT [CRAWLER] [DEBUG] Article length: 4507
2026-09-12 08:18:10 EDT [CRAWLER] [DEBUG] First 1000 chars:
2026-09-12 08:18:10 EDT [CRAWLER]     
2026-09-12 08:18:10 EDT [CRAWLER]         
2026-09-12 08:18:10 EDT [CRAWLER]         
2026-09-12 08:18:10 EDT [CRAWLER]          
2026-09-12 08:18:10 EDT [CRAWLER] 	
2026-09-12 08:18:10 EDT [CRAWLER] 		
2026-09-12 08:18:10 EDT [CRAWLER] 		
2026-09-12 08:18:10 EDT [CRAWLER] 		
2026-09-12 08:18:10 EDT [CRAWLER] 		
2026-09-12 08:18:10 EDT [CRAWLER] 		
2026-09-12 08:18:10 EDT [CRAWLER] 		
2026-09-12 08:18:10 EDT [CRAWLER] 		
2026-09-12 08:18:10 EDT [CRAWLER] 		
2026-09-12 08:18:10 EDT [CRAWLER] 		
2026-09-12 08:18:10 EDT [CRAWLER] 		
2026-09-12 08:18:10 EDT [CRAWLER] 		
2026-09-12 08:18:10 EDT [CRAWLER] 		
2026-09-12 08:18:10 EDT [CRAWLER] 		
2026-09-12 08:18:10 EDT [CRAWLER] 		
2026-09-12 08:18:10 EDT [CRAWLER] 		
2026-09-12 08:18:10 EDT [CRAWLER] 		
2026-09-12 08:18:10 EDT [CRAWLER] 		
2026-09-12 08:18:10 EDT [CRAWLER] 		
2026-09-12 08:18:10 EDT [CRAWLER] 		
2026-09-12 08:18:10 EDT [CRAWLER] 		
2026-09-12 08:18:10 EDT [CRAWLER] 		
2026-09-12 08:18:10 EDT [CRAWLER] 		
2026-09-12 08:18:10 EDT [CRAWLER] 		
2026-09-12 08:18:10 EDT [CRAWLER] 		
2026-09-12 08:18:10 EDT [CRAWLER] 		
2026-09-12 08:18:10 EDT [CRAWLER] 		
2026-09-12 08:18:10 EDT [CRAWLER] 		
2026-09-12 08:18:10 EDT [CRAWLER] 		
2026-09-12 08:18:10 EDT [CRAWLER] 		
2026-09-12 08:18:10 EDT [CRAWLER] 		
2026-09-12 08:18:10 EDT [CRAWLER] 		
2026-09-12 08:18:10 EDT [CRAWLER] 		
2026-09-12 08:18:10 EDT [CRAWLER] 		
2026-09-12 08:18:10 EDT [CRAWLER] 		
2026-09-12 08:18:10 EDT [CRAWLER] 		
2026-09-12 08:18:10 EDT [CRAWLER] 		
2026-09-12 08:18:10 EDT [CRAWLER] 		
2026-09-12 08:18:10 EDT [CRAWLER] 		
2026-09-12 08:18:10 EDT [CRAWLER] 		
2026-09-12 08:18:10 EDT [CRAWLER] 		
2026-09-12 08:18:10 EDT [CRAWLER] 		
2026-09-12 08:18:10 EDT [CRAWLER] 		
2026-09-12 08:18:10 EDT [CRAWLER] 		
2026-09-12 08:18:10 EDT [CRAWLER] 		
2026-09-12 08:18:10 EDT [CRAWLER] 		
2026-09-12 08:18:10 EDT [CRAWLER] 		
2026-09-12 08:18:10 EDT [CRAWLER] 		
2026-09-12 08:18:10 EDT [CRAWLER] 		
2026-09-12 08:18:10 EDT [CRAWLER] 		
2026-09-12 08:18:10 EDT [CRAWLER] 		
2026-09-12 08:18:10 EDT [CRAWLER] 		
2026-09-12 08:18:10 EDT [CRAWLER] 		
2026-09-12 08:18:10 EDT [CRAWLER] 		
2026-09-12 08:18:10 EDT [CRAWLER] 		
2026-09-12 08:18:10 EDT [CRAWLER] 		
2026-09-12 08:18:10 EDT [CRAWLER] 		
2026-09-12 08:18:10 EDT [CRAWLER] 		
2026-09-12 08:18:10 EDT [CRAWLER] 		
2026-09-12 08:18:10 EDT [CRAWLER] 		
2026-09-12 08:18:10 EDT [CRAWLER] 		
2026-09-12 08:18:10 EDT [CRAWLER] 		
2026-09-12 08:18:10 EDT [CRAWLER] 		
2026-09-12 08:18:10 EDT [CRAWLER] 		
2026-09-12 08:18:10 EDT [CRAWLER] 		
2026-09-12 08:18:10 EDT [CRAWLER] 		
2026-09-12 08:18:10 EDT [CRAWLER] 		
2026-09-12 08:18:10 EDT [CRAWLER] 		
2026-09-12 08:18:10 EDT [CRAWLER] 		
2026-09-12 08:18:10 EDT [CRAWLER] 		
2026-09-12 08:18:10 EDT [CRAWLER] 		
2026-09-12 08:18:10 EDT [CRAWLER] 		
2026-09-12 08:18:10 EDT [CRAWLER] 		
2026-09-12 08:18:10 EDT [CRAWLER] 		
2026-09-12 08:18:10 EDT [CRAWLER] 		
2026-09-12 08:18:10 EDT [CRAWLER] 		
2026-09-12 08:18:10 EDT [CRAWLER] 		
2026-09-12 08:18:10 EDT [CRAWLER] 		
2026-09-12 08:18:10 EDT [CRAWLER] 		
2026-09-12 08:18:10 EDT [CRAWLER] 		
2026-09-12 08:18:10 EDT [CRAWLER] 		
2026-09-12 08:18:10 EDT [CRAWLER] 		
2026-09-12 08:18:10 EDT [CRAWLER] 		
2026-09-12 08:18:10 EDT [CRAWLER] 		
2026-09-12 08:18:10 EDT [CRAWLER] 		
2026-09-12 08:18:10 EDT [CRAWLER] 		
2026-09-12 08:18:10 EDT [CRAWLER] 		
2026-09-12 08:18:10 EDT [CRAWLER] 		
2026-09-12 08:18:10 EDT [CRAWLER] 		
2026-09-12 08:18:10 EDT [CRAWLER] 		
2026-09-12 08:18:10 EDT [CRAWLER] 		
2026-09-12 08:18:10 EDT [CRAWLER] 		
2026-09-12 08:18:10 EDT [CRAWLER] 		
2026-09-12 08:18:10 EDT [CRAWLER] 		
2026-09-12 08:18:10 EDT [CRAWLER] 		
2026-09-12 08:18:10 EDT [CRAWLER] 		
2026-09-12 08:18:10 EDT [CRAWLER] 		
2026-09-12 08:18:10 EDT [CRAWLER] 		
2026-09-12 08:18:10 EDT [CRAWLER] 		
2026-09-12 08:18:10 EDT [CRAWLER] 		
2026-09-12 08:18:10 EDT [CRAWLER] 		
2026-09-12 08:18:10 EDT [CRAWLER] 		
2026-09-12 08:18:10 EDT [CRAWLER] 		
2026-09-12 08:18:10 EDT [CRAWLER] 		
2026-09-12 08:18:10 EDT [CRAWLER] 		
2026-09-12 08:18:10 EDT [CRAWLER] 		
2026-09-12 08:18:10 EDT [CRAWLER] 		
2026-09-12 08:18:10 EDT [CRAWLER] 		
2026-09-12 08:18:10 EDT [CRAWLER] 		
2026-09-12 08:18:10 EDT [CRAWLER] 		
2026-09-12 08:18:10 EDT [CRAWLER] 		
2026-09-12 08:18:10 EDT [CRAWLER] 		
2026-09-12 08:18:10 EDT [CRAWLER] 		
2026-09-12 08:18:10 EDT [CRAWLER] 		
2026-09-12 08:18:10 EDT [CRAWLER] 		
2026-09-12 08:18:10 EDT [CRAWLER] 		
2026-09-12 08:18:10 EDT [CRAWLER] 		
2026-09-12 08:18:10 EDT [CRAWLER] 		
2026-09-12 08:18:10 EDT [CRAWLER] 		
2026-09-12 08:18:10 EDT [CRAWLER] 		
2026-09-12 08:18:10 EDT [CRAWLER] 		
2026-09-12 08:18:10 EDT [CRAWLER] 		
2026-09-12 08:18:10 EDT [CRAWLER] 		
2026-09-12 08:18:10 EDT [CRAWLER] 		
2026-09-12 08:18:10 EDT [CRAWLER] 		
2026-09-12 08:18:10 EDT [CRAWLER] 		
2026-09-12 08:18:10 EDT [CRAWLER] 		
2026-09-12 08:18:10 EDT [CRAWLER] 		
2026-09-12 08:18:10 EDT [CRAWLER] 		
2026-09-12 08:18:10 EDT [CRAWLER] 		
2026-09-12 08:18:10 EDT [CRAWLER] 		
2026-09-12 08:18:10 EDT [CRAWLER] 		
2026-09-12 08:18:10 EDT [CRAWLER] 		
2026-09-12 08:18:10 EDT [CRAWLER] 		
2026-09-12 08:18:10 EDT [CRAWLER] 		
2026-09-12 08:18:10 EDT [CRAWLER] 		
2026-09-12 08:18:10 EDT [CRAWLER] 		
2026-09-12 08:18:10 EDT [CRAWLER] 		
2026-09-12 08:18:10 EDT [CRAWLER] 		
2026-09-12 08:18:10 EDT [CRAWLER] 		
2026-09-12 08:18:10 EDT [CRAWLER] 		
2026-09-12 08:18:10 EDT [CRAWLER] 		
2026-09-12 08:18:10 EDT [CRAWLER] 		
2026-09-12 08:18:10 EDT [CRAWLER] 		
2026-09-12 08:18:10 EDT [CRAWLER] 		
2026-09-12 08:18:10 EDT [CRAWLER] 		
2026-09-12 08:18:10 EDT [CRAWLER] 		
2026-09-12 08:18:10 EDT [CRAWLER] 		
2026-09-12 08:18:10 EDT [CRAWLER] 		
2026-09-12 08:18:10 EDT [CRAWLER] 		
2026-09-12 08:18:10 EDT [CRAWLER] 		
2026-09-12 08:18:10 EDT [CRAWLER] 		
2026-09-12 08:18:10 EDT [CRAWLER] 		
2026-09-12 08:18:10 EDT [CRAWLER] 		
2026-09-12 08:18:10 EDT [CRAWLER] 		
2026-09-12 08:18:10 EDT [CRAWLER] 		
2026-09-12 08:18:10 EDT [CRAWLER] 		
2026-09-12 08:18:10 EDT [CRAWLER] 		
2026-09-12 08:18:10 EDT [CRAWLER] 		
2026-09-12 08:18:10 EDT [CRAWLER] 		
2026-09-12 08:18:10 EDT [CRAWLER] 		
2026-09-12 08:18:10 EDT [CRAWLER] 		
2026-09-12 08:18:10 EDT [CRAWLER] 		
2026-09-12 08:18:10 EDT [CRAWLER] 		
2026-09-12 08:18:10 EDT [CRAWLER] 		
2026-09-12 08:18:10 EDT [CRAWLER] 		
2026-09-12 08:18:10 EDT [CRAWLER] 		
2026-09-12 08:18:10 EDT [CRAWLER] 		
2026-09-12 08:18:10 EDT [CRAWLER] 		
2026-09-12 08:18:10 EDT [CRAWLER] 		
2026-09-12 08:18:10 EDT [CRAWLER] 		
2026-09-12 08:18:10 EDT [CRAWLER] 		
2026-09-12 08:18:10 EDT [CRAWLER] 		
2026-09-12 08:18:10 EDT [CRAWLER] 		
2026-09-12 08:18:10 EDT [CRAWLER] 		
2026-09-12 08:18:10 EDT [CRAWLER] 		
2026-09-12 08:18:10 EDT [CRAWLER] 		
2026-09-12 08:18:10 EDT [CRAWLER] 		
2026-09-12 08:18:10 EDT [CRAWLER] 		
2026-09-12 08:18:10 EDT [CRAWLER] 		
2026-09-12 08:18:10 EDT [CRAWLER] 		
2026-09-12 08:18:10 EDT [CRAWLER] 		
2026-09-12 08:18:10 EDT [CRAWLER] 		
2026-09-12 08:18:10 EDT [CRAWLER] 		
2026-09-12 08:18:10 EDT [CRAWLER] 		
2026-09-12 08:18:10 EDT [CRAWLER] 		
2026-09-12 08:18:10 EDT [CRAWLER] 		
2026-09-12 08:18:10 EDT [CRAWLER] 		
2026-09-12 08:18:10 EDT [CRAWLER] 		
2026-09-12 08:18:10 EDT [CRAWLER] 		
2026-09-12 08:18:10 EDT [CRAWLER] 		
2026-09-12 08:18:10 EDT [CRAWLER] 		
2026-09-12 08:18:10 EDT [CRAWLER] 		
2026-09-12 08:18:10 EDT [CRAWLER] 		
2026-09-12 08:18:10 EDT [CRAWLER] 		
2026-09-12 08:18:10 EDT [CRAWLER] 		
2026-09-12 08:18:10 EDT [CRAWLER] 		
2026-09-12 08:18:10 EDT [CRAWLER] 		
2026-09-12 08:18:10 EDT [CRAWLER] 		
2026-09-12 08:18:10 EDT [CRAWLER] 		
2026-09-12 08:18:10 EDT [CRAWLER] 		
2026-09-12 08:18:10 EDT [CRAWLER] 		
2026-09-12 08:18:10 EDT [CRAWLER] 		
2026-09-12 08:18:10 EDT [CRAWLER] 		
2026-09-12 08:18:10 EDT [CRAWLER] 		
2026-09-12 08:18:10 EDT [CRAWLER] 		
2026-09-12 08:18:10 EDT [CRAWLER] 		
2026-09-12 08:18:10 EDT [CRAWLER] 		
2026-09-12 08:18:10 EDT [CRAWLER] 		
2026-09-12 08:18:10 EDT [CRAWLER] 		
2026-09-12 08:18:10 EDT [CRAWLER] 		
2026-09-12 08:18:10 EDT [CRAWLER] 		
2026-09-12 08:18:10 EDT [CRAWLER] 		
2026-09-12 08:18:10 EDT [CRAWLER] 		
2026-09-12 08:18:10 EDT [CRAWLER] 		
2026-09-12 08:18:10 EDT [CRAWLER] 		
2026-09-12 08:18:10 EDT [CRAWLER] 		
2026-09-12 08:18:10 EDT [CRAWLER] 		
2026-09-12 08:18:10 EDT [CRAWLER] 		
2026-09-12 08:18:10 EDT [CRAWLER] 		US equity funds record nine-month high outflows as oil stokes inflation fears  
2026-09-12 08:18:10 EDT [CRAWLER]     
2026-09-12 08:18:10 EDT [CRAWLER]     
2026-09-12 08:18:10 EDT [CRAWLER]         
2026-09-12 08:18:10 EDT [CRAWLER]                Oops, something went wrong                    Skip to navigation   Skip to main content   Skip to right column                                   US equity funds record nine-month high outflows
2026-09-12 08:18:10 EDT [CRAWLER] [TICKER MATCH] NVDA
2026-09-12 08:18:10 EDT [CRAWLER] [DISPATCH] Sent NVDA -> AI Server
2026-09-12 08:18:10 EDT [CRAWLER] Extracting
2026-09-12 08:18:10 EDT [CRAWLER] [CRAWLER DONE] Processed: https://finance.yahoo.com/news/us-equity-funds-record-nine-111436371.html | Extracted Links: 0 | Dispatched to AI: YES
2026-09-12 08:18:10 EDT [CRAWLER] [CRAWLER] Visiting: https://finance.yahoo.com/markets/stocks/articles/12-8-yielding-dividend-stock-103501964.html
2026-09-12 08:18:10 EDT [CRAWLER] Status line: HTTP/1.1 200 OK
2026-09-12 08:18:10 EDT [CRAWLER] [DEBUG] URL: https://finance.yahoo.com/markets/stocks/articles/wave-delistings-london-stock-market-104054719.html
2026-09-12 08:18:10 EDT [CRAWLER] [DEBUG] Article length: 7213
2026-09-12 08:18:10 EDT [CRAWLER] [DEBUG] First 1000 chars:
2026-09-12 08:18:10 EDT [CRAWLER] London's stock market has endured a difficult few years, marked by a wave of delistings and IPO snubs. The number of companies listed on the London Stock Exchange (LSE) has fallen from 2,429 in 2015 to 1,534 in May 2026—a decade low —according to LSE data compiled by Statista. More than 30 have left, or are planning to leave this year, including the asset manager Schroders and easyJet, which have both agreed to U.S. takeovers.    
2026-09-12 08:18:10 EDT [CRAWLER] U.K. markets suffer from a smaller domestic investor base and shallower pools of capital than the U.S. Meanwhile years of relative underperformance have depressed valuations of London-listed companies, making them increasingly attractive for foreign buyers and private equity takeovers.    
2026-09-12 08:18:10 EDT [CRAWLER] Some business leaders are pointing the finger at the exchange itself. Octopus Energy founder Greg Jackson has said the exchange needs more "hustle" to win IPOs back.   
2026-09-12 08:18:10 EDT [CRAWLER] It's a narrative Julia Hoggett, chief executive of the London Stock Exchange, is determined to pus
2026-09-12 08:18:10 EDT [CRAWLER] [TICKER MATCH] MACRO
2026-09-12 08:18:10 EDT [CRAWLER] [DISPATCH] Sent MACRO -> AI Server
2026-09-12 08:18:10 EDT [CRAWLER] Extracting
2026-09-12 08:18:14 EDT [CRAWLER] [CRAWLER DONE] Processed: https://finance.yahoo.com/markets/stocks/articles/wave-delistings-london-stock-market-104054719.html | Extracted Links: 0 | Dispatched to AI: YES
2026-09-12 08:18:14 EDT [CRAWLER] [CRAWLER] Visiting: https://finance.yahoo.com/markets/options/articles/250-000-3-high-income-103455530.html
2026-09-12 08:18:14 EDT [CRAWLER] [CRAWLER] Visiting: https://finance.yahoo.com/markets/stocks/articles/mgp-ingredients-launches-first-namesake-103241181.html
2026-09-12 08:18:14 EDT [CRAWLER] Status line: HTTP/1.1 200 OK
2026-09-12 08:18:14 EDT [CRAWLER] [DEBUG] URL: https://finance.yahoo.com/markets/stocks/articles/stock-market-today-futures-rise-103943781.html
2026-09-12 08:18:14 EDT [CRAWLER] [DEBUG] Article length: 15606
2026-09-12 08:18:14 EDT [CRAWLER] [DEBUG] First 1000 chars:
2026-09-12 08:18:14 EDT [CRAWLER] Stocks surged Friday, finishing the week lower, after a closely watched inflation reading reading matched expectations and oil prices fell.  
2026-09-12 08:18:14 EDT [CRAWLER] The blue-chip Dow Jones Industrial Average, tech-focused Nasdaq Composite, and benchmark S&P 500 finished up a respective 1%, 1%, and 0.9%, with the Dow adding more than 500 points, as the indexes broke four-session losing streaks. The S&P's Communication Services, Consumer Discretionary, and Information Technology Sectors led the advances, with Hewlett Packard Enterprise (HPE) and Dell Technologies (DELL) logging double-digit jumps.  
2026-09-12 08:18:14 EDT [CRAWLER] The Dow, S&P 500, and Nasdaq finished down a respective 1.6%, 0.8%, and 0.7% for the four-session trading week.  
2026-09-12 08:18:14 EDT [CRAWLER] Before the opening bell Friday, the CPI reading for August, the final major economic indicator before the Fed's two-day policy meeting next week, indicated that August consumer prices rose 3.4% year-over-year, matching economists' expectations and the July figure. "Core" CPI—which strip out volatile f
2026-09-12 08:18:14 EDT [CRAWLER] [TICKER MATCH] ADBE,APP,BTC,C,GME,GOOGL,INTC,JPM,MS,NVDA,ORCL,TGT,TMUS,UNH
2026-09-12 08:18:14 EDT [CRAWLER] [DISPATCH] Sent ADBE,APP,BTC,C,GME,GOOGL,INTC,JPM,MS,NVDA,ORCL,TGT,TMUS,UNH -> AI Server
2026-09-12 08:18:14 EDT [CRAWLER] Extracting
2026-09-12 08:18:14 EDT [CRAWLER] [CRAWLER DONE] Processed: https://finance.yahoo.com/markets/stocks/articles/stock-market-today-futures-rise-103943781.html | Extracted Links: 0 | Dispatched to AI: YES
2026-09-12 08:18:14 EDT [CRAWLER] Status line: HTTP/1.1 200 OK
2026-09-12 08:18:14 EDT [CRAWLER] [DEBUG] URL: https://finance.yahoo.com/markets/stocks/articles/12-8-yielding-dividend-stock-103501964.html
2026-09-12 08:18:14 EDT [CRAWLER] [DEBUG] Article length: 4819
2026-09-12 08:18:14 EDT [CRAWLER] [DEBUG] First 1000 chars:
2026-09-12 08:18:14 EDT [CRAWLER] Annaly Capital Management's (NYSE:NLY) dividend currently yields an eye-popping 12.8%. While a yield that high often seems like a trap, I think Annaly is a bargain right now.  
2026-09-12 08:18:14 EDT [CRAWLER] Here's why I think income-focused investors should take a closer look at the mortgage REIT.  
2026-09-12 08:18:14 EDT [CRAWLER] Missed Nvidia in 2009? This Rare Signal Is Flashing Again. In 2009, a "Double Down" signal flashed for a little-known chipmaker called Nvidia. For the first time in years, that same "Total Conviction" signal is flashing for a company 1/100th the size of Nvidia. Continue »  
2026-09-12 08:18:14 EDT [CRAWLER] Image source: Getty Images.  
2026-09-12 08:18:14 EDT [CRAWLER] I wanted to start with the bear case because Annaly has at times been a dividend-yield trap. The REIT has cut its dividend several times throughout its history, including in early 2023 when it slashed its quarterly payment from $0.88 per share to $0.65 per share due to its declining earnings. I pulled the plug on my longtime investment in the mortgage REIT shortly after that cut because I got tired of seeing my income s
2026-09-12 08:18:14 EDT [CRAWLER] [TICKER MATCH] NFLX,NVDA
2026-09-12 08:18:14 EDT [CRAWLER] [DISPATCH] Sent NFLX,NVDA -> AI Server
2026-09-12 08:18:14 EDT [CRAWLER] Extracting
2026-09-12 08:18:14 EDT [CRAWLER] [CRAWLER DONE] Processed: https://finance.yahoo.com/markets/stocks/articles/12-8-yielding-dividend-stock-103501964.html | Extracted Links: 0 | Dispatched to AI: YES
2026-09-12 08:18:14 EDT [CRAWLER] Status line: HTTP/1.1 200 OK
2026-09-12 08:18:14 EDT [CRAWLER] [DEBUG] URL: https://finance.yahoo.com/markets/options/articles/250-000-3-high-income-103455530.html
2026-09-12 08:18:14 EDT [CRAWLER] [DEBUG] Article length: 6436
2026-09-12 08:18:14 EDT [CRAWLER] [DEBUG] First 1000 chars:
2026-09-12 08:18:14 EDT [CRAWLER] A $250,000 portfolio split equally among SPYI, QQQI, and IWMI could currently generate about $33,717 annually, or $2,810 per month, based on their latest distribution rates.  
2026-09-12 08:18:14 EDT [CRAWLER] These ETFs should represent the higher-risk portion of a retirement income portfolio, since all three maintain substantial equity exposure and remain vulnerable to market drawdowns and distribution cuts.  
2026-09-12 08:18:21 EDT [ORCHESTRATOR] Beginning graceful session shutdown
2026-09-12 08:18:21 EDT [ORCHESTRATOR] Sending SIGTERM to crawler (pid=31754)
2026-09-12 08:18:21 EDT [CRAWLER] Recent Section 19a-1 notices estimated 97% of SPYI's August distribution and 100% of QQQI's and IWMI's as return of capital, potentially deferring taxes by reducing adjusted cost basis. Final treatment is determined on Form 1099-DIV.  
2026-09-12 08:18:21 EDT [CRAWLER] Just released. Our analysts combed the entire stock market and named the ten best stocks to buy right now. The report is free. Enter your email and see if any of your stocks made the cut.  
2026-09-12 08:18:21 EDT [CRAWLER] One surprisingly important consideration when building a retirement income portfolio is distribution cadence. Traditional stocks commonly pay dividends quarterly. Most bond ETFs distribute mon
2026-09-12 08:18:21 EDT [CRAWLER] [TICKER MATCH] TGT
2026-09-12 08:18:21 EDT [CRAWLER] [DISPATCH] Sent TGT -> AI Server
2026-09-12 08:18:21 EDT [CRAWLER] Extracting
2026-09-12 08:18:21 EDT [CRAWLER] [CRAWLER DONE] Processed: https://finance.yahoo.com/markets/options/articles/250-000-3-high-income-103455530.html | Extracted Links: 0 | Dispatched to AI: YES
2026-09-12 08:18:21 EDT [CRAWLER] Status line: HTTP/1.1 200 OK
2026-09-12 08:18:21 EDT [CRAWLER] [DEBUG] URL: https://finance.yahoo.com/markets/stocks/articles/mgp-ingredients-launches-first-namesake-103241181.html
2026-09-12 08:18:21 EDT [CRAWLER] [DEBUG] Article length: 5299
2026-09-12 08:18:21 EDT [CRAWLER] [DEBUG] First 1000 chars:
2026-09-12 08:18:21 EDT [CRAWLER]     
2026-09-12 08:18:21 EDT [CRAWLER]         
2026-09-12 08:18:21 EDT [CRAWLER]         
2026-09-12 08:18:21 EDT [CRAWLER]          
2026-09-12 08:18:21 EDT [CRAWLER] 	
2026-09-12 08:18:21 EDT [CRAWLER] 		
2026-09-12 08:18:21 EDT [CRAWLER] 		
2026-09-12 08:18:21 EDT [CRAWLER] 		
2026-09-12 08:18:21 EDT [CRAWLER] 		
2026-09-12 08:18:21 EDT [CRAWLER] 		
2026-09-12 08:18:21 EDT [CRAWLER] 		
2026-09-12 08:18:21 EDT [CRAWLER] 		
2026-09-12 08:18:21 EDT [CRAWLER] 		
2026-09-12 08:18:21 EDT [CRAWLER] 		
2026-09-12 08:18:21 EDT [CRAWLER] 		
2026-09-12 08:18:21 EDT [CRAWLER] 		
2026-09-12 08:18:21 EDT [CRAWLER] 		
2026-09-12 08:18:21 EDT [CRAWLER] 		
2026-09-12 08:18:21 EDT [CRAWLER] 		
2026-09-12 08:18:21 EDT [CRAWLER] 		
2026-09-12 08:18:21 EDT [CRAWLER] 		
2026-09-12 08:18:21 EDT [CRAWLER] 		
2026-09-12 08:18:21 EDT [CRAWLER] 		
2026-09-12 08:18:21 EDT [CRAWLER] 		
2026-09-12 08:18:21 EDT [CRAWLER] 		
2026-09-12 08:18:21 EDT [CRAWLER] 		
2026-09-12 08:18:21 EDT [CRAWLER] 		
2026-09-12 08:18:21 EDT [CRAWLER] 		
2026-09-12 08:18:21 EDT [CRAWLER] 		
2026-09-12 08:18:21 EDT [CRAWLER] 		
2026-09-12 08:18:21 EDT [CRAWLER] 		
2026-09-12 08:18:21 EDT [CRAWLER] 		
2026-09-12 08:18:21 EDT [CRAWLER] 		
2026-09-12 08:18:21 EDT [CRAWLER] 		
2026-09-12 08:18:21 EDT [CRAWLER] 		
2026-09-12 08:18:21 EDT [CRAWLER] 		
2026-09-12 08:18:21 EDT [CRAWLER] 		
2026-09-12 08:18:21 EDT [CRAWLER] 		
2026-09-12 08:18:21 EDT [CRAWLER] 		
2026-09-12 08:18:21 EDT [CRAWLER] 		
2026-09-12 08:18:21 EDT [CRAWLER] 		
2026-09-12 08:18:21 EDT [CRAWLER] 		
2026-09-12 08:18:21 EDT [CRAWLER] 		
2026-09-12 08:18:21 EDT [CRAWLER] 		
2026-09-12 08:18:21 EDT [CRAWLER] 		
2026-09-12 08:18:21 EDT [CRAWLER] 		
2026-09-12 08:18:21 EDT [CRAWLER] 		
2026-09-12 08:18:21 EDT [CRAWLER] 		
2026-09-12 08:18:21 EDT [CRAWLER] 		
2026-09-12 08:18:21 EDT [CRAWLER] 		
2026-09-12 08:18:21 EDT [CRAWLER] 		
2026-09-12 08:18:21 EDT [CRAWLER] 		
2026-09-12 08:18:21 EDT [CRAWLER] 		
2026-09-12 08:18:21 EDT [CRAWLER] 		
2026-09-12 08:18:21 EDT [CRAWLER] 		
2026-09-12 08:18:21 EDT [CRAWLER] 		
2026-09-12 08:18:21 EDT [CRAWLER] 		
2026-09-12 08:18:21 EDT [CRAWLER] 		
2026-09-12 08:18:21 EDT [CRAWLER] 		
2026-09-12 08:18:21 EDT [CRAWLER] 		
2026-09-12 08:18:21 EDT [CRAWLER] 		
2026-09-12 08:18:21 EDT [CRAWLER] 		
2026-09-12 08:18:21 EDT [CRAWLER] 		
2026-09-12 08:18:21 EDT [ORCHESTRATOR] crawler exited with code 0
2026-09-12 08:18:21 EDT [CRAWLER] 		
2026-09-12 08:18:21 EDT [ORCHESTRATOR] Sending SIGTERM to AI server (pid=31751)
2026-09-12 08:18:21 EDT [CRAWLER] 		
2026-09-12 08:18:21 EDT [CRAWLER] 		
2026-09-12 08:18:21 EDT [CRAWLER] 		
2026-09-12 08:18:21 EDT [CRAWLER] 		
2026-09-12 08:18:21 EDT [CRAWLER] 		
2026-09-12 08:18:21 EDT [CRAWLER] 		
2026-09-12 08:18:21 EDT [CRAWLER] 		
2026-09-12 08:18:21 EDT [CRAWLER] 		
2026-09-12 08:18:21 EDT [CRAWLER] 		
2026-09-12 08:18:21 EDT [CRAWLER] 		
2026-09-12 08:18:21 EDT [CRAWLER] 		
2026-09-12 08:18:21 EDT [CRAWLER] 		
2026-09-12 08:18:21 EDT [CRAWLER] 		
2026-09-12 08:18:21 EDT [CRAWLER] 		
2026-09-12 08:18:21 EDT [CRAWLER] 		
2026-09-12 08:18:21 EDT [CRAWLER] 		
2026-09-12 08:18:21 EDT [CRAWLER] 		
2026-09-12 08:18:21 EDT [CRAWLER] 		
2026-09-12 08:18:21 EDT [CRAWLER] 		
2026-09-12 08:18:21 EDT [CRAWLER] 		
2026-09-12 08:18:21 EDT [CRAWLER] 		
2026-09-12 08:18:21 EDT [CRAWLER] 		
2026-09-12 08:18:21 EDT [CRAWLER] 		
2026-09-12 08:18:21 EDT [CRAWLER] 		
2026-09-12 08:18:21 EDT [CRAWLER] 		
2026-09-12 08:18:21 EDT [ORCHESTRATOR] AI server exited with code -15
2026-09-12 08:18:21 EDT [CRAWLER] 		
2026-09-12 08:18:21 EDT [CRAWLER] 		
2026-09-12 08:18:21 EDT [CRAWLER] 		
2026-09-12 08:18:21 EDT [CRAWLER] 		
2026-09-12 08:18:21 EDT [CRAWLER] 		
2026-09-12 08:18:21 EDT [CRAWLER] 		
2026-09-12 08:18:21 EDT [CRAWLER] 		
2026-09-12 08:18:21 EDT [CRAWLER] 		
2026-09-12 08:18:21 EDT [CRAWLER] 		
2026-09-12 08:18:21 EDT [CRAWLER] 		
2026-09-12 08:18:21 EDT [CRAWLER] 		
2026-09-12 08:18:21 EDT [CRAWLER] 		
2026-09-12 08:18:21 EDT [CRAWLER] 		
2026-09-12 08:18:21 EDT [CRAWLER] 		
2026-09-12 08:18:21 EDT [CRAWLER] 		
2026-09-12 08:18:21 EDT [CRAWLER] 		
2026-09-12 08:18:21 EDT [CRAWLER] 		
2026-09-12 08:18:21 EDT [CRAWLER] 		
2026-09-12 08:18:21 EDT [CRAWLER] 		
2026-09-12 08:18:21 EDT [CRAWLER] 		
2026-09-12 08:18:21 EDT [CRAWLER] 		
2026-09-12 08:18:21 EDT [CRAWLER] 		
2026-09-12 08:18:21 EDT [CRAWLER] 		
2026-09-12 08:18:21 EDT [CRAWLER] 		
2026-09-12 08:18:21 EDT [CRAWLER] 		
2026-09-12 08:18:21 EDT [CRAWLER] 		
2026-09-12 08:18:21 EDT [CRAWLER] 		
2026-09-12 08:18:21 EDT [CRAWLER] 		
2026-09-12 08:18:21 EDT [CRAWLER] 		
2026-09-12 08:18:21 EDT [CRAWLER] 		
2026-09-12 08:18:21 EDT [CRAWLER] 		
2026-09-12 08:18:21 EDT [CRAWLER] 		
2026-09-12 08:18:21 EDT [CRAWLER] 		
2026-09-12 08:18:21 EDT [CRAWLER] 		
2026-09-12 08:18:21 EDT [CRAWLER] 		
2026-09-12 08:18:21 EDT [CRAWLER] 		
2026-09-12 08:18:21 EDT [CRAWLER] 		
2026-09-12 08:18:21 EDT [CRAWLER] 		
2026-09-12 08:18:21 EDT [CRAWLER] 		
2026-09-12 08:18:21 EDT [CRAWLER] 		
2026-09-12 08:18:21 EDT [CRAWLER] 		
2026-09-12 08:18:21 EDT [CRAWLER] 		
2026-09-12 08:18:21 EDT [CRAWLER] 		
2026-09-12 08:18:21 EDT [CRAWLER] 		
2026-09-12 08:18:21 EDT [CRAWLER] 		
2026-09-12 08:18:21 EDT [CRAWLER] 		
2026-09-12 08:18:21 EDT [CRAWLER] 		
2026-09-12 08:18:21 EDT [CRAWLER] 		
2026-09-12 08:18:21 EDT [CRAWLER] 		
2026-09-12 08:18:21 EDT [CRAWLER] 		
2026-09-12 08:18:21 EDT [CRAWLER] 		
2026-09-12 08:18:21 EDT [CRAWLER] 		
2026-09-12 08:18:21 EDT [CRAWLER] 		
2026-09-12 08:18:21 EDT [CRAWLER] 		
2026-09-12 08:18:21 EDT [CRAWLER] 		
2026-09-12 08:18:21 EDT [CRAWLER] 		
2026-09-12 08:18:21 EDT [CRAWLER] 		
2026-09-12 08:18:21 EDT [CRAWLER] 		
2026-09-12 08:18:21 EDT [CRAWLER] 		
2026-09-12 08:18:21 EDT [CRAWLER] 		
2026-09-12 08:18:21 EDT [CRAWLER] 		
2026-09-12 08:18:21 EDT [CRAWLER] 		
2026-09-12 08:18:21 EDT [CRAWLER] 		
2026-09-12 08:18:21 EDT [CRAWLER] 		
2026-09-12 08:18:21 EDT [CRAWLER] 		
2026-09-12 08:18:21 EDT [CRAWLER] 		
2026-09-12 08:18:21 EDT [CRAWLER] 		
2026-09-12 08:18:21 EDT [CRAWLER] 		
2026-09-12 08:18:21 EDT [CRAWLER] 		
2026-09-12 08:18:21 EDT [CRAWLER] 		
2026-09-12 08:18:21 EDT [CRAWLER] 		
2026-09-12 08:18:21 EDT [CRAWLER] 		
2026-09-12 08:18:21 EDT [CRAWLER] 		
2026-09-12 08:18:21 EDT [CRAWLER] 		
2026-09-12 08:18:21 EDT [CRAWLER] 		
2026-09-12 08:18:21 EDT [CRAWLER] 		
2026-09-12 08:18:21 EDT [CRAWLER] 		
2026-09-12 08:18:21 EDT [CRAWLER] 		
2026-09-12 08:18:21 EDT [CRAWLER] 		
2026-09-12 08:18:21 EDT [CRAWLER] 		
2026-09-12 08:18:21 EDT [CRAWLER] 		
2026-09-12 08:18:21 EDT [CRAWLER] 		
2026-09-12 08:18:21 EDT [CRAWLER] 		
2026-09-12 08:18:21 EDT [CRAWLER] 		
2026-09-12 08:18:21 EDT [CRAWLER] 		
2026-09-12 08:18:21 EDT [CRAWLER] 		
2026-09-12 08:18:21 EDT [CRAWLER] 		
2026-09-12 08:18:21 EDT [CRAWLER] 		
2026-09-12 08:18:21 EDT [CRAWLER] 		
2026-09-12 08:18:21 EDT [CRAWLER] 		
2026-09-12 08:18:21 EDT [CRAWLER] 		
2026-09-12 08:18:21 EDT [CRAWLER] 		
2026-09-12 08:18:21 EDT [CRAWLER] 		
2026-09-12 08:18:21 EDT [CRAWLER] 		
2026-09-12 08:18:21 EDT [CRAWLER] 		
2026-09-12 08:18:21 EDT [CRAWLER] 		
2026-09-12 08:18:21 EDT [CRAWLER] 		
2026-09-12 08:18:21 EDT [CRAWLER] 		
2026-09-12 08:18:21 EDT [CRAWLER] 		
2026-09-12 08:18:21 EDT [CRAWLER] 		
2026-09-12 08:18:21 EDT [CRAWLER] 		
2026-09-12 08:18:21 EDT [CRAWLER] 		
2026-09-12 08:18:21 EDT [CRAWLER] 		
2026-09-12 08:18:21 EDT [CRAWLER] 		
2026-09-12 08:18:21 EDT [CRAWLER] 		
2026-09-12 08:18:21 EDT [CRAWLER] 		
2026-09-12 08:18:21 EDT [CRAWLER] 		
2026-09-12 08:18:21 EDT [CRAWLER] 		
2026-09-12 08:18:21 EDT [CRAWLER] 		
2026-09-12 08:18:21 EDT [CRAWLER] 		
2026-09-12 08:18:21 EDT [CRAWLER] 		
2026-09-12 08:18:21 EDT [CRAWLER] 		
2026-09-12 08:18:21 EDT [CRAWLER] 		
2026-09-12 08:18:21 EDT [CRAWLER] 		
2026-09-12 08:18:21 EDT [CRAWLER] 		
2026-09-12 08:18:21 EDT [CRAWLER] 		
2026-09-12 08:18:21 EDT [CRAWLER] 		
2026-09-12 08:18:21 EDT [CRAWLER] 		
2026-09-12 08:18:21 EDT [CRAWLER] 		
2026-09-12 08:18:21 EDT [CRAWLER] 		
2026-09-12 08:18:21 EDT [CRAWLER] 		
2026-09-12 08:18:21 EDT [CRAWLER] 		
2026-09-12 08:18:21 EDT [CRAWLER] 		
2026-09-12 08:18:21 EDT [CRAWLER] 		
2026-09-12 08:18:21 EDT [CRAWLER] 		
2026-09-12 08:18:21 EDT [CRAWLER] 		
2026-09-12 08:18:21 EDT [CRAWLER] 		
2026-09-12 08:18:21 EDT [CRAWLER] 		
2026-09-12 08:18:21 EDT [CRAWLER] 		
2026-09-12 08:18:21 EDT [CRAWLER] 		
2026-09-12 08:18:21 EDT [CRAWLER] 		
2026-09-12 08:18:21 EDT [CRAWLER] 		
2026-09-12 08:18:21 EDT [CRAWLER] 		
2026-09-12 08:18:21 EDT [CRAWLER] 		
2026-09-12 08:18:21 EDT [CRAWLER] 		MGP Ingredients launches first namesake brand  
2026-09-12 08:18:21 EDT [CRAWLER]     
2026-09-12 08:18:21 EDT [CRAWLER]     
2026-09-12 08:18:21 EDT [CRAWLER]         
2026-09-12 08:18:21 EDT [CRAWLER]                Oops, something went wrong                    Skip to navigation   Skip to main content   Skip to right column                                   MGP Ingredients launches first namesake brand        MGP Ingredients launches f
2026-09-12 08:18:21 EDT [CRAWLER] [TICKER MATCH] MACRO
2026-09-12 08:18:21 EDT [CRAWLER] [DISPATCH] Sent MACRO -> AI Server
2026-09-12 08:18:21 EDT [CRAWLER] Extracting
2026-09-12 08:18:21 EDT [CRAWLER] [STATE] Saved 219 URLs to history.txt (save #1)
2026-09-12 08:18:21 EDT [CRAWLER] [CRAWLER DONE] Processed: https://finance.yahoo.com/markets/stocks/articles/mgp-ingredients-launches-first-namesake-103241181.html | Extracted Links: 0 | Dispatched to AI: YES
2026-09-12 08:18:21 EDT [CRAWLER] [CRAWLER MILESTONE] Queue fully drained. All 8 workers idle. Visited URLs saved to history.txt (219 URLs).
2026-09-12 08:18:21 EDT [CRAWLER] [SYSTEM] Interrupt received. Shutting down...
2026-09-12 08:18:21 EDT [CRAWLER] [SYSTEM] Shutdown requested. Draining 0 queued URL(s)...
2026-09-12 08:18:21 EDT [CRAWLER] [STATE] Saved 219 URLs to history.txt (save #2)
2026-09-12 08:18:21 EDT [CRAWLER] [SYSTEM] Crawler stopped. 219 URLs persisted to history.txt
2026-09-12 08:18:21 EDT [CRAWLER] [SYSTEM] Exited cleanly.
2026-09-12 08:18:22 EDT [ORCHESTRATOR] ================= SESSION SUMMARY =================
2026-09-12 08:18:22 EDT [ORCHESTRATOR] Articles scraped : 26
2026-09-12 08:18:22 EDT [ORCHESTRATOR] AI batches       : 0
2026-09-12 08:18:22 EDT [ORCHESTRATOR] Signals generated: 0
2026-09-12 08:18:22 EDT [ORCHESTRATOR] Trades placed    : 0
2026-09-12 08:18:22 EDT [ORCHESTRATOR] Trading mode     : ALPACA PAPER
2026-09-12 08:18:22 EDT [ORCHESTRATOR] Final equity     : $100,000.00
2026-09-12 08:18:22 EDT [ORCHESTRATOR] history.txt      : 24,668 bytes
2026-09-12 08:18:22 EDT [ORCHESTRATOR] =====================================================
2026-09-12 08:18:22 EDT [ORCHESTRATOR] Session complete (exit=0)
2026-09-12 08:34:03 EDT [ORCHESTRATOR] =====================================================
2026-09-12 08:34:03 EDT [ORCHESTRATOR] ANA overnight runner starting
2026-09-12 08:34:03 EDT [ORCHESTRATOR] Repository root: /home/harr-harr/Projects/ana_1
2026-09-12 08:34:03 EDT [ORCHESTRATOR] Log file: /home/harr-harr/Projects/ana_1/logs/session_2026-09-12.log
2026-09-12 08:34:03 EDT [ORCHESTRATOR] Mode: ALPACA PAPER [CRYPTO 24/7]
2026-09-12 08:34:03 EDT [ORCHESTRATOR] Ollama is already listening on 127.0.0.1:11434
2026-09-12 08:34:03 EDT [ORCHESTRATOR] Ollama model 'llama3.1' is installed
2026-09-12 08:34:03 EDT [ORCHESTRATOR] C++ binaries ready: AI=build/aiserv, CRAWLER=build/main_client
2026-09-12 08:34:03 EDT [ORCHESTRATOR] --crypto supplied: bypassing US market clock and running 24/7
2026-09-12 08:34:03 EDT [ORCHESTRATOR] NOTE: crypto orders carry no broker-side bracket; stops are software-managed via stop_limit
2026-09-12 08:34:03 EDT [ORCHESTRATOR] Phase AI mode: ACTIVE BROKER ROUTING
2026-09-12 08:34:03 EDT [ORCHESTRATOR] Starting: /home/harr-harr/Projects/ana_1/build/aiserv
2026-09-12 08:34:03 EDT [ORCHESTRATOR] AI server is listening on 127.0.0.1:58888
2026-09-12 08:34:03 EDT [ORCHESTRATOR] Starting: /home/harr-harr/Projects/ana_1/build/main_client
2026-09-12 08:34:04 EDT [ORCHESTRATOR] Crawler started (pid=34081)
2026-09-12 08:34:23 EDT [ORCHESTRATOR] Beginning graceful session shutdown
2026-09-12 08:34:23 EDT [ORCHESTRATOR] Sending SIGTERM to crawler (pid=34081)
2026-09-12 08:34:23 EDT [CRAWLER] [STATE] Loaded 219 URLs from history.txt
2026-09-12 08:34:23 EDT [CRAWLER] Starting Trading Crawler Engine...
2026-09-12 08:34:23 EDT [CRAWLER] [SYSTEM] Press Ctrl-C for a clean shutdown (history will be flushed).
2026-09-12 08:34:23 EDT [CRAWLER] [SYSTEM] Trading Crawler Engine Started with 8 workers.
2026-09-12 08:34:23 EDT [CRAWLER] [CRAWLER] Visiting: https://www.coindesk.com/
2026-09-12 08:34:23 EDT [CRAWLER] [CRAWLER] Visiting: https://cointelegraph.com/
2026-09-12 08:34:23 EDT [CRAWLER] [CRAWLER] Visiting: https://decrypt.co/
2026-09-12 08:34:23 EDT [CRAWLER] Status line: HTTP/1.1 429 Too Many Requests
2026-09-12 08:34:23 EDT [CRAWLER] [DEBUG] URL: https://www.coindesk.com/
2026-09-12 08:34:23 EDT [CRAWLER] [DEBUG] Article length: 226
2026-09-12 08:34:23 EDT [CRAWLER] [DEBUG] First 1000 chars:
2026-09-12 08:34:23 EDT [CRAWLER] We're verifying your browser
2026-09-12 08:34:23 EDT [CRAWLER] Vercel Security Checkpoint
2026-09-12 08:34:23 EDT [CRAWLER] 800
2026-09-12 08:34:23 EDT [CRAWLER] syd1::1789216444-YLLSY2DySjTwD2nIWmceVBYoR1VpNgnI
2026-09-12 08:34:23 EDT [CRAWLER] Enable JavaScript to continue
2026-09-12 08:34:23 EDT [CRAWLER] Vercel Security Checkpoint
2026-09-12 08:34:23 EDT [CRAWLER] syd1::1789216444-YLLSY2DySjTwD2nIWmceVBYoR1VpNgnI
2026-09-12 08:34:23 EDT [CRAWLER] [CASHTAGS] Loaded 249 company names from data/companies.csv
2026-09-12 08:34:23 EDT [CRAWLER] [TICKER MATCH] MACRO
2026-09-12 08:34:23 EDT [CRAWLER] [DISPATCH] Sent MACRO -> AI Server
2026-09-12 08:34:23 EDT [CRAWLER] Extracting
2026-09-12 08:34:23 EDT [CRAWLER] [CRAWLER DONE] Processed: https://www.coindesk.com/ | Extracted Links: 0 | Dispatched to AI: YES
2026-09-12 08:34:23 EDT [CRAWLER] Status line: HTTP/1.1 200 OK
2026-09-12 08:34:23 EDT [CRAWLER] [DEBUG] URL: https://decrypt.co/
2026-09-12 08:34:23 EDT [CRAWLER] [DEBUG] Article length: 6072
2026-09-12 08:34:23 EDT [CRAWLER] [DEBUG] First 1000 chars:
2026-09-12 08:34:23 EDT [CRAWLER] Decrypt: AI, Bitcoin, Culture, Gaming, and Crypto News - DecryptCoin PricesBTC$77,304.000.46%ETH$2,533.053.13%BNB$735.683.41%XRP$1.373.48%USDC$0.9998580.00%SOL$102.283.12%TRX$0.3409191.52%FIGR_HELOC$1.016-1.77%ZEC$1,149.964.44%HYPE$80.131.69%DOGE$0.0849652.08%RAIN$0.0151243-3.06%XMR$528.513.28%USDS$0.999810.01%WBT$80.360.92%LINK$11.561.75%LEO$9.11-0.34%ADA$0.2088813.46%XLM$0.1818464.55%BCH$230.863.06%USDE$0.9997620.03%USD1$0.9997010.01%LTC$53.972.99%UNI$6.468.92%CC$0.0984362.34%GRAM$1.372.53%USDG$0.999946-0.01%AVAX$7.441.57%HBAR$0.0746851.10%SHIB$0.000005346.20%NEAR$2.36-2.07%SUI$0.727791.83%CRO$0.058043.60%PYUSD$0.9998710.01%BUIDL$1.000.00%M$1.18-0.54%XAUT$4,347.620.26%USYC$1.140.03%RLUSD$0.99997-0.00%OKB$114.272.35%TAO$236.172.30%USDY$1.150.01%AAVE$127.404.43%MNT$0.574143-0.26%PAXG$4,352.640.26%ASTER$0.6855060.10%WLFI$0.05761110.28%DOT$1.046-3.18%ONDO$0.3522561.91%MORPHO$2.29-0.60%HTX$0.000001711.39%ICP$2.750.94%USDD$0.997911-0.12%SKY$0.0635937.56%BTW$0.5497359.44%PUMP$0.00355309-0.4
2026-09-12 08:34:23 EDT [CRAWLER] [TICKER MATCH] BTC,XRP
2026-09-12 08:34:23 EDT [CRAWLER] [DISPATCH] Sent BTC,XRP -> AI Server
2026-09-12 08:34:23 EDT [CRAWLER] Extracting
2026-09-12 08:34:23 EDT [CRAWLER] [CRAWLER DONE] Processed: https://decrypt.co/ | Extracted Links: 0 | Dispatched to AI: YES
2026-09-12 08:34:23 EDT [CRAWLER] Status line: HTTP/1.1 200 OK
2026-09-12 08:34:23 EDT [CRAWLER] [DEBUG] URL: https://cointelegraph.com/
2026-09-12 08:34:23 EDT [CRAWLER] [DEBUG] Article length: 5059
2026-09-12 08:34:23 EDT [CRAWLER] [DEBUG] First 1000 chars:
2026-09-12 08:34:23 EDT [CRAWLER] Cointelegraph Bitcoin & Ethereum Blockchain News
2026-09-12 08:34:23 EDT [CRAWLER] 1022
2026-09-12 08:34:23 EDT [CRAWLER] 3fa9
2026-09-12 08:34:23 EDT [CRAWLER] DOGE$0.08503 1.14%TRX$0.3410 1.38%LINK$11.56 0.22%ZEC$1,152.09 0.99%ADA$0.2089 1.29%XRP$1.37 1.83%ETH$2,533.77 2.38%BTC$77,326.94 0.34%XMR$529.11 3.16%BNB$736.32 2.87%XLM$0.1820 2.85%SOL$102.38 2.18%HYPE$80.29 0.44%Cointelegraph Bitcoin & Ethereum Blockchain News Live  News & MarketsHere’s what happened in crypto today15hBitcoin Suisse to shift up to half of Swiss jobs abroad16hHyperliquid’s biggest risk is regulation, says Ran Neuner17hAnchorage Digital adds institutional access to Frgmnt’s fUSD stablecoin20h
2026-09-12 08:34:23 EDT [CRAWLER] 5009
2026-09-12 08:34:23 EDT [CRAWLER] Bitcoin ETF outflows accelerate as investors pull $449M in three days1dView moreTop crypto news todayBitcoin spikes toward $80K as US CPI data delivers new 22-year high in bond yields20 hours agoWilliam SubergTrading stocks against BONER is the latest trend for DeFi degens23 hours agoChristina CombenBlockstream rejects ransom as Liquid hackers hold nearly 600 BTCSep 11, 2026Ezra ReguerraMetaplanet cuts S
2026-09-12 08:34:23 EDT [CRAWLER] [TICKER MATCH] BTC,ETH,SOL,XRP
2026-09-12 08:34:23 EDT [CRAWLER] [DISPATCH] Sent BTC,ETH,SOL,XRP -> AI Server
2026-09-12 08:34:23 EDT [CRAWLER] Extracting
2026-09-12 08:34:23 EDT [CRAWLER] [STATE] Saved 219 URLs to history.txt (save #1)
2026-09-12 08:34:23 EDT [CRAWLER] [CRAWLER DONE] Processed: https://cointelegraph.com/ | Extracted Links: 0 | Dispatched to AI: YES
2026-09-12 08:34:23 EDT [CRAWLER] [CRAWLER MILESTONE] Queue fully drained. All 8 workers idle. Visited URLs saved to history.txt (219 URLs).
2026-09-12 08:34:23 EDT [CRAWLER] [SYSTEM] Interrupt received. Shutting down...
2026-09-12 08:34:23 EDT [CRAWLER] [SYSTEM] Shutdown requested. Draining 0 queued URL(s)...
2026-09-12 08:34:23 EDT [CRAWLER] [STATE] Saved 219 URLs to history.txt (save #2)
2026-09-12 08:34:23 EDT [CRAWLER] [SYSTEM] Crawler stopped. 219 URLs persisted to history.txt
2026-09-12 08:34:23 EDT [CRAWLER] [SYSTEM] Exited cleanly.
2026-09-12 08:34:23 EDT [ORCHESTRATOR] crawler exited with code 0
2026-09-12 08:34:23 EDT [ORCHESTRATOR] Sending SIGTERM to AI server (pid=34074)
2026-09-12 08:34:23 EDT [ORCHESTRATOR] AI server exited with code -15
2026-09-12 08:34:24 EDT [ORCHESTRATOR] ================= SESSION SUMMARY =================
2026-09-12 08:34:24 EDT [ORCHESTRATOR] Articles scraped : 3
2026-09-12 08:34:24 EDT [ORCHESTRATOR] AI batches       : 0
2026-09-12 08:34:24 EDT [ORCHESTRATOR] Signals generated: 1
2026-09-12 08:34:24 EDT [ORCHESTRATOR] Trades placed    : 0
2026-09-12 08:34:24 EDT [ORCHESTRATOR] Trading mode     : ALPACA PAPER
2026-09-12 08:34:24 EDT [ORCHESTRATOR] Final equity     : $100,000.00
2026-09-12 08:34:24 EDT [ORCHESTRATOR] history.txt      : 24,668 bytes
2026-09-12 08:34:24 EDT [ORCHESTRATOR] =====================================================
2026-09-12 08:34:24 EDT [ORCHESTRATOR] Session complete (exit=0)
2026-09-12 08:34:38 EDT [ORCHESTRATOR] =====================================================
2026-09-12 08:34:38 EDT [ORCHESTRATOR] ANA overnight runner starting
2026-09-12 08:34:38 EDT [ORCHESTRATOR] Repository root: /home/harr-harr/Projects/ana_1
2026-09-12 08:34:38 EDT [ORCHESTRATOR] Log file: /home/harr-harr/Projects/ana_1/logs/session_2026-09-12.log
2026-09-12 08:34:38 EDT [ORCHESTRATOR] Mode: ALPACA PAPER [CRYPTO 24/7]
2026-09-12 08:34:38 EDT [ORCHESTRATOR] Ollama is already listening on 127.0.0.1:11434
2026-09-12 08:34:38 EDT [ORCHESTRATOR] Ollama model 'llama3.1' is installed
2026-09-12 08:34:38 EDT [ORCHESTRATOR] C++ binaries ready: AI=build/aiserv, CRAWLER=build/main_client
2026-09-12 08:34:38 EDT [ORCHESTRATOR] --crypto supplied: bypassing US market clock and running 24/7
2026-09-12 08:34:38 EDT [ORCHESTRATOR] NOTE: crypto orders carry no broker-side bracket; stops are software-managed via stop_limit
2026-09-12 08:34:38 EDT [ORCHESTRATOR] Phase AI mode: ACTIVE BROKER ROUTING
2026-09-12 08:34:38 EDT [ORCHESTRATOR] Starting: /home/harr-harr/Projects/ana_1/build/aiserv
2026-09-12 08:34:38 EDT [ORCHESTRATOR] AI server is listening on 127.0.0.1:58888
2026-09-12 08:34:38 EDT [ORCHESTRATOR] Starting: /home/harr-harr/Projects/ana_1/build/main_client
2026-09-12 08:34:38 EDT [ORCHESTRATOR] Crawler started (pid=34158)
2026-09-12 08:34:46 EDT [ORCHESTRATOR] Beginning graceful session shutdown
2026-09-12 08:34:46 EDT [ORCHESTRATOR] Sending SIGTERM to crawler (pid=34158)
2026-09-12 08:34:46 EDT [CRAWLER] [STATE] Loaded 219 URLs from history.txt
2026-09-12 08:34:46 EDT [CRAWLER] Starting Trading Crawler Engine...
2026-09-12 08:34:46 EDT [CRAWLER] [SYSTEM] Press Ctrl-C for a clean shutdown (history will be flushed).
2026-09-12 08:34:46 EDT [CRAWLER] [SYSTEM] Trading Crawler Engine Started with 8 workers.
2026-09-12 08:34:46 EDT [CRAWLER] [CRAWLER] Visiting: https://www.coindesk.com/
2026-09-12 08:34:46 EDT [CRAWLER] [CRAWLER] Visiting: https://cointelegraph.com/
2026-09-12 08:34:46 EDT [CRAWLER] [CRAWLER] Visiting: https://decrypt.co/
2026-09-12 08:34:46 EDT [CRAWLER] Status line: HTTP/1.1 429 Too Many Requests
2026-09-12 08:34:46 EDT [CRAWLER] [DEBUG] URL: https://www.coindesk.com/
2026-09-12 08:34:46 EDT [CRAWLER] [DEBUG] Article length: 226
2026-09-12 08:34:46 EDT [CRAWLER] [DEBUG] First 1000 chars:
2026-09-12 08:34:46 EDT [CRAWLER] We're verifying your browser
2026-09-12 08:34:46 EDT [CRAWLER] Vercel Security Checkpoint
2026-09-12 08:34:46 EDT [CRAWLER] 800
2026-09-12 08:34:46 EDT [CRAWLER] syd1::1789216478-KGa0fIzuXqJfimwrHKCQuTMe6gx38vMD
2026-09-12 08:34:46 EDT [CRAWLER] Enable JavaScript to continue
2026-09-12 08:34:46 EDT [CRAWLER] Vercel Security Checkpoint
2026-09-12 08:34:46 EDT [CRAWLER] syd1::1789216478-KGa0fIzuXqJfimwrHKCQuTMe6gx38vMD
2026-09-12 08:34:46 EDT [CRAWLER] [CASHTAGS] Loaded 249 company names from data/companies.csv
2026-09-12 08:34:46 EDT [CRAWLER] [TICKER MATCH] MACRO
2026-09-12 08:34:46 EDT [CRAWLER] [DISPATCH] Sent MACRO -> AI Server
2026-09-12 08:34:46 EDT [CRAWLER] Extracting
2026-09-12 08:34:46 EDT [CRAWLER] [CRAWLER DONE] Processed: https://www.coindesk.com/ | Extracted Links: 0 | Dispatched to AI: YES
2026-09-12 08:34:46 EDT [CRAWLER] Status line: HTTP/1.1 200 OK
2026-09-12 08:34:46 EDT [CRAWLER] [DEBUG] URL: https://cointelegraph.com/
2026-09-12 08:34:46 EDT [CRAWLER] [DEBUG] Article length: 4987
2026-09-12 08:34:46 EDT [CRAWLER] [DEBUG] First 1000 chars:
2026-09-12 08:34:46 EDT [CRAWLER] Cointelegraph Bitcoin & Ethereum Blockchain NewsDOGE$0.08503 1.14%TRX$0.3410 1.38%LINK$11.56 0.22%ZEC$1,152.09 0.99%ADA$0.2089 1.29%XRP$1.37 1.83%ETH$2,533.77 2.38%BTC$77,326.94 0.34%XMR$529.11 3.16%BNB$736.32 2.87%XLM$0.1820 2.85%SOL$102.38 2.18%HYPE$80.29 0.44%Cointelegraph Bitcoin & Ethereum Blockchain News Live  News & MarketsHere’s what happened in crypto today15hBitcoin Suisse to shift up to half of Swiss jobs abroad16hHyperliquid’s biggest risk is regulation, says Ran Neuner17hAnchorage Digital adds institutional access to Frgmnt’s fUSD stablecoin20hBitcoin ETF outflows accelerate as investors pull $449M in three days1dView moreTop crypto news todayBitcoin spikes toward $80K as US CPI data delivers new 22-year high in bond yields20 hours agoWilliam SubergTrading stocks against BONER is the latest trend for DeFi degens23 hours agoChristina CombenBlockstream rejects ransom as Liquid hackers hold nearly 600 BTCSep 11, 2026Ezra ReguerraMetaplanet cuts Series 10 stock pool by 4
2026-09-12 08:34:46 EDT [CRAWLER] [TICKER MATCH] BTC,ETH,SOL,XRP
2026-09-12 08:34:46 EDT [CRAWLER] [DISPATCH] Sent BTC,ETH,SOL,XRP -> AI Server
2026-09-12 08:34:46 EDT [CRAWLER] Extracting
2026-09-12 08:34:46 EDT [CRAWLER] [CRAWLER DONE] Processed: https://cointelegraph.com/ | Extracted Links: 0 | Dispatched to AI: YES
2026-09-12 08:34:46 EDT [CRAWLER] Status line: HTTP/1.1 200 OK
2026-09-12 08:34:46 EDT [CRAWLER] [DEBUG] URL: https://decrypt.co/
2026-09-12 08:34:46 EDT [CRAWLER] [DEBUG] Article length: 6055
2026-09-12 08:34:46 EDT [CRAWLER] [DEBUG] First 1000 chars:
2026-09-12 08:34:46 EDT [CRAWLER] Decrypt: AI, Bitcoin, Culture, Gaming, and Crypto News - DecryptCoin PricesBTC$77,304.000.46%ETH$2,533.053.13%BNB$735.683.41%XRP$1.373.48%USDC$0.9998580.00%SOL$102.283.12%TRX$0.3409191.52%FIGR_HELOC$1.016-1.77%ZEC$1,149.964.44%HYPE$80.131.69%DOGE$0.0849652.08%RAIN$0.0151243-3.06%XMR$528.513.28%USDS$0.999810.01%WBT$80.360.92%LINK$11.561.75%LEO$9.11-0.34%ADA$0.2088813.46%XLM$0.1818464.55%BCH$230.863.06%USDE$0.9997620.03%USD1$0.9997010.01%LTC$53.972.99%UNI$6.468.92%CC$0.0984362.34%GRAM$1.372.53%USDG$0.999946-0.01%AVAX$7.441.57%HBAR$0.0746851.10%SHIB$0.000005346.20%NEAR$2.36-2.07%SUI$0.727791.83%CRO$0.058043.60%PYUSD$0.9998710.01%BUIDL$1.000.00%M$1.18-0.54%XAUT$4,347.620.26%USYC$1.140.03%RLUSD$0.99997-0.00%OKB$114.272.35%TAO$236.172.30%USDY$1.150.01%AAVE$127.404.43%MNT$0.574143-0.26%PAXG$4,352.640.26%ASTER$0.6855060.10%WLFI$0.05761110.28%DOT$1.046-3.18%ONDO$0.3522561.91%MORPHO$2.29-0.60%HTX$0.000001711.39%ICP$2.750.94%USDD$0.997911-0.12%SKY$0.0635937.56%BTW$0.5497359.44%PUMP$0.00355309-0.4
2026-09-12 08:34:46 EDT [CRAWLER] [TICKER MATCH] BTC,XRP
2026-09-12 08:34:46 EDT [CRAWLER] [DISPATCH] Sent BTC,XRP -> AI Server
2026-09-12 08:34:46 EDT [CRAWLER] Extracting
2026-09-12 08:34:46 EDT [CRAWLER] [STATE] Saved 219 URLs to history.txt (save #1)
2026-09-12 08:34:46 EDT [CRAWLER] [CRAWLER DONE] Processed: https://decrypt.co/ | Extracted Links: 0 | Dispatched to AI: YES
2026-09-12 08:34:46 EDT [CRAWLER] [CRAWLER MILESTONE] Queue fully drained. All 8 workers idle. Visited URLs saved to history.txt (219 URLs).
2026-09-12 08:34:46 EDT [CRAWLER] [SYSTEM] Interrupt received. Shutting down...
2026-09-12 08:34:46 EDT [CRAWLER] [SYSTEM] Shutdown requested. Draining 0 queued URL(s)...
2026-09-12 08:34:46 EDT [CRAWLER] [STATE] Saved 219 URLs to history.txt (save #2)
2026-09-12 08:34:46 EDT [CRAWLER] [SYSTEM] Crawler stopped. 219 URLs persisted to history.txt
2026-09-12 08:34:46 EDT [CRAWLER] [SYSTEM] Exited cleanly.
2026-09-12 08:34:46 EDT [ORCHESTRATOR] crawler exited with code 0
2026-09-12 08:34:46 EDT [ORCHESTRATOR] Sending SIGTERM to AI server (pid=34155)
2026-09-12 08:34:46 EDT [ORCHESTRATOR] AI server exited with code -15
2026-09-12 08:34:47 EDT [ORCHESTRATOR] ================= SESSION SUMMARY =================
2026-09-12 08:34:47 EDT [ORCHESTRATOR] Articles scraped : 3
2026-09-12 08:34:47 EDT [ORCHESTRATOR] AI batches       : 0
2026-09-12 08:34:47 EDT [ORCHESTRATOR] Signals generated: 0
2026-09-12 08:34:47 EDT [ORCHESTRATOR] Trades placed    : 0
2026-09-12 08:34:47 EDT [ORCHESTRATOR] Trading mode     : ALPACA PAPER
2026-09-12 08:34:47 EDT [ORCHESTRATOR] Final equity     : $100,000.00
2026-09-12 08:34:47 EDT [ORCHESTRATOR] history.txt      : 24,668 bytes
2026-09-12 08:34:47 EDT [ORCHESTRATOR] =====================================================
2026-09-12 08:34:47 EDT [ORCHESTRATOR] Session complete (exit=0)
2026-09-12 08:39:42 EDT [ORCHESTRATOR] =====================================================
2026-09-12 08:39:42 EDT [ORCHESTRATOR] ANA overnight runner starting
2026-09-12 08:39:42 EDT [ORCHESTRATOR] Repository root: /home/harr-harr/Projects/ana_1
2026-09-12 08:39:42 EDT [ORCHESTRATOR] Log file: /home/harr-harr/Projects/ana_1/logs/session_2026-09-12.log
2026-09-12 08:39:42 EDT [ORCHESTRATOR] Mode: ALPACA PAPER [CRYPTO 24/7]
2026-09-12 08:39:43 EDT [ORCHESTRATOR] Ollama is already listening on 127.0.0.1:11434
2026-09-12 08:39:43 EDT [ORCHESTRATOR] Ollama model 'llama3.1' is installed
2026-09-12 08:39:43 EDT [ORCHESTRATOR] C++ binaries ready: AI=build/aiserv, CRAWLER=build/main_client
2026-09-12 08:39:43 EDT [ORCHESTRATOR] --crypto supplied: bypassing US market clock and running 24/7
2026-09-12 08:39:43 EDT [ORCHESTRATOR] NOTE: crypto orders carry no broker-side bracket; stops are software-managed via stop_limit
2026-09-12 08:39:43 EDT [ORCHESTRATOR] Phase AI mode: ACTIVE BROKER ROUTING
2026-09-12 08:39:43 EDT [ORCHESTRATOR] Starting: /home/harr-harr/Projects/ana_1/build/aiserv
2026-09-12 08:39:43 EDT [ORCHESTRATOR] AI server is listening on 127.0.0.1:58888
2026-09-12 08:39:43 EDT [ORCHESTRATOR] Starting: /home/harr-harr/Projects/ana_1/build/main_client
2026-09-12 08:39:43 EDT [ORCHESTRATOR] Crawler started (pid=34780)
2026-09-12 08:39:47 EDT [ORCHESTRATOR] Beginning graceful session shutdown
2026-09-12 08:39:47 EDT [ORCHESTRATOR] Sending SIGTERM to crawler (pid=34780)
2026-09-12 08:39:47 EDT [CRAWLER] [STATE] Loaded 219 URLs from history.txt
2026-09-12 08:39:47 EDT [CRAWLER] Starting Trading Crawler Engine...
2026-09-12 08:39:47 EDT [CRAWLER] [SYSTEM] Press Ctrl-C for a clean shutdown (history will be flushed).
2026-09-12 08:39:47 EDT [CRAWLER] [SYSTEM] Trading Crawler Engine Started with 8 workers.
2026-09-12 08:39:47 EDT [CRAWLER] [CRAWLER] Visiting: https://www.coindesk.com/
2026-09-12 08:39:47 EDT [CRAWLER] [CRAWLER] Visiting: https://cointelegraph.com/
2026-09-12 08:39:47 EDT [CRAWLER] [CRAWLER] Visiting: https://decrypt.co/
2026-09-12 08:39:47 EDT [CRAWLER] Status line: HTTP/1.1 429 Too Many Requests
2026-09-12 08:39:47 EDT [CRAWLER] [DEBUG] URL: https://www.coindesk.com/
2026-09-12 08:39:47 EDT [CRAWLER] [DEBUG] Article length: 226
2026-09-12 08:39:47 EDT [CRAWLER] [DEBUG] First 1000 chars:
2026-09-12 08:39:47 EDT [CRAWLER] We're verifying your browser
2026-09-12 08:39:47 EDT [CRAWLER] Vercel Security Checkpoint
2026-09-12 08:39:47 EDT [CRAWLER] 800
2026-09-12 08:39:47 EDT [CRAWLER] syd1::1789216783-SGlLSnIxBd880EGkYlqqpYYeY4uVyfNe
2026-09-12 08:39:47 EDT [CRAWLER] Enable JavaScript to continue
2026-09-12 08:39:47 EDT [CRAWLER] Vercel Security Checkpoint
2026-09-12 08:39:47 EDT [CRAWLER] syd1::1789216783-SGlLSnIxBd880EGkYlqqpYYeY4uVyfNe
2026-09-12 08:39:47 EDT [CRAWLER] [CASHTAGS] Loaded 249 company names from data/companies.csv
2026-09-12 08:39:47 EDT [CRAWLER] [TICKER MATCH] MACRO
2026-09-12 08:39:47 EDT [CRAWLER] [DISPATCH] Sent MACRO -> AI Server
2026-09-12 08:39:47 EDT [CRAWLER] Extracting
2026-09-12 08:39:47 EDT [CRAWLER] [CRAWLER DONE] Processed: https://www.coindesk.com/ | Extracted Links: 0 | Dispatched to AI: YES
2026-09-12 08:39:47 EDT [CRAWLER] Status line: HTTP/1.1 200 OK
2026-09-12 08:39:47 EDT [CRAWLER] [DEBUG] URL: https://decrypt.co/
2026-09-12 08:39:47 EDT [CRAWLER] [DEBUG] Article length: 6106
2026-09-12 08:39:47 EDT [CRAWLER] [DEBUG] First 1000 chars:
2026-09-12 08:39:47 EDT [CRAWLER] Decrypt: AI, Bitcoin, Culture, Gaming, and Crypto News - DecryptCoin PricesBTC$77,312.000.46%ETH$2,533.172.55%BNB$736.062.91%XRP$1.372.22%USDC$0.9998550.00%SOL$102.362.30%TRX$0.3408811.39%FIGR_HELOC$1.016-1.77%ZEC$1,151.171.09%HYPE$80.27-0.23%DOGE$0.0850111.25%RAIN$0.01511721-3.08%XMR$529.423.37%USDS$0.999771-0.00%WBT$80.360.80%LINK$11.560.49%LEO$9.11-0.37%ADA$0.2089021.56%XLM$0.1820983.60%BCH$230.942.55%USDE$0.9997590.03%USD1$0.9997010.01%LTC$53.962.34%UNI$6.467.05%CC$0.0984471.31%GRAM$1.371.76%USDG$0.999944-0.01%AVAX$7.450.41%HBAR$0.0747260.28%SHIB$0.000005355.15%NEAR$2.37-5.30%SUI$0.7286170.31%CRO$0.0581082.85%PYUSD$0.9998050.00%BUIDL$1.000.00%M$1.18-0.80%XAUT$4,347.560.31%USYC$1.140.03%RLUSD$0.9999620.00%OKB$114.291.44%TAO$236.550.92%USDY$1.150.07%AAVE$127.483.23%MNT$0.574127-0.66%PAXG$4,352.550.39%ASTER$0.686558-0.90%WLFI$0.0574979.27%DOT$1.046-4.40%ONDO$0.3523480.25%MORPHO$2.29-1.98%HTX$0.000001711.38%ICP$2.75-0.75%USDD$0.997777-0.14%BTW$0.5518379.97%SKY$0.0635496.51%PUMP$0.00358
2026-09-12 08:39:47 EDT [CRAWLER] [TICKER MATCH] BTC,XRP
2026-09-12 08:39:47 EDT [CRAWLER] [DISPATCH] Sent BTC,XRP -> AI Server
2026-09-12 08:39:47 EDT [CRAWLER] Extracting
2026-09-12 08:39:47 EDT [CRAWLER] [CRAWLER DONE] Processed: https://decrypt.co/ | Extracted Links: 0 | Dispatched to AI: YES
2026-09-12 08:39:47 EDT [CRAWLER] Status line: HTTP/1.1 200 OK
2026-09-12 08:39:47 EDT [CRAWLER] [DEBUG] URL: https://cointelegraph.com/
2026-09-12 08:39:47 EDT [CRAWLER] [DEBUG] Article length: 5094
2026-09-12 08:39:47 EDT [CRAWLER] [DEBUG] First 1000 chars:
2026-09-12 08:39:47 EDT [CRAWLER] Cointelegraph Bitcoin & Ethereum Blockchain News
2026-09-12 08:39:47 EDT [CRAWLER] 1feb
2026-09-12 08:39:47 EDT [CRAWLER] DOGE$0.08506 0.05%TRX$0.3410 1.22%LINK$11.57 0.30%ZEC$1,160.04 0.15%ADA$0.2091 0.48%XRP$1.37 0.68%ETH$2,535.34 1.45%BTC$77,338.69 0.33%XMR$529.57 3.17%BNB$736.66
2026-09-12 08:39:47 EDT [CRAWLER] fce
2026-09-12 08:39:47 EDT [CRAWLER]  2.08%XLM$0.1820 1.89%SOL$102.32 1.12%HYPE$80.37 1.47%Cointelegraph Bitcoin & Ethereum Blockchain News
2026-09-12 08:39:47 EDT [CRAWLER] f72
2026-09-12 08:39:47 EDT [CRAWLER]  Live  News & MarketsHere’s what happened in crypto today15hBitcoin Suisse to shift up to half of Swiss jobs abroad16hHyperliquid’s biggest risk is regulation, says Ran Neuner17hAnchorage Digital adds institutional access to Frgmnt’s fUSD stablecoin20h
2026-09-12 08:39:47 EDT [CRAWLER] 3093
2026-09-12 08:39:47 EDT [CRAWLER] Bitcoin ETF outflows accelerate as investors pull $449M in three days1dView moreTop crypto news todayBitcoin spikes toward $80K as US CPI data delivers new 22-year high in bond yields20 hours agoWilliam SubergTrading stocks against BONER is the latest trend for DeFi degens23 hours agoChristina Comben
2026-09-12 08:39:47 EDT [CRAWLER] fe8
2026-09-12 08:39:47 EDT [CRAWLER] Blockstream rejects ransom as Liquid hackers hold nearly 600 BTCSep 11, 2026Ezra Reguerra
2026-09-12 08:39:47 EDT [CRAWLER] 6d
2026-09-12 08:39:47 EDT [CRAWLER] [TICKER MATCH] BTC,ETH,SOL,XRP
2026-09-12 08:39:47 EDT [CRAWLER] [DISPATCH] Sent BTC,ETH,SOL,XRP -> AI Server
2026-09-12 08:39:47 EDT [CRAWLER] Extracting
2026-09-12 08:39:47 EDT [CRAWLER] [STATE] Saved 219 URLs to history.txt (save #1)
2026-09-12 08:39:47 EDT [CRAWLER] [CRAWLER DONE] Processed: https://cointelegraph.com/ | Extracted Links: 0 | Dispatched to AI: YES
2026-09-12 08:39:47 EDT [CRAWLER] [CRAWLER MILESTONE] Queue fully drained. All 8 workers idle. Visited URLs saved to history.txt (219 URLs).
2026-09-12 08:39:47 EDT [CRAWLER] [SYSTEM] Interrupt received. Shutting down...
2026-09-12 08:39:47 EDT [CRAWLER] [SYSTEM] Shutdown requested. Draining 0 queued URL(s)...
2026-09-12 08:39:47 EDT [CRAWLER] [STATE] Saved 219 URLs to history.txt (save #2)
2026-09-12 08:39:47 EDT [CRAWLER] [SYSTEM] Crawler stopped. 219 URLs persisted to history.txt
2026-09-12 08:39:47 EDT [CRAWLER] [SYSTEM] Exited cleanly.
2026-09-12 08:39:47 EDT [ORCHESTRATOR] crawler exited with code 0
2026-09-12 08:39:47 EDT [ORCHESTRATOR] Sending SIGTERM to AI server (pid=34772)
2026-09-12 08:39:47 EDT [ORCHESTRATOR] AI server exited with code -15
2026-09-12 08:39:48 EDT [ORCHESTRATOR] ================= SESSION SUMMARY =================
2026-09-12 08:39:48 EDT [ORCHESTRATOR] Articles scraped : 3
2026-09-12 08:39:48 EDT [ORCHESTRATOR] AI batches       : 0
2026-09-12 08:39:48 EDT [ORCHESTRATOR] Signals generated: 0
2026-09-12 08:39:48 EDT [ORCHESTRATOR] Trades placed    : 0
2026-09-12 08:39:48 EDT [ORCHESTRATOR] Trading mode     : ALPACA PAPER
2026-09-12 08:39:48 EDT [ORCHESTRATOR] Final equity     : $100,000.00
2026-09-12 08:39:48 EDT [ORCHESTRATOR] history.txt      : 24,668 bytes
2026-09-12 08:39:48 EDT [ORCHESTRATOR] =====================================================
2026-09-12 08:39:48 EDT [ORCHESTRATOR] Session complete (exit=0)
2026-09-12 08:46:01 EDT [ORCHESTRATOR] =====================================================
2026-09-12 08:46:01 EDT [ORCHESTRATOR] ANA overnight runner starting
2026-09-12 08:46:01 EDT [ORCHESTRATOR] Repository root: /home/harr-harr/Projects/ana_1
2026-09-12 08:46:01 EDT [ORCHESTRATOR] Log file: /home/harr-harr/Projects/ana_1/logs/session_2026-09-12.log
2026-09-12 08:46:01 EDT [ORCHESTRATOR] Mode: ALPACA PAPER [CRYPTO 24/7]
2026-09-12 08:46:01 EDT [ORCHESTRATOR] Ollama is already listening on 127.0.0.1:11434
2026-09-12 08:46:01 EDT [ORCHESTRATOR] Ollama model 'llama3.1' is installed
2026-09-12 08:46:01 EDT [ORCHESTRATOR] C++ binaries ready: AI=build/aiserv, CRAWLER=build/main_client
2026-09-12 08:46:01 EDT [ORCHESTRATOR] --crypto supplied: bypassing US market clock and running 24/7
2026-09-12 08:46:01 EDT [ORCHESTRATOR] NOTE: crypto orders carry no broker-side bracket; stops are software-managed via stop_limit
2026-09-12 08:46:01 EDT [ORCHESTRATOR] Phase AI mode: ACTIVE BROKER ROUTING
2026-09-12 08:46:01 EDT [ORCHESTRATOR] Starting: /home/harr-harr/Projects/ana_1/build/aiserv
2026-09-12 08:46:01 EDT [AI SERVER] [AI SERVER] Listening on 127.0.0.1:58888
2026-09-12 08:46:01 EDT [AI SERVER] [AI SERVER] Logging to trading_signals.csv
2026-09-12 08:46:01 EDT [AI SERVER] [AI SERVER] Broker: PAPER paper-api.alpaca.markets
2026-09-12 08:46:01 EDT [BROKER TRADE] [AI SERVER] Order log: orders.log
2026-09-12 08:46:01 EDT [BROKER TRADE] [AI SERVER] Per-order cap: 5% of equity | portfolio cap: 25%
2026-09-12 08:46:01 EDT [ORCHESTRATOR] AI server is listening on 127.0.0.1:58888
2026-09-12 08:46:01 EDT [ORCHESTRATOR] Starting: /home/harr-harr/Projects/ana_1/build/main_client
2026-09-12 08:46:01 EDT [ORCHESTRATOR] Crawler started (pid=36066)
2026-09-12 08:46:01 EDT [CRAWLER] [STATE] Loaded 219 URLs from history.txt
2026-09-12 08:46:01 EDT [CRAWLER] Starting Trading Crawler Engine...
2026-09-12 08:46:01 EDT [CRAWLER] [SYSTEM] Press Ctrl-C for a clean shutdown (history will be flushed).
2026-09-12 08:46:01 EDT [CRAWLER] [SYSTEM] Trading Crawler Engine Started with 8 workers.
2026-09-12 08:46:01 EDT [CRAWLER] [CRAWLER] Visiting: https://www.coindesk.com/
2026-09-12 08:46:01 EDT [CRAWLER] [CRAWLER] Visiting: https://cointelegraph.com/
2026-09-12 08:46:01 EDT [CRAWLER] [CRAWLER] Visiting: https://decrypt.co/
2026-09-12 08:46:02 EDT [CRAWLER] Status line: HTTP/1.1 429 Too Many Requests
2026-09-12 08:46:02 EDT [CRAWLER] [DEBUG] URL: https://www.coindesk.com/
2026-09-12 08:46:02 EDT [CRAWLER] [DEBUG] Article length: 226
2026-09-12 08:46:02 EDT [CRAWLER] [DEBUG] First 1000 chars:
2026-09-12 08:46:02 EDT [CRAWLER] We're verifying your browser
2026-09-12 08:46:02 EDT [CRAWLER] Vercel Security Checkpoint
2026-09-12 08:46:02 EDT [CRAWLER] 800
2026-09-12 08:46:02 EDT [CRAWLER] syd1::1789217162-KY4lVNFaTrrEqVoYvjyNVFmdclISA7nU
2026-09-12 08:46:02 EDT [CRAWLER] Enable JavaScript to continue
2026-09-12 08:46:02 EDT [CRAWLER] Vercel Security Checkpoint
2026-09-12 08:46:02 EDT [CRAWLER] syd1::1789217162-KY4lVNFaTrrEqVoYvjyNVFmdclISA7nU
2026-09-12 08:46:02 EDT [CRAWLER] [CASHTAGS] Loaded 249 company names from data/companies.csv
2026-09-12 08:46:02 EDT [CRAWLER] [TICKER MATCH] MACRO
2026-09-12 08:46:02 EDT [CRAWLER] [DISPATCH] Sent MACRO -> AI Server
2026-09-12 08:46:02 EDT [CRAWLER] Extracting
2026-09-12 08:46:02 EDT [CRAWLER] [CRAWLER DONE] Processed: https://www.coindesk.com/ | Extracted Links: 0 | Dispatched to AI: YES
2026-09-12 08:46:02 EDT [AI SERVER] [AI BATCH START] 1 ticker(s) for article (226 chars): MACRO
2026-09-12 08:46:03 EDT [CRAWLER] Status line: HTTP/1.1 200 OK
2026-09-12 08:46:03 EDT [CRAWLER] [DEBUG] URL: https://decrypt.co/
2026-09-12 08:46:03 EDT [CRAWLER] [DEBUG] Article length: 6093
2026-09-12 08:46:03 EDT [CRAWLER] [DEBUG] First 1000 chars:
2026-09-12 08:46:03 EDT [CRAWLER] Decrypt: AI, Bitcoin, Culture, Gaming, and Crypto News - DecryptCoin PricesBTC$77,324.00-0.22%ETH$2,535.381.84%BNB$736.942.23%XRP$1.371.09%USDC$0.9998590.01%SOL$102.321.49%TRX$0.3410041.33%FIGR_HELOC$1.016-1.80%ZEC$1,159.290.96%HYPE$80.39-1.01%DOGE$0.0850480.64%RAIN$0.01512838-3.94%XMR$529.343.30%USDS$0.9998680.02%WBT$80.380.10%LINK$11.580.46%LEO$9.11-0.37%ADA$0.209090.90%XLM$0.1819492.35%BCH$231.161.54%USDE$0.9997480.03%USD1$0.9997030.02%LTC$54.021.69%UNI$6.455.58%CC$0.0984550.25%GRAM$1.380.88%USDG$0.999975-0.01%AVAX$7.46-1.29%HBAR$0.074771-0.44%SHIB$0.000005354.35%NEAR$2.38-6.41%SUI$0.729436-0.74%CRO$0.058222.45%PYUSD$0.9998430.01%BUIDL$1.000.00%M$1.18-1.45%XAUT$4,347.41-0.25%USYC$1.140.03%RLUSD$1.000.02%OKB$114.440.62%TAO$236.98-0.26%USDY$1.15-0.01%AAVE$127.522.44%MNT$0.574224-1.43%PAXG$4,352.71-0.20%ASTER$0.687125-1.63%WLFI$0.0571999.22%DOT$1.047-4.62%ONDO$0.352526-0.68%MORPHO$2.29-2.71%ICP$2.75-1.79%HTX$0.000001711.42%USDD$0.997653-0.24%PUMP$0.00361822-2.79%BTW$0.5508258.96%SKY$0.
2026-09-12 08:46:03 EDT [CRAWLER] [TICKER MATCH] BTC,XRP
2026-09-12 08:46:03 EDT [CRAWLER] [DISPATCH] Sent BTC,XRP -> AI Server
2026-09-12 08:46:03 EDT [CRAWLER] Extracting
2026-09-12 08:46:03 EDT [AI SERVER] [AI BATCH START] 2 ticker(s) for article (6093 chars): BTC,XRP
2026-09-12 08:46:03 EDT [CRAWLER] [CRAWLER DONE] Processed: https://decrypt.co/ | Extracted Links: 0 | Dispatched to AI: YES
2026-09-12 08:46:05 EDT [CRAWLER] Status line: HTTP/1.1 200 OK
2026-09-12 08:46:05 EDT [CRAWLER] [DEBUG] URL: https://cointelegraph.com/
2026-09-12 08:46:05 EDT [CRAWLER] [DEBUG] Article length: 5078
2026-09-12 08:46:05 EDT [CRAWLER] [DEBUG] First 1000 chars:
2026-09-12 08:46:05 EDT [CRAWLER] Cointelegraph Bitcoin & Ethereum Blockchain News
2026-09-12 08:46:05 EDT [CRAWLER] 1022
2026-09-12 08:46:05 EDT [CRAWLER] 302d
2026-09-12 08:46:05 EDT [CRAWLER] DOGE$0.08505 0.48%TRX$0.3410 1.37%LINK$11.56 0.15%ZEC$1,158.36 0.08%ADA$0.2089 0.56%XRP$1.37 0.67%ETH$2,534.62 1.49%BTC$77,324.85 0.45%XMR$529.04 3.09%BNB$736.54 1.99%XLM$0.1817 1.91%SOL$102.24 1.09%HYPE$80.32 1.48%Cointelegraph Bitcoin & Ethereum Blockchain News
2026-09-12 08:46:05 EDT [CRAWLER] f72
2026-09-12 08:46:05 EDT [CRAWLER]  Live  News & MarketsHere’s what happened in crypto today15hBitcoin Suisse to shift up to half of Swiss jobs abroad16hHyperliquid’s biggest risk is regulation, says Ran Neuner18hAnchorage Digital adds institutional access to Frgmnt’s fUSD stablecoin20h
2026-09-12 08:46:05 EDT [CRAWLER] 20ca
2026-09-12 08:46:05 EDT [CRAWLER] Bitcoin ETF outflows accelerate as investors pull $449M in three days1dView moreTop crypto news todayBitcoin spikes toward $80K as US CPI data delivers new 22-year high in bond yields20 hours agoWilliam 
2026-09-12 08:46:05 EDT [CRAWLER] fc9
2026-09-12 08:46:05 EDT [CRAWLER] SubergTrading stocks against BONER is the latest trend for DeFi degens23 hours agoChristina Comben
2026-09-12 08:46:05 EDT [CRAWLER] fe8
2026-09-12 08:46:05 EDT [CRAWLER] Blockstream rejects ransom as Liquid hackers hold nearly 600 BTCSep 11, 2026Ezra Regu
2026-09-12 08:46:05 EDT [CRAWLER] [TICKER MATCH] BTC,ETH,SOL,XRP
2026-09-12 08:46:05 EDT [CRAWLER] [DISPATCH] Sent BTC,ETH,SOL,XRP -> AI Server
2026-09-12 08:46:05 EDT [CRAWLER] Extracting
2026-09-12 08:46:05 EDT [AI SERVER] [AI BATCH START] 4 ticker(s) for article (5078 chars): BTC,ETH,SOL,XRP
2026-09-12 08:46:05 EDT [CRAWLER] [STATE] Saved 219 URLs to history.txt (save #1)
2026-09-12 08:46:05 EDT [CRAWLER] [CRAWLER DONE] Processed: https://cointelegraph.com/ | Extracted Links: 0 | Dispatched to AI: YES
2026-09-12 08:46:05 EDT [CRAWLER] [CRAWLER MILESTONE] Queue fully drained. All 8 workers idle. Visited URLs saved to history.txt (219 URLs).
2026-09-12 08:46:14 EDT [AI SERVER] [RESULT] 2026-09-12 12:46:14.769111894 | MACRO -> NEUTRAL
2026-09-12 08:46:14 EDT [AI SERVER] [AI BATCH COMPLETE] Finished analyzing 1/1 tickers for article (Elapsed: 12647 ms).
2026-09-12 08:46:14 EDT [AI SERVER] [AI STATUS] Summary: 0 BULLISH (Traded), 0 BEARISH, 1 NEUTRAL.
2026-09-12 08:47:14 EDT [AI SERVER] [RESULT] 2026-09-12 12:47:14.643315530 | BTC -> BEARISH
2026-09-12 08:47:14 EDT [AI SERVER] [RESULT] 2026-09-12 12:47:14.643315530 | ETH -> NEUTRAL
2026-09-12 08:47:14 EDT [AI SERVER] [RESULT] 2026-09-12 12:47:14.643315530 | SOL -> BEARISH
2026-09-12 08:47:14 EDT [AI SERVER] [RESULT] 2026-09-12 12:47:14.643315530 | XRP -> BEARISH
2026-09-12 08:47:14 EDT [AI SERVER] [AI BATCH COMPLETE] Finished analyzing 4/4 tickers for article (Elapsed: 69165 ms).
2026-09-12 08:47:14 EDT [AI SERVER] [AI STATUS] Summary: 0 BULLISH (Traded), 3 BEARISH, 1 NEUTRAL.
2026-09-12 08:49:33 EDT [AI SERVER] [RESULT] 2026-09-12 12:49:33.703262809 | BTC -> BEARISH
2026-09-12 08:49:33 EDT [AI SERVER] [RESULT] 2026-09-12 12:49:33.703262809 | XRP -> NEUTRAL
2026-09-12 08:49:33 EDT [AI SERVER] [AI BATCH COMPLETE] Finished analyzing 2/2 tickers for article (Elapsed: 210073 ms).
2026-09-12 08:49:33 EDT [AI SERVER] [AI STATUS] Summary: 0 BULLISH (Traded), 1 BEARISH, 1 NEUTRAL.
2026-09-12 08:51:35 EDT [ORCHESTRATOR] Beginning graceful session shutdown
2026-09-12 08:51:35 EDT [ORCHESTRATOR] Sending SIGTERM to crawler (pid=36066)
2026-09-12 08:51:35 EDT [CRAWLER] [SYSTEM] Interrupt received. Shutting down...
2026-09-12 08:51:35 EDT [CRAWLER] [SYSTEM] Shutdown requested. Draining 0 queued URL(s)...
2026-09-12 08:51:35 EDT [CRAWLER] [STATE] Saved 219 URLs to history.txt (save #2)
2026-09-12 08:51:35 EDT [CRAWLER] [SYSTEM] Crawler stopped. 219 URLs persisted to history.txt
2026-09-12 08:51:35 EDT [CRAWLER] [SYSTEM] Exited cleanly.
2026-09-12 08:51:35 EDT [ORCHESTRATOR] crawler exited with code 0
2026-09-12 08:51:35 EDT [ORCHESTRATOR] Sending SIGTERM to AI server (pid=36059)
2026-09-12 08:51:35 EDT [ORCHESTRATOR] AI server exited with code -15
2026-09-12 08:51:36 EDT [ORCHESTRATOR] ================= SESSION SUMMARY =================
2026-09-12 08:51:36 EDT [ORCHESTRATOR] Articles scraped : 3
2026-09-12 08:51:36 EDT [ORCHESTRATOR] AI batches       : 3
2026-09-12 08:51:36 EDT [ORCHESTRATOR] Signals generated: 7
2026-09-12 08:51:36 EDT [ORCHESTRATOR] Trades placed    : 0
2026-09-12 08:51:36 EDT [ORCHESTRATOR] Trading mode     : ALPACA PAPER
2026-09-12 08:51:36 EDT [ORCHESTRATOR] Final equity     : $100,000.00
2026-09-12 08:51:36 EDT [ORCHESTRATOR] history.txt      : 24,668 bytes
2026-09-12 08:51:36 EDT [ORCHESTRATOR] =====================================================
2026-09-12 08:51:36 EDT [ORCHESTRATOR] Session complete (exit=0)
2026-09-12 23:41:43 EDT [ORCHESTRATOR] =====================================================
2026-09-12 23:41:43 EDT [ORCHESTRATOR] ANA overnight runner starting
2026-09-12 23:41:43 EDT [ORCHESTRATOR] Repository root: /home/harr-harr/Projects/ana_1
2026-09-12 23:41:43 EDT [ORCHESTRATOR] Log file: /home/harr-harr/Projects/ana_1/logs/session_2026-09-12.log
2026-09-12 23:41:43 EDT [ORCHESTRATOR] Mode: ALPACA PAPER
2026-09-12 23:41:43 EDT [ORCHESTRATOR] Ollama is already listening on 127.0.0.1:11434
2026-09-12 23:41:43 EDT [ORCHESTRATOR] Ollama model 'llama3.1' is installed
2026-09-12 23:41:43 EDT [ORCHESTRATOR] C++ binaries ready: AI=build/aiserv, CRAWLER=build/main_client
2026-09-12 23:41:43 EDT [ORCHESTRATOR] Alpaca clock: is_open=False, next_open=9:30 AM EDT, next_close=4:00 PM EDT
2026-09-12 23:41:55 EDT [ORCHESTRATOR] Beginning graceful session shutdown
2026-09-12 23:41:56 EDT [ORCHESTRATOR] ================= SESSION SUMMARY =================
2026-09-12 23:41:56 EDT [ORCHESTRATOR] Articles scraped : 0
2026-09-12 23:41:56 EDT [ORCHESTRATOR] AI batches       : 0
2026-09-12 23:41:56 EDT [ORCHESTRATOR] Signals generated: 0
2026-09-12 23:41:56 EDT [ORCHESTRATOR] Trades placed    : 0
2026-09-12 23:41:56 EDT [ORCHESTRATOR] Trading mode     : ALPACA PAPER
2026-09-12 23:41:56 EDT [ORCHESTRATOR] Final equity     : $100,000.00
2026-09-12 23:41:56 EDT [ORCHESTRATOR] history.txt      : 24,668 bytes
2026-09-12 23:41:56 EDT [ORCHESTRATOR] =====================================================
2026-09-12 23:42:00 EDT [ORCHESTRATOR] =====================================================
2026-09-12 23:42:00 EDT [ORCHESTRATOR] ANA overnight runner starting
2026-09-12 23:42:00 EDT [ORCHESTRATOR] Repository root: /home/harr-harr/Projects/ana_1
2026-09-12 23:42:00 EDT [ORCHESTRATOR] Log file: /home/harr-harr/Projects/ana_1/logs/session_2026-09-12.log
2026-09-12 23:42:00 EDT [ORCHESTRATOR] Mode: ALPACA PAPER [CRYPTO 24/7]
2026-09-12 23:42:00 EDT [ORCHESTRATOR] Ollama is already listening on 127.0.0.1:11434
2026-09-12 23:42:00 EDT [ORCHESTRATOR] Ollama model 'llama3.1' is installed
2026-09-12 23:42:00 EDT [ORCHESTRATOR] C++ binaries ready: AI=build/aiserv, CRAWLER=build/main_client
2026-09-12 23:42:00 EDT [ORCHESTRATOR] --crypto supplied: bypassing US market clock and running 24/7
2026-09-12 23:42:00 EDT [ORCHESTRATOR] NOTE: crypto orders carry no broker-side bracket; stops are software-managed via stop_limit
2026-09-12 23:42:00 EDT [ORCHESTRATOR] Phase AI mode: ACTIVE BROKER ROUTING
2026-09-12 23:42:00 EDT [ORCHESTRATOR] Starting: /home/harr-harr/Projects/ana_1/build/aiserv
2026-09-12 23:42:00 EDT [AI SERVER] [AI SERVER] Listening on 127.0.0.1:58888
2026-09-12 23:42:00 EDT [AI SERVER] [AI SERVER] Logging to trading_signals.csv
2026-09-12 23:42:00 EDT [AI SERVER] [AI SERVER] Broker: PAPER paper-api.alpaca.markets
2026-09-12 23:42:00 EDT [BROKER TRADE] [AI SERVER] Order log: orders.log
2026-09-12 23:42:00 EDT [BROKER TRADE] [AI SERVER] Per-order cap: 5% of equity | portfolio cap: 25%
2026-09-12 23:42:00 EDT [ORCHESTRATOR] AI server is listening on 127.0.0.1:58888
2026-09-12 23:42:00 EDT [ORCHESTRATOR] Starting: /home/harr-harr/Projects/ana_1/build/main_client
2026-09-12 23:42:00 EDT [ORCHESTRATOR] Crawler started (pid=1602411)
2026-09-12 23:42:01 EDT [CRAWLER] [STATE] Loaded 219 URLs from history.txt
2026-09-12 23:42:01 EDT [CRAWLER] Starting Trading Crawler Engine...
2026-09-12 23:42:01 EDT [CRAWLER] [SYSTEM] Press Ctrl-C for a clean shutdown (history will be flushed).
2026-09-12 23:42:01 EDT [CRAWLER] [SYSTEM] Trading Crawler Engine Started with 8 workers.
2026-09-12 23:42:01 EDT [CRAWLER] [CRAWLER] Visiting: https://finance.yahoo.com/news/rss
2026-09-12 23:42:01 EDT [CRAWLER] [CRAWLER] Visiting: https://www.prnewswire.com/rss/news-releases-list.rss
2026-09-12 23:42:01 EDT [CRAWLER] [CRAWLER] Visiting: https://www.cnbc.com/id/100003114/device/rss/rss.html
2026-09-12 23:42:01 EDT [CRAWLER] Status line: HTTP/1.1 200 OK
2026-09-12 23:42:01 EDT [CRAWLER] [CRAWLER DONE] Processed: https://finance.yahoo.com/news/rss | Extracted Links: 18 | Dispatched to AI: NO
2026-09-12 23:42:01 EDT [CRAWLER] Status line: HTTP/1.1 200 OK
2026-09-12 23:42:01 EDT [CRAWLER] [CRAWLER DONE] Processed: https://www.cnbc.com/id/100003114/device/rss/rss.html | Extracted Links: 30 | Dispatched to AI: NO
2026-09-12 23:42:02 EDT [CRAWLER] [CRAWLER] Visiting: https://finance.yahoo.com/markets/stocks/articles/coca-cola-loses-30-u-203500461.html
2026-09-12 23:42:02 EDT [CRAWLER] Status line: HTTP/1.1 301 Moved Permanently
2026-09-12 23:42:02 EDT [CRAWLER] [DEBUG] URL: https://www.prnewswire.com/rss/news-releases-list.rss
2026-09-12 23:42:02 EDT [CRAWLER] [DEBUG] Article length: 30
2026-09-12 23:42:02 EDT [CRAWLER] [DEBUG] First 1000 chars:
2026-09-12 23:42:02 EDT [CRAWLER] The document has moved here.
2026-09-12 23:42:02 EDT [CRAWLER] [CASHTAGS] Loaded 249 company names from data/companies.csv
2026-09-12 23:42:02 EDT [CRAWLER] [TICKER MATCH] MACRO
2026-09-12 23:42:02 EDT [CRAWLER] [DISPATCH] Sent MACRO -> AI Server
2026-09-12 23:42:02 EDT [CRAWLER] Extracting
2026-09-12 23:42:02 EDT [AI SERVER] [AI BATCH START] 1 ticker(s) for article (30 chars): MACRO
2026-09-12 23:42:02 EDT [CRAWLER] [CRAWLER DONE] Processed: https://www.prnewswire.com/rss/news-releases-list.rss | Extracted Links: 0 | Dispatched to AI: YES
2026-09-12 23:42:03 EDT [CRAWLER] [CRAWLER] Visiting: https://finance.yahoo.com/markets/stocks/articles/stellantis-belvidere-reopening-slips-again-204330100.html
2026-09-12 23:42:04 EDT [CRAWLER] [CRAWLER] Visiting: https://finance.yahoo.com/markets/stocks/articles/peak-back-future-proof-citywide-202158735.html
2026-09-12 23:42:04 EDT [CRAWLER] Status line: HTTP/1.1 200 OK
2026-09-12 23:42:04 EDT [CRAWLER] [DEBUG] URL: https://finance.yahoo.com/markets/stocks/articles/coca-cola-loses-30-u-203500461.html
2026-09-12 23:42:04 EDT [CRAWLER] [DEBUG] Article length: 7291
2026-09-12 23:42:04 EDT [CRAWLER] [DEBUG] First 1000 chars:
2026-09-12 23:42:04 EDT [CRAWLER]     
2026-09-12 23:42:04 EDT [CRAWLER]         
2026-09-12 23:42:04 EDT [CRAWLER]         
2026-09-12 23:42:04 EDT [CRAWLER]          
2026-09-12 23:42:04 EDT [CRAWLER] 	
2026-09-12 23:42:04 EDT [CRAWLER] 		
2026-09-12 23:42:04 EDT [CRAWLER] 		
2026-09-12 23:42:04 EDT [CRAWLER] 		
2026-09-12 23:42:04 EDT [CRAWLER] 		
2026-09-12 23:42:04 EDT [CRAWLER] 		
2026-09-12 23:42:04 EDT [CRAWLER] 		
2026-09-12 23:42:04 EDT [CRAWLER] 		
2026-09-12 23:42:04 EDT [CRAWLER] 		
2026-09-12 23:42:04 EDT [CRAWLER] 		
2026-09-12 23:42:04 EDT [CRAWLER] 		
2026-09-12 23:42:04 EDT [CRAWLER] 		
2026-09-12 23:42:04 EDT [CRAWLER] 		
2026-09-12 23:42:04 EDT [CRAWLER] 		
2026-09-12 23:42:04 EDT [CRAWLER] 		
2026-09-12 23:42:04 EDT [CRAWLER] 		
2026-09-12 23:42:04 EDT [CRAWLER] 		
2026-09-12 23:42:04 EDT [CRAWLER] 		
2026-09-12 23:42:04 EDT [CRAWLER] 		
2026-09-12 23:42:04 EDT [CRAWLER] 		
2026-09-12 23:42:04 EDT [CRAWLER] 		
2026-09-12 23:42:04 EDT [CRAWLER] 		
2026-09-12 23:42:04 EDT [CRAWLER] 		
2026-09-12 23:42:04 EDT [CRAWLER] 		
2026-09-12 23:42:04 EDT [CRAWLER] 		
2026-09-12 23:42:04 EDT [CRAWLER] 		
2026-09-12 23:42:04 EDT [CRAWLER] 		
2026-09-12 23:42:04 EDT [CRAWLER] 		
2026-09-12 23:42:04 EDT [CRAWLER] 		
2026-09-12 23:42:04 EDT [CRAWLER] 		
2026-09-12 23:42:04 EDT [CRAWLER] 		
2026-09-12 23:42:04 EDT [CRAWLER] 		
2026-09-12 23:42:04 EDT [CRAWLER] 		
2026-09-12 23:42:04 EDT [CRAWLER] 		
2026-09-12 23:42:04 EDT [CRAWLER] 		
2026-09-12 23:42:04 EDT [CRAWLER] 		
2026-09-12 23:42:04 EDT [CRAWLER] 		
2026-09-12 23:42:04 EDT [CRAWLER] 		
2026-09-12 23:42:04 EDT [CRAWLER] 		
2026-09-12 23:42:04 EDT [CRAWLER] 		
2026-09-12 23:42:04 EDT [CRAWLER] 		
2026-09-12 23:42:04 EDT [CRAWLER] 		
2026-09-12 23:42:04 EDT [CRAWLER] 		
2026-09-12 23:42:04 EDT [CRAWLER] 		
2026-09-12 23:42:04 EDT [CRAWLER] 		
2026-09-12 23:42:04 EDT [CRAWLER] 		
2026-09-12 23:42:04 EDT [CRAWLER] 		
2026-09-12 23:42:04 EDT [CRAWLER] 		
2026-09-12 23:42:04 EDT [CRAWLER] 		
2026-09-12 23:42:04 EDT [CRAWLER] 		
2026-09-12 23:42:04 EDT [CRAWLER] 		
2026-09-12 23:42:04 EDT [CRAWLER] 		
2026-09-12 23:42:04 EDT [CRAWLER] 		
2026-09-12 23:42:04 EDT [CRAWLER] 		
2026-09-12 23:42:04 EDT [CRAWLER] 		
2026-09-12 23:42:04 EDT [AI SERVER] [AI BATCH START] 4 ticker(s) for article (7291 chars): KO,NFLX,NVDA,PEP
2026-09-12 23:42:04 EDT [CRAWLER] 		
2026-09-12 23:42:04 EDT [CRAWLER] 		
2026-09-12 23:42:04 EDT [CRAWLER] 		
2026-09-12 23:42:04 EDT [CRAWLER] 		
2026-09-12 23:42:04 EDT [CRAWLER] 		
2026-09-12 23:42:04 EDT [CRAWLER] 		
2026-09-12 23:42:04 EDT [CRAWLER] 		
2026-09-12 23:42:04 EDT [CRAWLER] 		
2026-09-12 23:42:04 EDT [CRAWLER] 		
2026-09-12 23:42:04 EDT [CRAWLER] 		
2026-09-12 23:42:04 EDT [CRAWLER] 		
2026-09-12 23:42:04 EDT [CRAWLER] 		
2026-09-12 23:42:04 EDT [CRAWLER] 		
2026-09-12 23:42:04 EDT [CRAWLER] 		
2026-09-12 23:42:04 EDT [CRAWLER] 		
2026-09-12 23:42:04 EDT [CRAWLER] 		
2026-09-12 23:42:04 EDT [CRAWLER] 		
2026-09-12 23:42:04 EDT [CRAWLER] 		
2026-09-12 23:42:04 EDT [CRAWLER] 		
2026-09-12 23:42:04 EDT [CRAWLER] 		
2026-09-12 23:42:04 EDT [CRAWLER] 		
2026-09-12 23:42:04 EDT [CRAWLER] 		
2026-09-12 23:42:04 EDT [CRAWLER] 		
2026-09-12 23:42:04 EDT [CRAWLER] 		
2026-09-12 23:42:04 EDT [CRAWLER] 		
2026-09-12 23:42:04 EDT [CRAWLER] 		
2026-09-12 23:42:04 EDT [CRAWLER] 		
2026-09-12 23:42:04 EDT [CRAWLER] 		
2026-09-12 23:42:04 EDT [CRAWLER] 		
2026-09-12 23:42:04 EDT [CRAWLER] 		
2026-09-12 23:42:04 EDT [CRAWLER] 		
2026-09-12 23:42:04 EDT [CRAWLER] 		
2026-09-12 23:42:04 EDT [CRAWLER] 		
2026-09-12 23:42:04 EDT [CRAWLER] 		
2026-09-12 23:42:04 EDT [CRAWLER] 		
2026-09-12 23:42:04 EDT [CRAWLER] 		
2026-09-12 23:42:04 EDT [CRAWLER] 		
2026-09-12 23:42:04 EDT [CRAWLER] 		
2026-09-12 23:42:04 EDT [CRAWLER] 		
2026-09-12 23:42:04 EDT [CRAWLER] 		
2026-09-12 23:42:04 EDT [CRAWLER] 		
2026-09-12 23:42:04 EDT [CRAWLER] 		
2026-09-12 23:42:04 EDT [CRAWLER] 		
2026-09-12 23:42:04 EDT [CRAWLER] 		
2026-09-12 23:42:04 EDT [CRAWLER] 		
2026-09-12 23:42:04 EDT [CRAWLER] 		
2026-09-12 23:42:04 EDT [CRAWLER] 		
2026-09-12 23:42:04 EDT [CRAWLER] 		
2026-09-12 23:42:04 EDT [CRAWLER] 		
2026-09-12 23:42:04 EDT [CRAWLER] 		
2026-09-12 23:42:04 EDT [CRAWLER] 		
2026-09-12 23:42:04 EDT [CRAWLER] 		
2026-09-12 23:42:04 EDT [CRAWLER] 		
2026-09-12 23:42:04 EDT [CRAWLER] 		
2026-09-12 23:42:04 EDT [CRAWLER] 		
2026-09-12 23:42:04 EDT [CRAWLER] 		
2026-09-12 23:42:04 EDT [CRAWLER] 		
2026-09-12 23:42:04 EDT [CRAWLER] 		
2026-09-12 23:42:04 EDT [CRAWLER] 		
2026-09-12 23:42:04 EDT [CRAWLER] 		
2026-09-12 23:42:04 EDT [CRAWLER] 		
2026-09-12 23:42:04 EDT [CRAWLER] 		
2026-09-12 23:42:04 EDT [CRAWLER] 		
2026-09-12 23:42:04 EDT [CRAWLER] 		
2026-09-12 23:42:04 EDT [CRAWLER] 		
2026-09-12 23:42:04 EDT [CRAWLER] 		
2026-09-12 23:42:04 EDT [CRAWLER] 		
2026-09-12 23:42:04 EDT [CRAWLER] 		
2026-09-12 23:42:04 EDT [CRAWLER] 		
2026-09-12 23:42:04 EDT [CRAWLER] 		
2026-09-12 23:42:04 EDT [CRAWLER] 		
2026-09-12 23:42:04 EDT [CRAWLER] 		
2026-09-12 23:42:04 EDT [CRAWLER] 		
2026-09-12 23:42:04 EDT [CRAWLER] 		
2026-09-12 23:42:04 EDT [CRAWLER] 		
2026-09-12 23:42:04 EDT [CRAWLER] 		
2026-09-12 23:42:04 EDT [CRAWLER] 		
2026-09-12 23:42:04 EDT [CRAWLER] 		
2026-09-12 23:42:04 EDT [CRAWLER] 		
2026-09-12 23:42:04 EDT [CRAWLER] 		
2026-09-12 23:42:04 EDT [CRAWLER] 		
2026-09-12 23:42:04 EDT [CRAWLER] 		
2026-09-12 23:42:04 EDT [CRAWLER] 		
2026-09-12 23:42:04 EDT [CRAWLER] 		
2026-09-12 23:42:04 EDT [CRAWLER] 		
2026-09-12 23:42:04 EDT [CRAWLER] 		
2026-09-12 23:42:04 EDT [CRAWLER] 		
2026-09-12 23:42:04 EDT [CRAWLER] 		
2026-09-12 23:42:04 EDT [CRAWLER] 		
2026-09-12 23:42:04 EDT [CRAWLER] 		
2026-09-12 23:42:04 EDT [CRAWLER] 		
2026-09-12 23:42:04 EDT [CRAWLER] 		
2026-09-12 23:42:04 EDT [CRAWLER] 		
2026-09-12 23:42:04 EDT [CRAWLER] 		
2026-09-12 23:42:04 EDT [CRAWLER] 		
2026-09-12 23:42:04 EDT [CRAWLER] 		
2026-09-12 23:42:04 EDT [CRAWLER] 		
2026-09-12 23:42:04 EDT [CRAWLER] 		
2026-09-12 23:42:04 EDT [CRAWLER] 		
2026-09-12 23:42:04 EDT [CRAWLER] 		
2026-09-12 23:42:04 EDT [CRAWLER] 		
2026-09-12 23:42:04 EDT [CRAWLER] 		
2026-09-12 23:42:04 EDT [CRAWLER] 		
2026-09-12 23:42:04 EDT [CRAWLER] 		
2026-09-12 23:42:04 EDT [CRAWLER] 		
2026-09-12 23:42:04 EDT [CRAWLER] 		
2026-09-12 23:42:04 EDT [CRAWLER] 		
2026-09-12 23:42:04 EDT [CRAWLER] 		
2026-09-12 23:42:04 EDT [CRAWLER] 		
2026-09-12 23:42:04 EDT [CRAWLER] 		
2026-09-12 23:42:04 EDT [CRAWLER] 		
2026-09-12 23:42:04 EDT [CRAWLER] 		
2026-09-12 23:42:04 EDT [CRAWLER] 		
2026-09-12 23:42:04 EDT [CRAWLER] 		
2026-09-12 23:42:04 EDT [CRAWLER] 		
2026-09-12 23:42:04 EDT [CRAWLER] 		
2026-09-12 23:42:04 EDT [CRAWLER] 		
2026-09-12 23:42:04 EDT [CRAWLER] 		
2026-09-12 23:42:04 EDT [CRAWLER] 		
2026-09-12 23:42:04 EDT [CRAWLER] 		
2026-09-12 23:42:04 EDT [CRAWLER] 		
2026-09-12 23:42:04 EDT [CRAWLER] 		
2026-09-12 23:42:04 EDT [CRAWLER] 		
2026-09-12 23:42:04 EDT [CRAWLER] 		
2026-09-12 23:42:04 EDT [CRAWLER] 		
2026-09-12 23:42:04 EDT [CRAWLER] 		
2026-09-12 23:42:04 EDT [CRAWLER] 		
2026-09-12 23:42:04 EDT [CRAWLER] 		
2026-09-12 23:42:04 EDT [CRAWLER] 		
2026-09-12 23:42:04 EDT [CRAWLER] 		
2026-09-12 23:42:04 EDT [CRAWLER] 		
2026-09-12 23:42:04 EDT [CRAWLER] 		
2026-09-12 23:42:04 EDT [CRAWLER] 		
2026-09-12 23:42:04 EDT [CRAWLER] 		
2026-09-12 23:42:04 EDT [CRAWLER] 		
2026-09-12 23:42:04 EDT [CRAWLER] 		
2026-09-12 23:42:04 EDT [CRAWLER] 		
2026-09-12 23:42:04 EDT [CRAWLER] 		
2026-09-12 23:42:04 EDT [CRAWLER] 		
2026-09-12 23:42:04 EDT [CRAWLER] 		
2026-09-12 23:42:04 EDT [CRAWLER] 		
2026-09-12 23:42:04 EDT [CRAWLER] 		
2026-09-12 23:42:04 EDT [CRAWLER] 		
2026-09-12 23:42:04 EDT [CRAWLER] 		
2026-09-12 23:42:04 EDT [CRAWLER] 		
2026-09-12 23:42:04 EDT [CRAWLER] 		
2026-09-12 23:42:04 EDT [CRAWLER] 		
2026-09-12 23:42:04 EDT [CRAWLER] 		
2026-09-12 23:42:04 EDT [CRAWLER] 		
2026-09-12 23:42:04 EDT [CRAWLER] 		
2026-09-12 23:42:04 EDT [CRAWLER] 		
2026-09-12 23:42:04 EDT [CRAWLER] 		
2026-09-12 23:42:04 EDT [CRAWLER] 		
2026-09-12 23:42:04 EDT [CRAWLER] 		
2026-09-12 23:42:04 EDT [CRAWLER] 		
2026-09-12 23:42:04 EDT [CRAWLER] 		
2026-09-12 23:42:04 EDT [CRAWLER] 		
2026-09-12 23:42:04 EDT [CRAWLER] 		
2026-09-12 23:42:04 EDT [CRAWLER] 		
2026-09-12 23:42:04 EDT [CRAWLER] 		
2026-09-12 23:42:04 EDT [CRAWLER] 		
2026-09-12 23:42:04 EDT [CRAWLER] 		
2026-09-12 23:42:04 EDT [CRAWLER] 		
2026-09-12 23:42:04 EDT [CRAWLER] 		
2026-09-12 23:42:04 EDT [CRAWLER] 		Coca-Cola Loses to 30-year U.S. Treasury Bonds on Yield. Here's Why It Wins on Everything Else.  
2026-09-12 23:42:04 EDT [CRAWLER]     
2026-09-12 23:42:04 EDT [CRAWLER]     
2026-09-12 23:42:04 EDT [CRAWLER]         
2026-09-12 23:42:04 EDT [CRAWLER]                Oops, something went wrong                    Skip to navigation   Skip to main content   Skip to right column                                  Coca-Cola Loses to 30-year U.S
2026-09-12 23:42:04 EDT [CRAWLER] [TICKER MATCH] KO,NFLX,NVDA,PEP
2026-09-12 23:42:04 EDT [CRAWLER] [DISPATCH] Sent KO,NFLX,NVDA,PEP -> AI Server
2026-09-12 23:42:04 EDT [CRAWLER] Extracting
2026-09-12 23:42:04 EDT [CRAWLER] [CRAWLER DONE] Processed: https://finance.yahoo.com/markets/stocks/articles/coca-cola-loses-30-u-203500461.html | Extracted Links: 0 | Dispatched to AI: YES
2026-09-12 23:42:05 EDT [CRAWLER] [CRAWLER] Visiting: https://finance.yahoo.com/markets/stocks/articles/does-arrow-electronics-still-buy-203239199.html
2026-09-12 23:42:05 EDT [CRAWLER] Status line: HTTP/1.1 200 OK
2026-09-12 23:42:05 EDT [CRAWLER] [DEBUG] URL: https://finance.yahoo.com/markets/stocks/articles/peak-back-future-proof-citywide-202158735.html
2026-09-12 23:42:05 EDT [CRAWLER] [DEBUG] Article length: 6232
2026-09-12 23:42:05 EDT [CRAWLER] [DEBUG] First 1000 chars:
2026-09-12 23:42:05 EDT [CRAWLER]     
2026-09-12 23:42:05 EDT [CRAWLER]         
2026-09-12 23:42:05 EDT [CRAWLER]         
2026-09-12 23:42:05 EDT [CRAWLER]          
2026-09-12 23:42:05 EDT [CRAWLER] 	
2026-09-12 23:42:05 EDT [CRAWLER] 		
2026-09-12 23:42:05 EDT [CRAWLER] 		
2026-09-12 23:42:05 EDT [CRAWLER] 		
2026-09-12 23:42:05 EDT [CRAWLER] 		
2026-09-12 23:42:05 EDT [CRAWLER] 		
2026-09-12 23:42:05 EDT [CRAWLER] 		
2026-09-12 23:42:05 EDT [CRAWLER] 		
2026-09-12 23:42:05 EDT [CRAWLER] 		
2026-09-12 23:42:05 EDT [CRAWLER] 		
2026-09-12 23:42:05 EDT [CRAWLER] 		
2026-09-12 23:42:05 EDT [CRAWLER] 		
2026-09-12 23:42:05 EDT [CRAWLER] 		
2026-09-12 23:42:05 EDT [CRAWLER] 		
2026-09-12 23:42:05 EDT [CRAWLER] 		
2026-09-12 23:42:05 EDT [CRAWLER] 		
2026-09-12 23:42:05 EDT [CRAWLER] 		
2026-09-12 23:42:05 EDT [CRAWLER] 		
2026-09-12 23:42:05 EDT [CRAWLER] 		
2026-09-12 23:42:05 EDT [CRAWLER] 		
2026-09-12 23:42:05 EDT [CRAWLER] 		
2026-09-12 23:42:05 EDT [CRAWLER] 		
2026-09-12 23:42:05 EDT [CRAWLER] 		
2026-09-12 23:42:05 EDT [CRAWLER] 		
2026-09-12 23:42:05 EDT [CRAWLER] 		
2026-09-12 23:42:05 EDT [CRAWLER] 		
2026-09-12 23:42:05 EDT [CRAWLER] 		
2026-09-12 23:42:05 EDT [CRAWLER] 		
2026-09-12 23:42:05 EDT [CRAWLER] 		
2026-09-12 23:42:05 EDT [CRAWLER] 		
2026-09-12 23:42:05 EDT [CRAWLER] 		
2026-09-12 23:42:05 EDT [CRAWLER] 		
2026-09-12 23:42:05 EDT [CRAWLER] 		
2026-09-12 23:42:05 EDT [CRAWLER] 		
2026-09-12 23:42:05 EDT [CRAWLER] 		
2026-09-12 23:42:05 EDT [CRAWLER] 		
2026-09-12 23:42:05 EDT [CRAWLER] 		
2026-09-12 23:42:05 EDT [CRAWLER] 		
2026-09-12 23:42:05 EDT [CRAWLER] 		
2026-09-12 23:42:05 EDT [CRAWLER] 		
2026-09-12 23:42:05 EDT [CRAWLER] 		
2026-09-12 23:42:05 EDT [CRAWLER] 		
2026-09-12 23:42:05 EDT [CRAWLER] 		
2026-09-12 23:42:05 EDT [CRAWLER] 		
2026-09-12 23:42:05 EDT [CRAWLER] 		
2026-09-12 23:42:05 EDT [CRAWLER] 		
2026-09-12 23:42:05 EDT [CRAWLER] 		
2026-09-12 23:42:05 EDT [CRAWLER] 		
2026-09-12 23:42:05 EDT [CRAWLER] 		
2026-09-12 23:42:05 EDT [CRAWLER] 		
2026-09-12 23:42:05 EDT [CRAWLER] 		
2026-09-12 23:42:05 EDT [CRAWLER] 		
2026-09-12 23:42:05 EDT [CRAWLER] 		
2026-09-12 23:42:05 EDT [CRAWLER] 		
2026-09-12 23:42:05 EDT [CRAWLER] 		
2026-09-12 23:42:05 EDT [CRAWLER] 		
2026-09-12 23:42:05 EDT [CRAWLER] 		
2026-09-12 23:42:05 EDT [CRAWLER] 		
2026-09-12 23:42:05 EDT [CRAWLER] 		
2026-09-12 23:42:05 EDT [CRAWLER] 		
2026-09-12 23:42:05 EDT [CRAWLER] 		
2026-09-12 23:42:05 EDT [CRAWLER] 		
2026-09-12 23:42:05 EDT [CRAWLER] 		
2026-09-12 23:42:05 EDT [AI SERVER] [AI BATCH START] 1 ticker(s) for article (6232 chars): BTC
2026-09-12 23:42:05 EDT [CRAWLER] 		
2026-09-12 23:42:05 EDT [CRAWLER] 		
2026-09-12 23:42:05 EDT [CRAWLER] 		
2026-09-12 23:42:05 EDT [CRAWLER] 		
2026-09-12 23:42:05 EDT [CRAWLER] 		
2026-09-12 23:42:05 EDT [CRAWLER] 		
2026-09-12 23:42:05 EDT [CRAWLER] 		
2026-09-12 23:42:05 EDT [CRAWLER] 		
2026-09-12 23:42:05 EDT [CRAWLER] 		
2026-09-12 23:42:05 EDT [CRAWLER] 		
2026-09-12 23:42:05 EDT [CRAWLER] 		
2026-09-12 23:42:05 EDT [CRAWLER] 		
2026-09-12 23:42:05 EDT [CRAWLER] 		
2026-09-12 23:42:05 EDT [CRAWLER] 		
2026-09-12 23:42:05 EDT [CRAWLER] 		
2026-09-12 23:42:05 EDT [CRAWLER] 		
2026-09-12 23:42:05 EDT [CRAWLER] 		
2026-09-12 23:42:05 EDT [CRAWLER] 		
2026-09-12 23:42:05 EDT [CRAWLER] 		
2026-09-12 23:42:05 EDT [CRAWLER] 		
2026-09-12 23:42:05 EDT [CRAWLER] 		
2026-09-12 23:42:05 EDT [CRAWLER] 		
2026-09-12 23:42:05 EDT [CRAWLER] 		
2026-09-12 23:42:05 EDT [CRAWLER] 		
2026-09-12 23:42:05 EDT [CRAWLER] 		
2026-09-12 23:42:05 EDT [CRAWLER] 		
2026-09-12 23:42:05 EDT [CRAWLER] 		
2026-09-12 23:42:05 EDT [CRAWLER] 		
2026-09-12 23:42:05 EDT [CRAWLER] 		
2026-09-12 23:42:05 EDT [CRAWLER] 		
2026-09-12 23:42:05 EDT [CRAWLER] 		
2026-09-12 23:42:05 EDT [CRAWLER] 		
2026-09-12 23:42:05 EDT [CRAWLER] 		
2026-09-12 23:42:05 EDT [CRAWLER] 		
2026-09-12 23:42:05 EDT [CRAWLER] 		
2026-09-12 23:42:05 EDT [CRAWLER] 		
2026-09-12 23:42:05 EDT [CRAWLER] 		
2026-09-12 23:42:05 EDT [CRAWLER] 		
2026-09-12 23:42:05 EDT [CRAWLER] 		
2026-09-12 23:42:05 EDT [CRAWLER] 		
2026-09-12 23:42:05 EDT [CRAWLER] 		
2026-09-12 23:42:05 EDT [CRAWLER] 		
2026-09-12 23:42:05 EDT [CRAWLER] 		
2026-09-12 23:42:05 EDT [CRAWLER] 		
2026-09-12 23:42:05 EDT [CRAWLER] 		
2026-09-12 23:42:05 EDT [CRAWLER] 		
2026-09-12 23:42:05 EDT [CRAWLER] 		
2026-09-12 23:42:05 EDT [CRAWLER] 		
2026-09-12 23:42:05 EDT [CRAWLER] 		
2026-09-12 23:42:05 EDT [CRAWLER] 		
2026-09-12 23:42:05 EDT [CRAWLER] 		
2026-09-12 23:42:05 EDT [CRAWLER] 		
2026-09-12 23:42:05 EDT [CRAWLER] 		
2026-09-12 23:42:05 EDT [CRAWLER] 		
2026-09-12 23:42:05 EDT [CRAWLER] 		
2026-09-12 23:42:05 EDT [CRAWLER] 		
2026-09-12 23:42:05 EDT [CRAWLER] 		
2026-09-12 23:42:05 EDT [CRAWLER] 		
2026-09-12 23:42:05 EDT [CRAWLER] 		
2026-09-12 23:42:05 EDT [CRAWLER] 		
2026-09-12 23:42:05 EDT [CRAWLER] 		
2026-09-12 23:42:05 EDT [CRAWLER] 		
2026-09-12 23:42:05 EDT [CRAWLER] 		
2026-09-12 23:42:05 EDT [CRAWLER] 		
2026-09-12 23:42:05 EDT [CRAWLER] 		
2026-09-12 23:42:05 EDT [CRAWLER] 		
2026-09-12 23:42:05 EDT [CRAWLER] 		
2026-09-12 23:42:05 EDT [CRAWLER] 		
2026-09-12 23:42:05 EDT [CRAWLER] 		
2026-09-12 23:42:05 EDT [CRAWLER] 		
2026-09-12 23:42:05 EDT [CRAWLER] 		
2026-09-12 23:42:05 EDT [CRAWLER] 		
2026-09-12 23:42:05 EDT [CRAWLER] 		
2026-09-12 23:42:05 EDT [CRAWLER] 		
2026-09-12 23:42:05 EDT [CRAWLER] 		
2026-09-12 23:42:05 EDT [CRAWLER] 		
2026-09-12 23:42:05 EDT [CRAWLER] 		
2026-09-12 23:42:05 EDT [CRAWLER] 		
2026-09-12 23:42:05 EDT [CRAWLER] 		
2026-09-12 23:42:05 EDT [CRAWLER] 		
2026-09-12 23:42:05 EDT [CRAWLER] 		
2026-09-12 23:42:05 EDT [CRAWLER] 		
2026-09-12 23:42:05 EDT [CRAWLER] 		
2026-09-12 23:42:05 EDT [CRAWLER] 		
2026-09-12 23:42:05 EDT [CRAWLER] 		
2026-09-12 23:42:05 EDT [CRAWLER] 		
2026-09-12 23:42:05 EDT [CRAWLER] 		
2026-09-12 23:42:05 EDT [CRAWLER] 		
2026-09-12 23:42:05 EDT [CRAWLER] 		
2026-09-12 23:42:05 EDT [CRAWLER] 		
2026-09-12 23:42:05 EDT [CRAWLER] 		
2026-09-12 23:42:05 EDT [CRAWLER] 		
2026-09-12 23:42:05 EDT [CRAWLER] 		
2026-09-12 23:42:05 EDT [CRAWLER] 		
2026-09-12 23:42:05 EDT [CRAWLER] 		
2026-09-12 23:42:05 EDT [CRAWLER] 		
2026-09-12 23:42:05 EDT [CRAWLER] 		
2026-09-12 23:42:05 EDT [CRAWLER] 		
2026-09-12 23:42:05 EDT [CRAWLER] 		
2026-09-12 23:42:05 EDT [CRAWLER] 		
2026-09-12 23:42:05 EDT [CRAWLER] 		
2026-09-12 23:42:05 EDT [CRAWLER] 		
2026-09-12 23:42:05 EDT [CRAWLER] 		
2026-09-12 23:42:05 EDT [CRAWLER] 		
2026-09-12 23:42:05 EDT [CRAWLER] 		
2026-09-12 23:42:05 EDT [CRAWLER] 		
2026-09-12 23:42:05 EDT [CRAWLER] 		
2026-09-12 23:42:05 EDT [CRAWLER] 		
2026-09-12 23:42:05 EDT [CRAWLER] 		
2026-09-12 23:42:05 EDT [CRAWLER] 		
2026-09-12 23:42:05 EDT [CRAWLER] 		
2026-09-12 23:42:05 EDT [CRAWLER] 		
2026-09-12 23:42:05 EDT [CRAWLER] 		
2026-09-12 23:42:05 EDT [CRAWLER] 		
2026-09-12 23:42:05 EDT [CRAWLER] 		
2026-09-12 23:42:05 EDT [CRAWLER] 		
2026-09-12 23:42:05 EDT [CRAWLER] 		
2026-09-12 23:42:05 EDT [CRAWLER] 		
2026-09-12 23:42:05 EDT [CRAWLER] 		
2026-09-12 23:42:05 EDT [CRAWLER] 		
2026-09-12 23:42:05 EDT [CRAWLER] 		
2026-09-12 23:42:05 EDT [CRAWLER] 		
2026-09-12 23:42:05 EDT [CRAWLER] 		
2026-09-12 23:42:05 EDT [CRAWLER] 		
2026-09-12 23:42:05 EDT [CRAWLER] 		
2026-09-12 23:42:05 EDT [CRAWLER] 		
2026-09-12 23:42:05 EDT [CRAWLER] 		
2026-09-12 23:42:05 EDT [CRAWLER] 		
2026-09-12 23:42:05 EDT [CRAWLER] 		
2026-09-12 23:42:05 EDT [CRAWLER] 		
2026-09-12 23:42:05 EDT [CRAWLER] 		
2026-09-12 23:42:05 EDT [CRAWLER] 		
2026-09-12 23:42:05 EDT [CRAWLER] 		
2026-09-12 23:42:05 EDT [CRAWLER] 		
2026-09-12 23:42:05 EDT [CRAWLER] 		
2026-09-12 23:42:05 EDT [CRAWLER] 		
2026-09-12 23:42:05 EDT [CRAWLER] 		
2026-09-12 23:42:05 EDT [CRAWLER] 		
2026-09-12 23:42:05 EDT [CRAWLER] 		
2026-09-12 23:42:05 EDT [CRAWLER] 		
2026-09-12 23:42:05 EDT [CRAWLER] 		
2026-09-12 23:42:05 EDT [CRAWLER] 		
2026-09-12 23:42:05 EDT [CRAWLER] 		
2026-09-12 23:42:05 EDT [CRAWLER] 		
2026-09-12 23:42:05 EDT [CRAWLER] 		
2026-09-12 23:42:05 EDT [CRAWLER] 		
2026-09-12 23:42:05 EDT [CRAWLER] 		
2026-09-12 23:42:05 EDT [CRAWLER] 		
2026-09-12 23:42:05 EDT [CRAWLER] 		
2026-09-12 23:42:05 EDT [CRAWLER] 		
2026-09-12 23:42:05 EDT [CRAWLER] 		
2026-09-12 23:42:05 EDT [CRAWLER] 		
2026-09-12 23:42:05 EDT [CRAWLER] 		
2026-09-12 23:42:05 EDT [CRAWLER] 		
2026-09-12 23:42:05 EDT [CRAWLER] 		
2026-09-12 23:42:05 EDT [CRAWLER] 		
2026-09-12 23:42:05 EDT [CRAWLER] 		A Peak Back at Future Proof Citywide with Tom LeeWith Future Proof Huntington Beach right around the corner, we're looking back at some of the hot conversations earlier this year from Citywide. Here's a taste of the caliber of insights you can expect next week, this time with Tom Lee of Fundstrat covering 
2026-09-12 23:42:05 EDT [CRAWLER] [TICKER MATCH] BTC
2026-09-12 23:42:05 EDT [CRAWLER] [DISPATCH] Sent BTC -> AI Server
2026-09-12 23:42:05 EDT [CRAWLER] Extracting
2026-09-12 23:42:05 EDT [CRAWLER] [CRAWLER DONE] Processed: https://finance.yahoo.com/markets/stocks/articles/peak-back-future-proof-citywide-202158735.html | Extracted Links: 0 | Dispatched to AI: YES
2026-09-12 23:42:06 EDT [CRAWLER] [CRAWLER] Visiting: https://finance.yahoo.com/markets/stocks/articles/dell-stock-just-hit-time-204744116.html
2026-09-12 23:42:07 EDT [CRAWLER] [CRAWLER] Visiting: https://finance.yahoo.com/markets/stocks/articles/wall-st-futures-recover-oil-095547409.html
2026-09-12 23:42:07 EDT [CRAWLER] Status line: HTTP/1.1 200 OK
2026-09-12 23:42:07 EDT [CRAWLER] [DEBUG] URL: https://finance.yahoo.com/markets/stocks/articles/stellantis-belvidere-reopening-slips-again-204330100.html
2026-09-12 23:42:07 EDT [CRAWLER] [DEBUG] Article length: 5078
2026-09-12 23:42:07 EDT [CRAWLER] [DEBUG] First 1000 chars:
2026-09-12 23:42:07 EDT [CRAWLER] Stellantis N.V. (NYSE:STLA)'s long-idled Belvidere Assembly Plant in Illinois has been a case study for how a plant reopening can be pushed further into the future. The plant has been dormant since February 2023, when Stellantis N.V. (NYSE:STLA) ended the Jeep Cherokee production and laid off over 1,300 employees. A 2027 production target for Belvidere has now shifted, with Stellantis targeting pilot production of the next-generation Cherokee in the first half of 2028 and retail production in the second half of 2029, even as Stellantis portrays the news as a larger investment rather than a delay.  
2026-09-12 23:42:07 EDT [CRAWLER] Stellantis N.V. (NYSE:STLA) announced an increase in its Belvidere investment to more than $800 million, up from a previous commitment of $600 million or more, and confirmed that the plant will produce the next-generation Jeep Cherokee on its new STLA One platform, the first vehicle built in the US on that modular design, which the company claims will improve manufacturing efficiency and red
2026-09-12 23:42:07 EDT [CRAWLER] [TICKER MATCH] GOOGL,TGT
2026-09-12 23:42:07 EDT [CRAWLER] [DISPATCH] Sent GOOGL,TGT -> AI Server
2026-09-12 23:42:07 EDT [CRAWLER] Extracting
2026-09-12 23:42:07 EDT [AI SERVER] [AI BATCH START] 2 ticker(s) for article (5078 chars): GOOGL,TGT
2026-09-12 23:42:07 EDT [CRAWLER] [CRAWLER DONE] Processed: https://finance.yahoo.com/markets/stocks/articles/stellantis-belvidere-reopening-slips-again-204330100.html | Extracted Links: 0 | Dispatched to AI: YES
2026-09-12 23:42:08 EDT [CRAWLER] [CRAWLER] Visiting: https://finance.yahoo.com/markets/stocks/articles/solaris-sei-lifts-ebitda-guidance-201715510.html
2026-09-12 23:42:08 EDT [CRAWLER] Status line: HTTP/1.1 200 OK
2026-09-12 23:42:08 EDT [CRAWLER] [DEBUG] URL: https://finance.yahoo.com/markets/stocks/articles/does-arrow-electronics-still-buy-203239199.html
2026-09-12 23:42:08 EDT [CRAWLER] [DEBUG] Article length: 6480
2026-09-12 23:42:08 EDT [CRAWLER] [DEBUG] First 1000 chars:
2026-09-12 23:42:08 EDT [CRAWLER]     
2026-09-12 23:42:08 EDT [CRAWLER]         
2026-09-12 23:42:08 EDT [CRAWLER]         
2026-09-12 23:42:08 EDT [CRAWLER]          
2026-09-12 23:42:08 EDT [CRAWLER] 	
2026-09-12 23:42:08 EDT [CRAWLER] 		
2026-09-12 23:42:08 EDT [CRAWLER] 		
2026-09-12 23:42:08 EDT [CRAWLER] 		
2026-09-12 23:42:08 EDT [CRAWLER] 		
2026-09-12 23:42:08 EDT [CRAWLER] 		
2026-09-12 23:42:08 EDT [CRAWLER] 		
2026-09-12 23:42:08 EDT [CRAWLER] 		
2026-09-12 23:42:08 EDT [CRAWLER] 		
2026-09-12 23:42:08 EDT [CRAWLER] 		
2026-09-12 23:42:08 EDT [CRAWLER] 		
2026-09-12 23:42:08 EDT [CRAWLER] 		
2026-09-12 23:42:08 EDT [CRAWLER] 		
2026-09-12 23:42:08 EDT [CRAWLER] 		
2026-09-12 23:42:08 EDT [CRAWLER] 		
2026-09-12 23:42:08 EDT [CRAWLER] 		
2026-09-12 23:42:08 EDT [CRAWLER] 		
2026-09-12 23:42:08 EDT [CRAWLER] 		
2026-09-12 23:42:08 EDT [CRAWLER] 		
2026-09-12 23:42:08 EDT [CRAWLER] 		
2026-09-12 23:42:08 EDT [CRAWLER] 		
2026-09-12 23:42:08 EDT [CRAWLER] 		
2026-09-12 23:42:08 EDT [CRAWLER] 		
2026-09-12 23:42:08 EDT [CRAWLER] 		
2026-09-12 23:42:08 EDT [CRAWLER] 		
2026-09-12 23:42:08 EDT [CRAWLER] 		
2026-09-12 23:42:08 EDT [CRAWLER] 		
2026-09-12 23:42:08 EDT [CRAWLER] 		
2026-09-12 23:42:08 EDT [CRAWLER] 		
2026-09-12 23:42:08 EDT [CRAWLER] 		
2026-09-12 23:42:08 EDT [CRAWLER] 		
2026-09-12 23:42:08 EDT [CRAWLER] 		
2026-09-12 23:42:08 EDT [CRAWLER] 		
2026-09-12 23:42:08 EDT [CRAWLER] 		
2026-09-12 23:42:08 EDT [CRAWLER] 		
2026-09-12 23:42:08 EDT [CRAWLER] 		
2026-09-12 23:42:08 EDT [CRAWLER] 		
2026-09-12 23:42:08 EDT [CRAWLER] 		
2026-09-12 23:42:08 EDT [CRAWLER] 		
2026-09-12 23:42:08 EDT [CRAWLER] 		
2026-09-12 23:42:08 EDT [CRAWLER] 		
2026-09-12 23:42:08 EDT [CRAWLER] 		
2026-09-12 23:42:08 EDT [CRAWLER] 		
2026-09-12 23:42:08 EDT [CRAWLER] 		
2026-09-12 23:42:08 EDT [CRAWLER] 		
2026-09-12 23:42:08 EDT [CRAWLER] 		
2026-09-12 23:42:08 EDT [CRAWLER] 		
2026-09-12 23:42:08 EDT [CRAWLER] 		
2026-09-12 23:42:08 EDT [CRAWLER] 		
2026-09-12 23:42:08 EDT [CRAWLER] 		
2026-09-12 23:42:08 EDT [CRAWLER] 		
2026-09-12 23:42:08 EDT [CRAWLER] 		
2026-09-12 23:42:08 EDT [CRAWLER] 		
2026-09-12 23:42:08 EDT [AI SERVER] [AI BATCH START] 1 ticker(s) for article (6480 chars): MACRO
2026-09-12 23:42:08 EDT [CRAWLER] 		
2026-09-12 23:42:08 EDT [CRAWLER] 		
2026-09-12 23:42:08 EDT [CRAWLER] 		
2026-09-12 23:42:08 EDT [CRAWLER] 		
2026-09-12 23:42:08 EDT [CRAWLER] 		
2026-09-12 23:42:08 EDT [CRAWLER] 		
2026-09-12 23:42:08 EDT [CRAWLER] 		
2026-09-12 23:42:08 EDT [CRAWLER] 		
2026-09-12 23:42:08 EDT [CRAWLER] 		
2026-09-12 23:42:08 EDT [CRAWLER] 		
2026-09-12 23:42:08 EDT [CRAWLER] 		
2026-09-12 23:42:08 EDT [CRAWLER] 		
2026-09-12 23:42:08 EDT [CRAWLER] 		
2026-09-12 23:42:08 EDT [CRAWLER] 		
2026-09-12 23:42:08 EDT [CRAWLER] 		
2026-09-12 23:42:08 EDT [CRAWLER] 		
2026-09-12 23:42:08 EDT [CRAWLER] 		
2026-09-12 23:42:08 EDT [CRAWLER] 		
2026-09-12 23:42:08 EDT [CRAWLER] 		
2026-09-12 23:42:08 EDT [CRAWLER] 		
2026-09-12 23:42:08 EDT [CRAWLER] 		
2026-09-12 23:42:08 EDT [CRAWLER] 		
2026-09-12 23:42:08 EDT [CRAWLER] 		
2026-09-12 23:42:08 EDT [CRAWLER] 		
2026-09-12 23:42:08 EDT [CRAWLER] 		
2026-09-12 23:42:08 EDT [CRAWLER] 		
2026-09-12 23:42:08 EDT [CRAWLER] 		
2026-09-12 23:42:08 EDT [CRAWLER] 		
2026-09-12 23:42:08 EDT [CRAWLER] 		
2026-09-12 23:42:08 EDT [CRAWLER] 		
2026-09-12 23:42:08 EDT [CRAWLER] 		
2026-09-12 23:42:08 EDT [CRAWLER] 		
2026-09-12 23:42:08 EDT [CRAWLER] 		
2026-09-12 23:42:08 EDT [CRAWLER] 		
2026-09-12 23:42:08 EDT [CRAWLER] 		
2026-09-12 23:42:08 EDT [CRAWLER] 		
2026-09-12 23:42:08 EDT [CRAWLER] 		
2026-09-12 23:42:08 EDT [CRAWLER] 		
2026-09-12 23:42:08 EDT [CRAWLER] 		
2026-09-12 23:42:08 EDT [CRAWLER] 		
2026-09-12 23:42:08 EDT [CRAWLER] 		
2026-09-12 23:42:08 EDT [CRAWLER] 		
2026-09-12 23:42:08 EDT [CRAWLER] 		
2026-09-12 23:42:08 EDT [CRAWLER] 		
2026-09-12 23:42:08 EDT [CRAWLER] 		
2026-09-12 23:42:08 EDT [CRAWLER] 		
2026-09-12 23:42:08 EDT [CRAWLER] 		
2026-09-12 23:42:08 EDT [CRAWLER] 		
2026-09-12 23:42:08 EDT [CRAWLER] 		
2026-09-12 23:42:08 EDT [CRAWLER] 		
2026-09-12 23:42:08 EDT [CRAWLER] 		
2026-09-12 23:42:08 EDT [CRAWLER] 		
2026-09-12 23:42:08 EDT [CRAWLER] 		
2026-09-12 23:42:08 EDT [CRAWLER] 		
2026-09-12 23:42:08 EDT [CRAWLER] 		
2026-09-12 23:42:08 EDT [CRAWLER] 		
2026-09-12 23:42:08 EDT [CRAWLER] 		
2026-09-12 23:42:08 EDT [CRAWLER] 		
2026-09-12 23:42:08 EDT [CRAWLER] 		
2026-09-12 23:42:08 EDT [CRAWLER] 		
2026-09-12 23:42:08 EDT [CRAWLER] 		
2026-09-12 23:42:08 EDT [CRAWLER] 		
2026-09-12 23:42:08 EDT [CRAWLER] 		
2026-09-12 23:42:08 EDT [CRAWLER] 		
2026-09-12 23:42:08 EDT [CRAWLER] 		
2026-09-12 23:42:08 EDT [CRAWLER] 		
2026-09-12 23:42:08 EDT [CRAWLER] 		
2026-09-12 23:42:08 EDT [CRAWLER] 		
2026-09-12 23:42:08 EDT [CRAWLER] 		
2026-09-12 23:42:08 EDT [CRAWLER] 		
2026-09-12 23:42:08 EDT [CRAWLER] 		
2026-09-12 23:42:08 EDT [CRAWLER] 		
2026-09-12 23:42:08 EDT [CRAWLER] 		
2026-09-12 23:42:08 EDT [CRAWLER] 		
2026-09-12 23:42:08 EDT [CRAWLER] 		
2026-09-12 23:42:08 EDT [CRAWLER] 		
2026-09-12 23:42:08 EDT [CRAWLER] 		
2026-09-12 23:42:08 EDT [CRAWLER] 		
2026-09-12 23:42:08 EDT [CRAWLER] 		
2026-09-12 23:42:08 EDT [CRAWLER] 		
2026-09-12 23:42:08 EDT [CRAWLER] 		
2026-09-12 23:42:08 EDT [CRAWLER] 		
2026-09-12 23:42:08 EDT [CRAWLER] 		
2026-09-12 23:42:08 EDT [CRAWLER] 		
2026-09-12 23:42:08 EDT [CRAWLER] 		
2026-09-12 23:42:08 EDT [CRAWLER] 		
2026-09-12 23:42:08 EDT [CRAWLER] 		
2026-09-12 23:42:08 EDT [CRAWLER] 		
2026-09-12 23:42:08 EDT [CRAWLER] 		
2026-09-12 23:42:08 EDT [CRAWLER] 		
2026-09-12 23:42:08 EDT [CRAWLER] 		
2026-09-12 23:42:08 EDT [CRAWLER] 		
2026-09-12 23:42:08 EDT [CRAWLER] 		
2026-09-12 23:42:08 EDT [CRAWLER] 		
2026-09-12 23:42:08 EDT [CRAWLER] 		
2026-09-12 23:42:08 EDT [CRAWLER] 		
2026-09-12 23:42:08 EDT [CRAWLER] 		
2026-09-12 23:42:08 EDT [CRAWLER] 		
2026-09-12 23:42:08 EDT [CRAWLER] 		
2026-09-12 23:42:08 EDT [CRAWLER] 		
2026-09-12 23:42:08 EDT [CRAWLER] 		
2026-09-12 23:42:08 EDT [CRAWLER] 		
2026-09-12 23:42:08 EDT [CRAWLER] 		
2026-09-12 23:42:08 EDT [CRAWLER] 		
2026-09-12 23:42:08 EDT [CRAWLER] 		
2026-09-12 23:42:08 EDT [CRAWLER] 		
2026-09-12 23:42:08 EDT [CRAWLER] 		
2026-09-12 23:42:08 EDT [CRAWLER] 		
2026-09-12 23:42:08 EDT [CRAWLER] 		
2026-09-12 23:42:08 EDT [CRAWLER] 		
2026-09-12 23:42:08 EDT [CRAWLER] 		
2026-09-12 23:42:08 EDT [CRAWLER] 		
2026-09-12 23:42:08 EDT [CRAWLER] 		
2026-09-12 23:42:08 EDT [CRAWLER] 		
2026-09-12 23:42:08 EDT [CRAWLER] 		
2026-09-12 23:42:08 EDT [CRAWLER] 		
2026-09-12 23:42:08 EDT [CRAWLER] 		
2026-09-12 23:42:08 EDT [CRAWLER] 		
2026-09-12 23:42:08 EDT [CRAWLER] 		
2026-09-12 23:42:08 EDT [CRAWLER] 		
2026-09-12 23:42:08 EDT [CRAWLER] 		
2026-09-12 23:42:08 EDT [CRAWLER] 		
2026-09-12 23:42:08 EDT [CRAWLER] 		
2026-09-12 23:42:08 EDT [CRAWLER] 		
2026-09-12 23:42:08 EDT [CRAWLER] 		
2026-09-12 23:42:08 EDT [CRAWLER] 		
2026-09-12 23:42:08 EDT [CRAWLER] 		
2026-09-12 23:42:08 EDT [CRAWLER] 		
2026-09-12 23:42:08 EDT [CRAWLER] 		
2026-09-12 23:42:08 EDT [CRAWLER] 		
2026-09-12 23:42:08 EDT [CRAWLER] 		
2026-09-12 23:42:08 EDT [CRAWLER] 		
2026-09-12 23:42:08 EDT [CRAWLER] 		
2026-09-12 23:42:08 EDT [CRAWLER] 		
2026-09-12 23:42:08 EDT [CRAWLER] 		
2026-09-12 23:42:08 EDT [CRAWLER] 		
2026-09-12 23:42:08 EDT [CRAWLER] 		
2026-09-12 23:42:08 EDT [CRAWLER] 		
2026-09-12 23:42:08 EDT [CRAWLER] 		
2026-09-12 23:42:08 EDT [CRAWLER] 		
2026-09-12 23:42:08 EDT [CRAWLER] 		
2026-09-12 23:42:08 EDT [CRAWLER] 		
2026-09-12 23:42:08 EDT [CRAWLER] 		
2026-09-12 23:42:08 EDT [CRAWLER] 		
2026-09-12 23:42:08 EDT [CRAWLER] 		
2026-09-12 23:42:08 EDT [CRAWLER] 		
2026-09-12 23:42:08 EDT [CRAWLER] 		
2026-09-12 23:42:08 EDT [CRAWLER] 		
2026-09-12 23:42:08 EDT [CRAWLER] 		
2026-09-12 23:42:08 EDT [CRAWLER] 		
2026-09-12 23:42:08 EDT [CRAWLER] 		
2026-09-12 23:42:08 EDT [CRAWLER] 		
2026-09-12 23:42:08 EDT [CRAWLER] 		
2026-09-12 23:42:08 EDT [CRAWLER] 		
2026-09-12 23:42:08 EDT [CRAWLER] 		
2026-09-12 23:42:08 EDT [CRAWLER] 		
2026-09-12 23:42:08 EDT [CRAWLER] 		
2026-09-12 23:42:08 EDT [CRAWLER] 		
2026-09-12 23:42:08 EDT [CRAWLER] 		
2026-09-12 23:42:08 EDT [CRAWLER] 		
2026-09-12 23:42:08 EDT [CRAWLER] 		
2026-09-12 23:42:08 EDT [CRAWLER] 		
2026-09-12 23:42:08 EDT [CRAWLER] 		
2026-09-12 23:42:08 EDT [CRAWLER] 		
2026-09-12 23:42:08 EDT [CRAWLER] 		
2026-09-12 23:42:08 EDT [CRAWLER] 		
2026-09-12 23:42:08 EDT [CRAWLER] 		Does Arrow Electronics Still Buy Back Enough Stock To Matter?  
2026-09-12 23:42:08 EDT [CRAWLER]     
2026-09-12 23:42:08 EDT [CRAWLER]     
2026-09-12 23:42:08 EDT [CRAWLER]         
2026-09-12 23:42:08 EDT [CRAWLER]                Oops, something went wrong                    Skip to navigation   Skip to main content   Skip to right column                                   Does Arrow Electronics Still Buy Back Enough Stock To Matter?  
2026-09-12 23:42:08 EDT [CRAWLER] [TICKER MATCH] MACRO
2026-09-12 23:42:08 EDT [CRAWLER] [DISPATCH] Sent MACRO -> AI Server
2026-09-12 23:42:08 EDT [CRAWLER] Extracting
2026-09-12 23:42:08 EDT [CRAWLER] [CRAWLER DONE] Processed: https://finance.yahoo.com/markets/stocks/articles/does-arrow-electronics-still-buy-203239199.html | Extracted Links: 0 | Dispatched to AI: YES
2026-09-12 23:42:09 EDT [CRAWLER] [CRAWLER] Visiting: https://finance.yahoo.com/markets/stocks/articles/stocks-shake-off-cpi-report-205136694.html
2026-09-12 23:42:09 EDT [CRAWLER] Status line: HTTP/1.1 200 OK
2026-09-12 23:42:09 EDT [CRAWLER] [DEBUG] URL: https://finance.yahoo.com/markets/stocks/articles/dell-stock-just-hit-time-204744116.html
2026-09-12 23:42:09 EDT [CRAWLER] [DEBUG] Article length: 6033
2026-09-12 23:42:09 EDT [CRAWLER] [DEBUG] First 1000 chars:
2026-09-12 23:42:09 EDT [CRAWLER]     
2026-09-12 23:42:09 EDT [CRAWLER]         
2026-09-12 23:42:09 EDT [CRAWLER]         
2026-09-12 23:42:09 EDT [CRAWLER]          
2026-09-12 23:42:09 EDT [CRAWLER] 	
2026-09-12 23:42:09 EDT [CRAWLER] 		
2026-09-12 23:42:09 EDT [CRAWLER] 		
2026-09-12 23:42:09 EDT [CRAWLER] 		
2026-09-12 23:42:09 EDT [CRAWLER] 		
2026-09-12 23:42:09 EDT [CRAWLER] 		
2026-09-12 23:42:09 EDT [CRAWLER] 		
2026-09-12 23:42:09 EDT [CRAWLER] 		
2026-09-12 23:42:09 EDT [CRAWLER] 		
2026-09-12 23:42:09 EDT [CRAWLER] 		
2026-09-12 23:42:09 EDT [CRAWLER] 		
2026-09-12 23:42:09 EDT [CRAWLER] 		
2026-09-12 23:42:09 EDT [CRAWLER] 		
2026-09-12 23:42:09 EDT [CRAWLER] 		
2026-09-12 23:42:09 EDT [CRAWLER] 		
2026-09-12 23:42:09 EDT [CRAWLER] 		
2026-09-12 23:42:09 EDT [CRAWLER] 		
2026-09-12 23:42:09 EDT [CRAWLER] 		
2026-09-12 23:42:09 EDT [CRAWLER] 		
2026-09-12 23:42:09 EDT [CRAWLER] 		
2026-09-12 23:42:09 EDT [CRAWLER] 		
2026-09-12 23:42:09 EDT [CRAWLER] 		
2026-09-12 23:42:09 EDT [CRAWLER] 		
2026-09-12 23:42:09 EDT [CRAWLER] 		
2026-09-12 23:42:09 EDT [CRAWLER] 		
2026-09-12 23:42:09 EDT [CRAWLER] 		
2026-09-12 23:42:09 EDT [CRAWLER] 		
2026-09-12 23:42:09 EDT [CRAWLER] 		
2026-09-12 23:42:09 EDT [CRAWLER] 		
2026-09-12 23:42:09 EDT [CRAWLER] 		
2026-09-12 23:42:09 EDT [CRAWLER] 		
2026-09-12 23:42:09 EDT [CRAWLER] 		
2026-09-12 23:42:09 EDT [CRAWLER] 		
2026-09-12 23:42:09 EDT [CRAWLER] 		
2026-09-12 23:42:09 EDT [CRAWLER] 		
2026-09-12 23:42:09 EDT [CRAWLER] 		
2026-09-12 23:42:09 EDT [CRAWLER] 		
2026-09-12 23:42:09 EDT [CRAWLER] 		
2026-09-12 23:42:09 EDT [CRAWLER] 		
2026-09-12 23:42:09 EDT [CRAWLER] 		
2026-09-12 23:42:09 EDT [CRAWLER] 		
2026-09-12 23:42:09 EDT [CRAWLER] 		
2026-09-12 23:42:09 EDT [CRAWLER] 		
2026-09-12 23:42:09 EDT [CRAWLER] 		
2026-09-12 23:42:09 EDT [CRAWLER] 		
2026-09-12 23:42:09 EDT [CRAWLER] 		
2026-09-12 23:42:09 EDT [CRAWLER] 		
2026-09-12 23:42:09 EDT [CRAWLER] 		
2026-09-12 23:42:09 EDT [CRAWLER] 		
2026-09-12 23:42:09 EDT [CRAWLER] 		
2026-09-12 23:42:09 EDT [CRAWLER] 		
2026-09-12 23:42:09 EDT [CRAWLER] 		
2026-09-12 23:42:09 EDT [AI SERVER] [AI BATCH START] 3 ticker(s) for article (6033 chars): GME,GS,TGT
2026-09-12 23:42:09 EDT [CRAWLER] 		
2026-09-12 23:42:09 EDT [CRAWLER] 		
2026-09-12 23:42:09 EDT [CRAWLER] 		
2026-09-12 23:42:09 EDT [CRAWLER] 		
2026-09-12 23:42:09 EDT [CRAWLER] 		
2026-09-12 23:42:09 EDT [CRAWLER] 		
2026-09-12 23:42:09 EDT [CRAWLER] 		
2026-09-12 23:42:09 EDT [CRAWLER] 		
2026-09-12 23:42:09 EDT [CRAWLER] 		
2026-09-12 23:42:09 EDT [CRAWLER] 		
2026-09-12 23:42:09 EDT [CRAWLER] 		
2026-09-12 23:42:09 EDT [CRAWLER] 		
2026-09-12 23:42:09 EDT [CRAWLER] 		
2026-09-12 23:42:09 EDT [CRAWLER] 		
2026-09-12 23:42:09 EDT [CRAWLER] 		
2026-09-12 23:42:09 EDT [CRAWLER] 		
2026-09-12 23:42:09 EDT [CRAWLER] 		
2026-09-12 23:42:09 EDT [CRAWLER] 		
2026-09-12 23:42:09 EDT [CRAWLER] 		
2026-09-12 23:42:09 EDT [CRAWLER] 		
2026-09-12 23:42:09 EDT [CRAWLER] 		
2026-09-12 23:42:09 EDT [CRAWLER] 		
2026-09-12 23:42:09 EDT [CRAWLER] 		
2026-09-12 23:42:09 EDT [CRAWLER] 		
2026-09-12 23:42:09 EDT [CRAWLER] 		
2026-09-12 23:42:09 EDT [CRAWLER] 		
2026-09-12 23:42:09 EDT [CRAWLER] 		
2026-09-12 23:42:09 EDT [CRAWLER] 		
2026-09-12 23:42:09 EDT [CRAWLER] 		
2026-09-12 23:42:09 EDT [CRAWLER] 		
2026-09-12 23:42:09 EDT [CRAWLER] 		
2026-09-12 23:42:09 EDT [CRAWLER] 		
2026-09-12 23:42:09 EDT [CRAWLER] 		
2026-09-12 23:42:09 EDT [CRAWLER] 		
2026-09-12 23:42:09 EDT [CRAWLER] 		
2026-09-12 23:42:09 EDT [CRAWLER] 		
2026-09-12 23:42:09 EDT [CRAWLER] 		
2026-09-12 23:42:09 EDT [CRAWLER] 		
2026-09-12 23:42:09 EDT [CRAWLER] 		
2026-09-12 23:42:09 EDT [CRAWLER] 		
2026-09-12 23:42:09 EDT [CRAWLER] 		
2026-09-12 23:42:09 EDT [CRAWLER] 		
2026-09-12 23:42:09 EDT [CRAWLER] 		
2026-09-12 23:42:09 EDT [CRAWLER] 		
2026-09-12 23:42:09 EDT [CRAWLER] 		
2026-09-12 23:42:09 EDT [CRAWLER] 		
2026-09-12 23:42:09 EDT [CRAWLER] 		
2026-09-12 23:42:09 EDT [CRAWLER] 		
2026-09-12 23:42:09 EDT [CRAWLER] 		
2026-09-12 23:42:09 EDT [CRAWLER] 		
2026-09-12 23:42:09 EDT [CRAWLER] 		
2026-09-12 23:42:09 EDT [CRAWLER] 		
2026-09-12 23:42:09 EDT [CRAWLER] 		
2026-09-12 23:42:09 EDT [CRAWLER] 		
2026-09-12 23:42:09 EDT [CRAWLER] 		
2026-09-12 23:42:09 EDT [CRAWLER] 		
2026-09-12 23:42:09 EDT [CRAWLER] 		
2026-09-12 23:42:09 EDT [CRAWLER] 		
2026-09-12 23:42:09 EDT [CRAWLER] 		
2026-09-12 23:42:09 EDT [CRAWLER] 		
2026-09-12 23:42:09 EDT [CRAWLER] 		
2026-09-12 23:42:09 EDT [CRAWLER] 		
2026-09-12 23:42:09 EDT [CRAWLER] 		
2026-09-12 23:42:09 EDT [CRAWLER] 		
2026-09-12 23:42:09 EDT [CRAWLER] 		
2026-09-12 23:42:09 EDT [CRAWLER] 		
2026-09-12 23:42:09 EDT [CRAWLER] 		
2026-09-12 23:42:09 EDT [CRAWLER] 		
2026-09-12 23:42:09 EDT [CRAWLER] 		
2026-09-12 23:42:09 EDT [CRAWLER] 		
2026-09-12 23:42:09 EDT [CRAWLER] 		
2026-09-12 23:42:09 EDT [CRAWLER] 		
2026-09-12 23:42:09 EDT [CRAWLER] 		
2026-09-12 23:42:09 EDT [CRAWLER] 		
2026-09-12 23:42:09 EDT [CRAWLER] 		
2026-09-12 23:42:09 EDT [CRAWLER] 		
2026-09-12 23:42:09 EDT [CRAWLER] 		
2026-09-12 23:42:09 EDT [CRAWLER] 		
2026-09-12 23:42:09 EDT [CRAWLER] 		
2026-09-12 23:42:09 EDT [CRAWLER] 		
2026-09-12 23:42:09 EDT [CRAWLER] 		
2026-09-12 23:42:09 EDT [CRAWLER] 		
2026-09-12 23:42:09 EDT [CRAWLER] 		
2026-09-12 23:42:09 EDT [CRAWLER] 		
2026-09-12 23:42:09 EDT [CRAWLER] 		
2026-09-12 23:42:09 EDT [CRAWLER] 		
2026-09-12 23:42:09 EDT [CRAWLER] 		
2026-09-12 23:42:09 EDT [CRAWLER] 		
2026-09-12 23:42:09 EDT [CRAWLER] 		
2026-09-12 23:42:09 EDT [CRAWLER] 		
2026-09-12 23:42:09 EDT [CRAWLER] 		
2026-09-12 23:42:09 EDT [CRAWLER] 		
2026-09-12 23:42:09 EDT [CRAWLER] 		
2026-09-12 23:42:09 EDT [CRAWLER] 		
2026-09-12 23:42:09 EDT [CRAWLER] 		
2026-09-12 23:42:09 EDT [CRAWLER] 		
2026-09-12 23:42:09 EDT [CRAWLER] 		
2026-09-12 23:42:09 EDT [CRAWLER] 		
2026-09-12 23:42:09 EDT [CRAWLER] 		
2026-09-12 23:42:09 EDT [CRAWLER] 		
2026-09-12 23:42:09 EDT [CRAWLER] 		
2026-09-12 23:42:09 EDT [CRAWLER] 		
2026-09-12 23:42:09 EDT [CRAWLER] 		
2026-09-12 23:42:09 EDT [CRAWLER] 		
2026-09-12 23:42:09 EDT [CRAWLER] 		
2026-09-12 23:42:09 EDT [CRAWLER] 		
2026-09-12 23:42:09 EDT [CRAWLER] 		
2026-09-12 23:42:09 EDT [CRAWLER] 		
2026-09-12 23:42:09 EDT [CRAWLER] 		
2026-09-12 23:42:09 EDT [CRAWLER] 		
2026-09-12 23:42:09 EDT [CRAWLER] 		
2026-09-12 23:42:09 EDT [CRAWLER] 		
2026-09-12 23:42:09 EDT [CRAWLER] 		
2026-09-12 23:42:09 EDT [CRAWLER] 		
2026-09-12 23:42:09 EDT [CRAWLER] 		
2026-09-12 23:42:09 EDT [CRAWLER] 		
2026-09-12 23:42:09 EDT [CRAWLER] 		
2026-09-12 23:42:09 EDT [CRAWLER] 		
2026-09-12 23:42:09 EDT [CRAWLER] 		
2026-09-12 23:42:09 EDT [CRAWLER] 		
2026-09-12 23:42:09 EDT [CRAWLER] 		
2026-09-12 23:42:09 EDT [CRAWLER] 		
2026-09-12 23:42:09 EDT [CRAWLER] 		
2026-09-12 23:42:09 EDT [CRAWLER] 		
2026-09-12 23:42:09 EDT [CRAWLER] 		
2026-09-12 23:42:09 EDT [CRAWLER] 		
2026-09-12 23:42:09 EDT [CRAWLER] 		
2026-09-12 23:42:09 EDT [CRAWLER] 		
2026-09-12 23:42:09 EDT [CRAWLER] 		
2026-09-12 23:42:09 EDT [CRAWLER] 		
2026-09-12 23:42:09 EDT [CRAWLER] 		
2026-09-12 23:42:09 EDT [CRAWLER] 		
2026-09-12 23:42:09 EDT [CRAWLER] 		
2026-09-12 23:42:09 EDT [CRAWLER] 		
2026-09-12 23:42:09 EDT [CRAWLER] 		
2026-09-12 23:42:09 EDT [CRAWLER] 		
2026-09-12 23:42:09 EDT [CRAWLER] 		
2026-09-12 23:42:09 EDT [CRAWLER] 		
2026-09-12 23:42:09 EDT [CRAWLER] 		
2026-09-12 23:42:09 EDT [CRAWLER] 		
2026-09-12 23:42:09 EDT [CRAWLER] 		
2026-09-12 23:42:09 EDT [CRAWLER] 		
2026-09-12 23:42:09 EDT [CRAWLER] 		
2026-09-12 23:42:09 EDT [CRAWLER] 		
2026-09-12 23:42:09 EDT [CRAWLER] 		
2026-09-12 23:42:09 EDT [CRAWLER] 		
2026-09-12 23:42:09 EDT [CRAWLER] 		
2026-09-12 23:42:09 EDT [CRAWLER] 		
2026-09-12 23:42:09 EDT [CRAWLER] 		
2026-09-12 23:42:09 EDT [CRAWLER] 		
2026-09-12 23:42:09 EDT [CRAWLER] 		
2026-09-12 23:42:09 EDT [CRAWLER] 		
2026-09-12 23:42:09 EDT [CRAWLER] 		
2026-09-12 23:42:09 EDT [CRAWLER] 		
2026-09-12 23:42:09 EDT [CRAWLER] 		
2026-09-12 23:42:09 EDT [CRAWLER] 		
2026-09-12 23:42:09 EDT [CRAWLER] 		
2026-09-12 23:42:09 EDT [CRAWLER] 		
2026-09-12 23:42:09 EDT [CRAWLER] 		
2026-09-12 23:42:09 EDT [CRAWLER] 		
2026-09-12 23:42:09 EDT [CRAWLER] 		
2026-09-12 23:42:09 EDT [CRAWLER] 		
2026-09-12 23:42:09 EDT [CRAWLER] 		
2026-09-12 23:42:09 EDT [CRAWLER] 		
2026-09-12 23:42:09 EDT [CRAWLER] 		
2026-09-12 23:42:09 EDT [CRAWLER] 		
2026-09-12 23:42:09 EDT [CRAWLER] 		
2026-09-12 23:42:09 EDT [CRAWLER] 		DELL Stock Just Hit a New All-Time High. Here's Why.  
2026-09-12 23:42:09 EDT [CRAWLER]     
2026-09-12 23:42:09 EDT [CRAWLER]     
2026-09-12 23:42:09 EDT [CRAWLER]         
2026-09-12 23:42:09 EDT [CRAWLER]                Oops, something went wrong                    Skip to navigation   Skip to main content   Skip to right column                                   DELL Stock Just Hit a New All-Time High. Here's Why.          Wajeeh Kha
2026-09-12 23:42:09 EDT [CRAWLER] [TICKER MATCH] GME,GS,TGT
2026-09-12 23:42:09 EDT [CRAWLER] [DISPATCH] Sent GME,GS,TGT -> AI Server
2026-09-12 23:42:09 EDT [CRAWLER] Extracting
2026-09-12 23:42:09 EDT [CRAWLER] [CRAWLER DONE] Processed: https://finance.yahoo.com/markets/stocks/articles/dell-stock-just-hit-time-204744116.html | Extracted Links: 0 | Dispatched to AI: YES
2026-09-12 23:42:09 EDT [CRAWLER] Status line: HTTP/1.1 200 OK
2026-09-12 23:42:10 EDT [CRAWLER] [CRAWLER] Visiting: https://finance.yahoo.com/markets/stocks/articles/lululemon-guidance-cut-sent-shares-201133412.html
2026-09-12 23:42:10 EDT [CRAWLER] [DEBUG] URL: https://finance.yahoo.com/markets/stocks/articles/wall-st-futures-recover-oil-095547409.html
2026-09-12 23:42:10 EDT [CRAWLER] [DEBUG] Article length: 6157
2026-09-12 23:42:10 EDT [CRAWLER] [DEBUG] First 1000 chars:
2026-09-12 23:42:10 EDT [CRAWLER]     
2026-09-12 23:42:10 EDT [CRAWLER]         
2026-09-12 23:42:10 EDT [CRAWLER]         
2026-09-12 23:42:10 EDT [CRAWLER]          
2026-09-12 23:42:10 EDT [CRAWLER] 	
2026-09-12 23:42:10 EDT [CRAWLER] 		
2026-09-12 23:42:10 EDT [CRAWLER] 		
2026-09-12 23:42:10 EDT [CRAWLER] 		
2026-09-12 23:42:10 EDT [CRAWLER] 		
2026-09-12 23:42:10 EDT [CRAWLER] 		
2026-09-12 23:42:10 EDT [CRAWLER] 		
2026-09-12 23:42:10 EDT [CRAWLER] 		
2026-09-12 23:42:10 EDT [CRAWLER] 		
2026-09-12 23:42:10 EDT [CRAWLER] 		
2026-09-12 23:42:10 EDT [CRAWLER] 		
2026-09-12 23:42:10 EDT [CRAWLER] 		
2026-09-12 23:42:10 EDT [CRAWLER] 		
2026-09-12 23:42:10 EDT [CRAWLER] 		
2026-09-12 23:42:10 EDT [CRAWLER] 		
2026-09-12 23:42:10 EDT [CRAWLER] 		
2026-09-12 23:42:10 EDT [CRAWLER] 		
2026-09-12 23:42:10 EDT [CRAWLER] 		
2026-09-12 23:42:10 EDT [CRAWLER] 		
2026-09-12 23:42:10 EDT [CRAWLER] 		
2026-09-12 23:42:10 EDT [CRAWLER] 		
2026-09-12 23:42:10 EDT [CRAWLER] 		
2026-09-12 23:42:10 EDT [CRAWLER] 		
2026-09-12 23:42:10 EDT [CRAWLER] 		
2026-09-12 23:42:10 EDT [CRAWLER] 		
2026-09-12 23:42:10 EDT [CRAWLER] 		
2026-09-12 23:42:10 EDT [CRAWLER] 		
2026-09-12 23:42:10 EDT [CRAWLER] 		
2026-09-12 23:42:10 EDT [CRAWLER] 		
2026-09-12 23:42:10 EDT [CRAWLER] 		
2026-09-12 23:42:10 EDT [CRAWLER] 		
2026-09-12 23:42:10 EDT [CRAWLER] 		
2026-09-12 23:42:10 EDT [CRAWLER] 		
2026-09-12 23:42:10 EDT [CRAWLER] 		
2026-09-12 23:42:10 EDT [CRAWLER] 		
2026-09-12 23:42:10 EDT [CRAWLER] 		
2026-09-12 23:42:10 EDT [CRAWLER] 		
2026-09-12 23:42:10 EDT [CRAWLER] 		
2026-09-12 23:42:10 EDT [CRAWLER] 		
2026-09-12 23:42:10 EDT [CRAWLER] 		
2026-09-12 23:42:10 EDT [CRAWLER] 		
2026-09-12 23:42:10 EDT [CRAWLER] 		
2026-09-12 23:42:10 EDT [CRAWLER] 		
2026-09-12 23:42:10 EDT [CRAWLER] 		
2026-09-12 23:42:10 EDT [CRAWLER] 		
2026-09-12 23:42:10 EDT [CRAWLER] 		
2026-09-12 23:42:10 EDT [AI SERVER] [AI BATCH START] 1 ticker(s) for article (6157 chars): ORCL
2026-09-12 23:42:10 EDT [CRAWLER] 		
2026-09-12 23:42:10 EDT [CRAWLER] 		
2026-09-12 23:42:10 EDT [CRAWLER] 		
2026-09-12 23:42:10 EDT [CRAWLER] 		
2026-09-12 23:42:10 EDT [CRAWLER] 		
2026-09-12 23:42:10 EDT [CRAWLER] 		
2026-09-12 23:42:10 EDT [CRAWLER] 		
2026-09-12 23:42:10 EDT [CRAWLER] 		
2026-09-12 23:42:10 EDT [CRAWLER] 		
2026-09-12 23:42:10 EDT [CRAWLER] 		
2026-09-12 23:42:10 EDT [CRAWLER] 		
2026-09-12 23:42:10 EDT [CRAWLER] 		
2026-09-12 23:42:10 EDT [CRAWLER] 		
2026-09-12 23:42:10 EDT [CRAWLER] 		
2026-09-12 23:42:10 EDT [CRAWLER] 		
2026-09-12 23:42:10 EDT [CRAWLER] 		
2026-09-12 23:42:10 EDT [CRAWLER] 		
2026-09-12 23:42:10 EDT [CRAWLER] 		
2026-09-12 23:42:10 EDT [CRAWLER] 		
2026-09-12 23:42:10 EDT [CRAWLER] 		
2026-09-12 23:42:10 EDT [CRAWLER] 		
2026-09-12 23:42:10 EDT [CRAWLER] 		
2026-09-12 23:42:10 EDT [CRAWLER] 		
2026-09-12 23:42:10 EDT [CRAWLER] 		
2026-09-12 23:42:10 EDT [CRAWLER] 		
2026-09-12 23:42:10 EDT [CRAWLER] 		
2026-09-12 23:42:10 EDT [CRAWLER] 		
2026-09-12 23:42:10 EDT [CRAWLER] 		
2026-09-12 23:42:10 EDT [CRAWLER] 		
2026-09-12 23:42:10 EDT [CRAWLER] 		
2026-09-12 23:42:10 EDT [CRAWLER] 		
2026-09-12 23:42:10 EDT [CRAWLER] 		
2026-09-12 23:42:10 EDT [CRAWLER] 		
2026-09-12 23:42:10 EDT [CRAWLER] 		
2026-09-12 23:42:10 EDT [CRAWLER] 		
2026-09-12 23:42:10 EDT [CRAWLER] 		
2026-09-12 23:42:10 EDT [CRAWLER] 		
2026-09-12 23:42:10 EDT [CRAWLER] 		
2026-09-12 23:42:10 EDT [CRAWLER] 		
2026-09-12 23:42:10 EDT [CRAWLER] 		
2026-09-12 23:42:10 EDT [CRAWLER] 		
2026-09-12 23:42:10 EDT [CRAWLER] 		
2026-09-12 23:42:10 EDT [CRAWLER] 		
2026-09-12 23:42:10 EDT [CRAWLER] 		
2026-09-12 23:42:10 EDT [CRAWLER] 		
2026-09-12 23:42:10 EDT [CRAWLER] 		
2026-09-12 23:42:10 EDT [CRAWLER] 		
2026-09-12 23:42:10 EDT [CRAWLER] 		
2026-09-12 23:42:10 EDT [CRAWLER] 		
2026-09-12 23:42:10 EDT [CRAWLER] 		
2026-09-12 23:42:10 EDT [CRAWLER] 		
2026-09-12 23:42:10 EDT [CRAWLER] 		
2026-09-12 23:42:10 EDT [CRAWLER] 		
2026-09-12 23:42:10 EDT [CRAWLER] 		
2026-09-12 23:42:10 EDT [CRAWLER] 		
2026-09-12 23:42:10 EDT [CRAWLER] 		
2026-09-12 23:42:10 EDT [CRAWLER] 		
2026-09-12 23:42:10 EDT [CRAWLER] 		
2026-09-12 23:42:10 EDT [CRAWLER] 		
2026-09-12 23:42:10 EDT [CRAWLER] 		
2026-09-12 23:42:10 EDT [CRAWLER] 		
2026-09-12 23:42:10 EDT [CRAWLER] 		
2026-09-12 23:42:10 EDT [CRAWLER] 		
2026-09-12 23:42:10 EDT [CRAWLER] 		
2026-09-12 23:42:10 EDT [CRAWLER] 		
2026-09-12 23:42:10 EDT [CRAWLER] 		
2026-09-12 23:42:10 EDT [CRAWLER] 		
2026-09-12 23:42:10 EDT [CRAWLER] 		
2026-09-12 23:42:10 EDT [CRAWLER] 		
2026-09-12 23:42:10 EDT [CRAWLER] 		
2026-09-12 23:42:10 EDT [CRAWLER] 		
2026-09-12 23:42:10 EDT [CRAWLER] 		
2026-09-12 23:42:10 EDT [CRAWLER] 		
2026-09-12 23:42:10 EDT [CRAWLER] 		
2026-09-12 23:42:10 EDT [CRAWLER] 		
2026-09-12 23:42:10 EDT [CRAWLER] 		
2026-09-12 23:42:10 EDT [CRAWLER] 		
2026-09-12 23:42:10 EDT [CRAWLER] 		
2026-09-12 23:42:10 EDT [CRAWLER] 		
2026-09-12 23:42:10 EDT [CRAWLER] 		
2026-09-12 23:42:10 EDT [CRAWLER] 		
2026-09-12 23:42:10 EDT [CRAWLER] 		
2026-09-12 23:42:10 EDT [CRAWLER] 		
2026-09-12 23:42:10 EDT [CRAWLER] 		
2026-09-12 23:42:10 EDT [CRAWLER] 		
2026-09-12 23:42:10 EDT [CRAWLER] 		
2026-09-12 23:42:10 EDT [CRAWLER] 		
2026-09-12 23:42:10 EDT [CRAWLER] 		
2026-09-12 23:42:10 EDT [CRAWLER] 		
2026-09-12 23:42:10 EDT [CRAWLER] 		
2026-09-12 23:42:10 EDT [CRAWLER] 		
2026-09-12 23:42:10 EDT [CRAWLER] 		
2026-09-12 23:42:10 EDT [CRAWLER] 		
2026-09-12 23:42:10 EDT [CRAWLER] 		
2026-09-12 23:42:10 EDT [CRAWLER] 		
2026-09-12 23:42:10 EDT [CRAWLER] 		
2026-09-12 23:42:10 EDT [CRAWLER] 		
2026-09-12 23:42:10 EDT [CRAWLER] 		
2026-09-12 23:42:10 EDT [CRAWLER] 		
2026-09-12 23:42:10 EDT [CRAWLER] 		
2026-09-12 23:42:10 EDT [CRAWLER] 		
2026-09-12 23:42:10 EDT [CRAWLER] 		
2026-09-12 23:42:10 EDT [CRAWLER] 		
2026-09-12 23:42:10 EDT [CRAWLER] 		
2026-09-12 23:42:10 EDT [CRAWLER] 		
2026-09-12 23:42:10 EDT [CRAWLER] 		
2026-09-12 23:42:10 EDT [CRAWLER] 		
2026-09-12 23:42:10 EDT [CRAWLER] 		
2026-09-12 23:42:10 EDT [CRAWLER] 		
2026-09-12 23:42:10 EDT [CRAWLER] 		
2026-09-12 23:42:10 EDT [CRAWLER] 		
2026-09-12 23:42:10 EDT [CRAWLER] 		
2026-09-12 23:42:10 EDT [CRAWLER] 		
2026-09-12 23:42:10 EDT [CRAWLER] 		
2026-09-12 23:42:10 EDT [CRAWLER] 		
2026-09-12 23:42:10 EDT [CRAWLER] 		
2026-09-12 23:42:10 EDT [CRAWLER] 		
2026-09-12 23:42:10 EDT [CRAWLER] 		
2026-09-12 23:42:10 EDT [CRAWLER] 		
2026-09-12 23:42:10 EDT [CRAWLER] 		
2026-09-12 23:42:10 EDT [CRAWLER] 		
2026-09-12 23:42:10 EDT [CRAWLER] 		
2026-09-12 23:42:10 EDT [CRAWLER] 		
2026-09-12 23:42:10 EDT [CRAWLER] 		
2026-09-12 23:42:10 EDT [CRAWLER] 		
2026-09-12 23:42:10 EDT [CRAWLER] 		
2026-09-12 23:42:10 EDT [CRAWLER] 		
2026-09-12 23:42:10 EDT [CRAWLER] 		
2026-09-12 23:42:10 EDT [CRAWLER] 		
2026-09-12 23:42:10 EDT [CRAWLER] 		
2026-09-12 23:42:10 EDT [CRAWLER] 		
2026-09-12 23:42:10 EDT [CRAWLER] 		
2026-09-12 23:42:10 EDT [CRAWLER] 		
2026-09-12 23:42:10 EDT [CRAWLER] 		
2026-09-12 23:42:10 EDT [CRAWLER] 		
2026-09-12 23:42:10 EDT [CRAWLER] 		
2026-09-12 23:42:10 EDT [CRAWLER] 		
2026-09-12 23:42:10 EDT [CRAWLER] 		
2026-09-12 23:42:10 EDT [CRAWLER] 		
2026-09-12 23:42:10 EDT [CRAWLER] 		
2026-09-12 23:42:10 EDT [CRAWLER] 		
2026-09-12 23:42:10 EDT [CRAWLER] 		
2026-09-12 23:42:10 EDT [CRAWLER] 		
2026-09-12 23:42:10 EDT [CRAWLER] 		
2026-09-12 23:42:10 EDT [CRAWLER] 		
2026-09-12 23:42:10 EDT [CRAWLER] 		
2026-09-12 23:42:10 EDT [CRAWLER] 		
2026-09-12 23:42:10 EDT [CRAWLER] 		
2026-09-12 23:42:10 EDT [CRAWLER] 		
2026-09-12 23:42:10 EDT [CRAWLER] 		
2026-09-12 23:42:10 EDT [CRAWLER] 		
2026-09-12 23:42:10 EDT [CRAWLER] 		
2026-09-12 23:42:10 EDT [CRAWLER] 		
2026-09-12 23:42:10 EDT [CRAWLER] 		
2026-09-12 23:42:10 EDT [CRAWLER] 		
2026-09-12 23:42:10 EDT [CRAWLER] 		
2026-09-12 23:42:10 EDT [CRAWLER] 		
2026-09-12 23:42:10 EDT [CRAWLER] 		
2026-09-12 23:42:10 EDT [CRAWLER] 		
2026-09-12 23:42:10 EDT [CRAWLER] 		
2026-09-12 23:42:10 EDT [CRAWLER] 		
2026-09-12 23:42:10 EDT [CRAWLER] 		
2026-09-12 23:42:10 EDT [CRAWLER] 		
2026-09-12 23:42:10 EDT [CRAWLER] 		
2026-09-12 23:42:10 EDT [CRAWLER] 		
2026-09-12 23:42:10 EDT [CRAWLER] 		
2026-09-12 23:42:10 EDT [CRAWLER] 		
2026-09-12 23:42:10 EDT [CRAWLER] 		
2026-09-12 23:42:10 EDT [CRAWLER] 		
2026-09-12 23:42:10 EDT [CRAWLER] 		
2026-09-12 23:42:10 EDT [CRAWLER] 		
2026-09-12 23:42:10 EDT [CRAWLER] 		
2026-09-12 23:42:10 EDT [CRAWLER] 		
2026-09-12 23:42:10 EDT [CRAWLER] 		S&P 500 ends higher as strong inflation data cements rate-hike bets  
2026-09-12 23:42:10 EDT [CRAWLER]     
2026-09-12 23:42:10 EDT [CRAWLER]     
2026-09-12 23:42:10 EDT [CRAWLER]         
2026-09-12 23:42:10 EDT [CRAWLER]                Oops, something went wrong                    Skip to navigation   Skip to main content   Skip to right column                                   S&P 500 ends higher as strong inflation data cements rate
2026-09-12 23:42:10 EDT [CRAWLER] [TICKER MATCH] ORCL
2026-09-12 23:42:10 EDT [CRAWLER] [DISPATCH] Sent ORCL -> AI Server
2026-09-12 23:42:10 EDT [CRAWLER] Extracting
2026-09-12 23:42:10 EDT [CRAWLER] [CRAWLER DONE] Processed: https://finance.yahoo.com/markets/stocks/articles/wall-st-futures-recover-oil-095547409.html | Extracted Links: 0 | Dispatched to AI: YES
2026-09-12 23:42:10 EDT [CRAWLER] Status line: HTTP/1.1 200 OK
2026-09-12 23:42:10 EDT [CRAWLER] [DEBUG] URL: https://finance.yahoo.com/markets/stocks/articles/solaris-sei-lifts-ebitda-guidance-201715510.html
2026-09-12 23:42:10 EDT [CRAWLER] [DEBUG] Article length: 4328
2026-09-12 23:42:10 EDT [CRAWLER] [DEBUG] First 1000 chars:
2026-09-12 23:42:10 EDT [CRAWLER] Solaris Energy Infrastructure, Inc. (NYSE:SEI), traditionally known as an oil and gas field services and solutions company, has been increasingly shifting toward the data center market. On September 8, the company provided an update to its guidance ranges, which suggests that this shift is working.  
2026-09-12 23:42:10 EDT [CRAWLER] The company lifted its adjusted EBITDA guidance for the third and fourth quarters of 2026 and provided its initial outlook for the first quarter of 2027. The company said that the updated expectations reflect stronger contributions from its core power services business, along with better-than-expected performance from recently acquired businesses. Solaris Energy Infrastructure, Inc. (NYSE:SEI) now expects Q3 2026 adjusted EBITDA of $110 million to $130 million, up from its previous range of $90 million to $105 million. At the midpoint, that represents a 23% increase.  
2026-09-12 23:42:10 EDT [CRAWLER] For Q4 2026, the company raised its guidance to $145 million to $180 million from $100 million to $120 million, a 48% incr
2026-09-12 23:42:10 EDT [CRAWLER] [TICKER MATCH] AVGO,GOOGL
2026-09-12 23:42:10 EDT [CRAWLER] [DISPATCH] Sent AVGO,GOOGL -> AI Server
2026-09-12 23:42:10 EDT [CRAWLER] Extracting
2026-09-12 23:42:10 EDT [AI SERVER] [AI BATCH START] 2 ticker(s) for article (4328 chars): AVGO,GOOGL
2026-09-12 23:42:10 EDT [CRAWLER] [CRAWLER DONE] Processed: https://finance.yahoo.com/markets/stocks/articles/solaris-sei-lifts-ebitda-guidance-201715510.html | Extracted Links: 0 | Dispatched to AI: YES
2026-09-12 23:42:11 EDT [CRAWLER] [CRAWLER] Visiting: https://finance.yahoo.com/markets/live/stock-market-today-friday-september-11-dow-sp-500-nasdaq-cpi-inflation-082201751.html
2026-09-12 23:42:11 EDT [CRAWLER] Status line: HTTP/1.1 200 OK
2026-09-12 23:42:11 EDT [CRAWLER] [DEBUG] URL: https://finance.yahoo.com/markets/stocks/articles/stocks-shake-off-cpi-report-205136694.html
2026-09-12 23:42:11 EDT [CRAWLER] [DEBUG] Article length: 7115
2026-09-12 23:42:11 EDT [CRAWLER] [DEBUG] First 1000 chars:
2026-09-12 23:42:11 EDT [CRAWLER] The S&P 500 Index ($SPX) (SPY) on Friday rose by +0.86%, the Dow Jones Industrial Average ($DOWI) (DIA) rose by +0.98%, and the Nasdaq 100 Index ($IUXX) (QQQ) rose by +0.91%. E-mini S&P futures (ESU26) rose +0.83%, and September E-mini Nasdaq futures (NQU26) rose +0.86%.  
2026-09-12 23:42:11 EDT [CRAWLER] Stock indexes closed higher, supported by Friday's -2.4% decline in oil prices. The stock market took Friday's CPI report largely in stride, even as the 10-year T-note yield closed slightly higher and the odds of a Fed rate hike next week rose to 85%.  
2026-09-12 23:42:11 EDT [CRAWLER] GME Stock Jumps as GameStop CEO Ryan Cohen Buys $20 Million Worth of Shares  
2026-09-12 23:42:11 EDT [CRAWLER] Rocket Lab Stock Just Scored a New Bullish Rating  
2026-09-12 23:42:11 EDT [CRAWLER] Cathie Wood Just Bet $45 Million on This Beaten-Down Space Stock. Wall Street Sees 70% Upside.  
2026-09-12 23:42:11 EDT [CRAWLER] Stop Missing Market Moves: Get the FREE Barchart Brief – your midday dose of stock movers, trending sectors, and actionable trade ideas, delivered right to your inbox. Sign Up Now!  
2026-09-12 23:42:11 EDT [CRAWLER] Friday's Aug US CPI report of +0.4% m/m was in line with mar
2026-09-12 23:42:11 EDT [CRAWLER] [TICKER MATCH] AAPL,ADBE,ADI,AMZN,ARM,BTC,COIN,DOWI,ETH,GME,GOOGL,IUXX,MSFT,NVDA,ORCL,SPX,TGT
2026-09-12 23:42:11 EDT [CRAWLER] [DISPATCH] Sent AAPL,ADBE,ADI,AMZN,ARM,BTC,COIN,DOWI,ETH,GME,GOOGL,IUXX,MSFT,NVDA,ORCL,SPX,TGT -> AI Server
2026-09-12 23:42:11 EDT [CRAWLER] Extracting
2026-09-12 23:42:11 EDT [AI SERVER] [AI BATCH START] 17 ticker(s) for article (7115 chars): AAPL,ADBE,ADI,AMZN,ARM,BTC,COIN,DOWI,ETH,GME,GOOGL,IUXX,MSFT,NVDA,ORCL,SPX,TGT
2026-09-12 23:42:11 EDT [CRAWLER] [CRAWLER DONE] Processed: https://finance.yahoo.com/markets/stocks/articles/stocks-shake-off-cpi-report-205136694.html | Extracted Links: 0 | Dispatched to AI: YES
2026-09-12 23:42:12 EDT [CRAWLER] [CRAWLER] Visiting: https://finance.yahoo.com/markets/crypto/articles/hive-crosses-1-million-daily-203000808.html
2026-09-12 23:42:12 EDT [CRAWLER] Status line: HTTP/1.1 200 OK
2026-09-12 23:42:12 EDT [CRAWLER] [DEBUG] URL: https://finance.yahoo.com/markets/stocks/articles/lululemon-guidance-cut-sent-shares-201133412.html
2026-09-12 23:42:12 EDT [CRAWLER] [DEBUG] Article length: 3350
2026-09-12 23:42:12 EDT [CRAWLER] [DEBUG] First 1000 chars:
2026-09-12 23:42:12 EDT [CRAWLER] Lululemon Athletica Inc. (NASDAQ:LULU) recently issued its second guidance cut of the year, and investors responded immediately by sending shares down roughly 18%. That selloff came despite an EPS beat, but the headline result was heavily supported by a tariff refund rather than underlying business strength. Brand sentiment, traffic, and leggings sales are all weakening across the company's two largest markets. The key issue for investors is no longer whether the quarter was weak, but whether the stock's low valuation and new CEO can provide the catalyst for a meaningful recovery.  
2026-09-12 23:42:12 EDT [CRAWLER] Lululemon shares dropped 18% after the company lowered its full-year guidance for the second time this year. Revenue is now projected to range from $10.35 billion to $10.5 billion, while EPS guidance was reduced to $9.48 to $9.73. Both represent sharp reductions from its earlier guidance ranges. Second-quarter revenue was particularly weak, falling 4% to $2.4 billion and coming in below consensus estimates,
2026-09-12 23:42:12 EDT [CRAWLER] [TICKER MATCH] GOOGL,LULU
2026-09-12 23:42:12 EDT [CRAWLER] [DISPATCH] Sent GOOGL,LULU -> AI Server
2026-09-12 23:42:12 EDT [CRAWLER] Extracting
2026-09-12 23:42:12 EDT [AI SERVER] [AI BATCH START] 2 ticker(s) for article (3350 chars): GOOGL,LULU
2026-09-12 23:42:12 EDT [CRAWLER] [CRAWLER DONE] Processed: https://finance.yahoo.com/markets/stocks/articles/lululemon-guidance-cut-sent-shares-201133412.html | Extracted Links: 0 | Dispatched to AI: YES
2026-09-12 23:42:13 EDT [CRAWLER] [CRAWLER] Visiting: https://finance.yahoo.com/markets/stocks/articles/danaos-stock-just-hit-time-205502822.html
2026-09-12 23:42:13 EDT [CRAWLER] Status line: HTTP/1.1 200 OK
2026-09-12 23:42:13 EDT [CRAWLER] [DEBUG] URL: https://finance.yahoo.com/markets/live/stock-market-today-friday-september-11-dow-sp-500-nasdaq-cpi-inflation-082201751.html
2026-09-12 23:42:13 EDT [CRAWLER] [DEBUG] Article length: 17981
2026-09-12 23:42:13 EDT [CRAWLER] [DEBUG] First 1000 chars:
2026-09-12 23:42:13 EDT [CRAWLER] US stocks rose on Friday as investors digested the Consumer Price Index data, which showed inflation remained sticky and cemented bets that the Federal Reserve will hike interest rates next week.  
2026-09-12 23:42:13 EDT [CRAWLER] The Dow Industrial Average (^DJI) and tech-heavy Nasdaq Composite (^IXIC) rose 0.9% while the S&P 500 (^GSPC) rose 0.8%. The major indexes posted weekly declines, however, after a four-day losing streak.  
2026-09-12 23:42:13 EDT [CRAWLER] Investors turned their attention to the Consumer Price Index, the last piece of inflation data before Federal Reserve policymakers convene next week. Overall prices rose 0.4% on a monthly basis and 3.4% on an annual basis, which were in line with economists' expectations and slightly hotter than July's reading.  
2026-09-12 23:42:13 EDT [CRAWLER] But after stripping out volatile food and energy prices, the Fed's preferred reading, CPI rose 0.3%, compared to estimates for 0.2%.  
2026-09-12 23:42:13 EDT [CRAWLER] Friday's CPI report prompted traders to ramp up their bets that the Fed will raise interest rates this month. Markets are now pricing in a roughly
2026-09-12 23:42:13 EDT [CRAWLER] [TICKER MATCH] AAPL,ADBE,AMZN,COIN,GOOGL,GS,MSFT,NVDA,ORCL,TGT,TSLA,WFC
2026-09-12 23:42:13 EDT [CRAWLER] [DISPATCH] Sent AAPL,ADBE,AMZN,COIN,GOOGL,GS,MSFT,NVDA,ORCL,TGT,TSLA,WFC -> AI Server
2026-09-12 23:42:13 EDT [CRAWLER] Extracting
2026-09-12 23:42:13 EDT [AI SERVER] [AI BATCH START] 12 ticker(s) for article (17981 chars): AAPL,ADBE,AMZN,COIN,GOOGL,GS,MSFT,NVDA,ORCL,TGT,TSLA,WFC
2026-09-12 23:42:13 EDT [CRAWLER] [CRAWLER DONE] Processed: https://finance.yahoo.com/markets/live/stock-market-today-friday-september-11-dow-sp-500-nasdaq-cpi-inflation-082201751.html | Extracted Links: 0 | Dispatched to AI: YES
2026-09-12 23:42:13 EDT [CRAWLER] [CRAWLER] Visiting: https://www.cnbc.com/2026/09/12/anthropics-amodei-proposes-plan-to-slow-the-pace-of-advancing-ai-capabilities.html
2026-09-12 23:42:14 EDT [CRAWLER] [CRAWLER] Visiting: https://finance.yahoo.com/markets/options/articles/daily-etf-flows-avlv-notches-210008846.html
2026-09-12 23:42:14 EDT [CRAWLER] Status line: HTTP/1.1 200 OK
2026-09-12 23:42:14 EDT [CRAWLER] [DEBUG] URL: https://www.cnbc.com/2026/09/12/anthropics-amodei-proposes-plan-to-slow-the-pace-of-advancing-ai-capabilities.html
2026-09-12 23:42:14 EDT [CRAWLER] [DEBUG] Article length: 7456
2026-09-12 23:42:14 EDT [CRAWLER] [DEBUG] First 1000 chars:
2026-09-12 23:42:14 EDT [CRAWLER] OpenAI CEO Sam Altman now says his company will not go public this year, citing growing concerns about AI safety.In an interview with Fortune published Saturday, Altman said that an IPO now would be "ill-advised." The decision pushes one of the most anticipated IPOs in history until at least 2027 and gives the clearest sign yet that mounting concerns about increasingly powerful AI are beginning to reshape the industry's business plans. 
2026-09-12 23:42:14 EDT [CRAWLER] OpenAI CFO Sara Friar told employees just last month that the company would likely go public in 2027 or even sooner, if "our business continues to inflect." Altman's comments came on the same day that Anthropic CEO Dario Amodei published an essay urging AI companies to slow how quickly they improve their most advanced models. Altman and Elon Musk quickly backed the proposal in social media posts, an unusual show of agreement among three fierce rivals.In his essay, Amodei proposed a three-step plan aimed at tempering the pace of development without "sacr
2026-09-12 23:42:14 EDT [CRAWLER] [TICKER MATCH] MACRO
2026-09-12 23:42:14 EDT [CRAWLER] [DISPATCH] Sent MACRO -> AI Server
2026-09-12 23:42:14 EDT [CRAWLER] Extracting
2026-09-12 23:42:14 EDT [AI SERVER] [AI BATCH START] 1 ticker(s) for article (7456 chars): MACRO
2026-09-12 23:42:14 EDT [CRAWLER] [CRAWLER DONE] Processed: https://www.cnbc.com/2026/09/12/anthropics-amodei-proposes-plan-to-slow-the-pace-of-advancing-ai-capabilities.html | Extracted Links: 0 | Dispatched to AI: YES
2026-09-12 23:42:14 EDT [CRAWLER] [CRAWLER] Visiting: https://www.cnbc.com/2026/09/12/larry-ellison-nixes-plan-to-offload-up-to-7point5-billion-worth-of-oracle-stock-.html
2026-09-12 23:42:15 EDT [CRAWLER] [CRAWLER] Visiting: https://finance.yahoo.com/markets/stocks/articles/etf-league-tables-inflows-736m-210004620.html
2026-09-12 23:42:15 EDT [CRAWLER] Status line: HTTP/1.1 200 OK
2026-09-12 23:42:15 EDT [CRAWLER] [DEBUG] URL: https://finance.yahoo.com/markets/crypto/articles/hive-crosses-1-million-daily-203000808.html
2026-09-12 23:42:15 EDT [CRAWLER] [DEBUG] Article length: 5411
2026-09-12 23:42:15 EDT [CRAWLER] [DEBUG] First 1000 chars:
2026-09-12 23:42:15 EDT [CRAWLER]     
2026-09-12 23:42:15 EDT [CRAWLER]         
2026-09-12 23:42:15 EDT [CRAWLER]         
2026-09-12 23:42:15 EDT [CRAWLER]          
2026-09-12 23:42:15 EDT [CRAWLER] 	
2026-09-12 23:42:15 EDT [CRAWLER] 		
2026-09-12 23:42:15 EDT [CRAWLER] 		
2026-09-12 23:42:15 EDT [CRAWLER] 		
2026-09-12 23:42:15 EDT [CRAWLER] 		
2026-09-12 23:42:15 EDT [CRAWLER] 		
2026-09-12 23:42:15 EDT [CRAWLER] 		
2026-09-12 23:42:15 EDT [CRAWLER] 		
2026-09-12 23:42:15 EDT [CRAWLER] 		
2026-09-12 23:42:15 EDT [CRAWLER] 		
2026-09-12 23:42:15 EDT [CRAWLER] 		
2026-09-12 23:42:15 EDT [CRAWLER] 		
2026-09-12 23:42:15 EDT [CRAWLER] 		
2026-09-12 23:42:15 EDT [CRAWLER] 		
2026-09-12 23:42:15 EDT [CRAWLER] 		
2026-09-12 23:42:15 EDT [CRAWLER] 		
2026-09-12 23:42:15 EDT [CRAWLER] 		
2026-09-12 23:42:15 EDT [CRAWLER] 		
2026-09-12 23:42:15 EDT [CRAWLER] 		
2026-09-12 23:42:15 EDT [CRAWLER] 		
2026-09-12 23:42:15 EDT [CRAWLER] 		
2026-09-12 23:42:15 EDT [CRAWLER] 		
2026-09-12 23:42:15 EDT [CRAWLER] 		
2026-09-12 23:42:15 EDT [CRAWLER] 		
2026-09-12 23:42:15 EDT [CRAWLER] 		
2026-09-12 23:42:15 EDT [CRAWLER] 		
2026-09-12 23:42:15 EDT [CRAWLER] 		
2026-09-12 23:42:15 EDT [CRAWLER] 		
2026-09-12 23:42:15 EDT [CRAWLER] 		
2026-09-12 23:42:15 EDT [CRAWLER] 		
2026-09-12 23:42:15 EDT [CRAWLER] 		
2026-09-12 23:42:15 EDT [CRAWLER] 		
2026-09-12 23:42:15 EDT [CRAWLER] 		
2026-09-12 23:42:15 EDT [CRAWLER] 		
2026-09-12 23:42:15 EDT [CRAWLER] 		
2026-09-12 23:42:15 EDT [CRAWLER] 		
2026-09-12 23:42:15 EDT [CRAWLER] 		
2026-09-12 23:42:15 EDT [CRAWLER] 		
2026-09-12 23:42:15 EDT [CRAWLER] 		
2026-09-12 23:42:15 EDT [CRAWLER] 		
2026-09-12 23:42:15 EDT [CRAWLER] 		
2026-09-12 23:42:15 EDT [CRAWLER] 		
2026-09-12 23:42:15 EDT [CRAWLER] 		
2026-09-12 23:42:15 EDT [CRAWLER] 		
2026-09-12 23:42:15 EDT [CRAWLER] 		
2026-09-12 23:42:15 EDT [CRAWLER] 		
2026-09-12 23:42:15 EDT [CRAWLER] 		
2026-09-12 23:42:15 EDT [CRAWLER] 		
2026-09-12 23:42:15 EDT [CRAWLER] 		
2026-09-12 23:42:15 EDT [CRAWLER] 		
2026-09-12 23:42:15 EDT [CRAWLER] 		
2026-09-12 23:42:15 EDT [CRAWLER] 		
2026-09-12 23:42:15 EDT [CRAWLER] 		
2026-09-12 23:42:15 EDT [CRAWLER] 		
2026-09-12 23:42:15 EDT [CRAWLER] 		
2026-09-12 23:42:15 EDT [CRAWLER] 		
2026-09-12 23:42:15 EDT [CRAWLER] 		
2026-09-12 23:42:15 EDT [CRAWLER] 		
2026-09-12 23:42:15 EDT [CRAWLER] 		
2026-09-12 23:42:15 EDT [CRAWLER] 		
2026-09-12 23:42:15 EDT [CRAWLER] 		
2026-09-12 23:42:15 EDT [CRAWLER] 		
2026-09-12 23:42:15 EDT [CRAWLER] 		
2026-09-12 23:42:15 EDT [CRAWLER] 		
2026-09-12 23:42:15 EDT [CRAWLER] 		
2026-09-12 23:42:15 EDT [CRAWLER] 		
2026-09-12 23:42:15 EDT [CRAWLER] 		
2026-09-12 23:42:15 EDT [CRAWLER] 		
2026-09-12 23:42:15 EDT [CRAWLER] 		
2026-09-12 23:42:15 EDT [CRAWLER] 		
2026-09-12 23:42:15 EDT [CRAWLER] 		
2026-09-12 23:42:15 EDT [CRAWLER] 		
2026-09-12 23:42:15 EDT [CRAWLER] 		
2026-09-12 23:42:15 EDT [CRAWLER] 		
2026-09-12 23:42:15 EDT [CRAWLER] 		
2026-09-12 23:42:15 EDT [CRAWLER] 		
2026-09-12 23:42:15 EDT [CRAWLER] 		
2026-09-12 23:42:15 EDT [CRAWLER] 		
2026-09-12 23:42:15 EDT [CRAWLER] 		
2026-09-12 23:42:15 EDT [CRAWLER] 		
2026-09-12 23:42:15 EDT [CRAWLER] 		
2026-09-12 23:42:15 EDT [CRAWLER] 		
2026-09-12 23:42:15 EDT [CRAWLER] 		
2026-09-12 23:42:15 EDT [CRAWLER] 		
2026-09-12 23:42:15 EDT [CRAWLER] 		
2026-09-12 23:42:15 EDT [CRAWLER] 		
2026-09-12 23:42:15 EDT [CRAWLER] 		
2026-09-12 23:42:15 EDT [CRAWLER] 		
2026-09-12 23:42:15 EDT [CRAWLER] 		
2026-09-12 23:42:15 EDT [CRAWLER] 		
2026-09-12 23:42:15 EDT [CRAWLER] 		
2026-09-12 23:42:15 EDT [CRAWLER] 		
2026-09-12 23:42:15 EDT [CRAWLER] 		
2026-09-12 23:42:15 EDT [AI SERVER] [AI BATCH START] 5 ticker(s) for article (5411 chars): ADBE,BTC,COIN,NVDA,TGT
2026-09-12 23:42:15 EDT [CRAWLER] 		
2026-09-12 23:42:15 EDT [CRAWLER] 		
2026-09-12 23:42:15 EDT [CRAWLER] 		
2026-09-12 23:42:15 EDT [CRAWLER] 		
2026-09-12 23:42:15 EDT [CRAWLER] 		
2026-09-12 23:42:15 EDT [CRAWLER] 		
2026-09-12 23:42:15 EDT [CRAWLER] 		
2026-09-12 23:42:15 EDT [CRAWLER] 		
2026-09-12 23:42:15 EDT [CRAWLER] 		
2026-09-12 23:42:15 EDT [CRAWLER] 		
2026-09-12 23:42:15 EDT [CRAWLER] 		
2026-09-12 23:42:15 EDT [CRAWLER] 		
2026-09-12 23:42:15 EDT [CRAWLER] 		
2026-09-12 23:42:15 EDT [CRAWLER] 		
2026-09-12 23:42:15 EDT [CRAWLER] 		
2026-09-12 23:42:15 EDT [CRAWLER] 		
2026-09-12 23:42:15 EDT [CRAWLER] 		
2026-09-12 23:42:15 EDT [CRAWLER] 		
2026-09-12 23:42:15 EDT [CRAWLER] 		
2026-09-12 23:42:15 EDT [CRAWLER] 		
2026-09-12 23:42:15 EDT [CRAWLER] 		
2026-09-12 23:42:15 EDT [CRAWLER] 		
2026-09-12 23:42:15 EDT [CRAWLER] 		
2026-09-12 23:42:15 EDT [CRAWLER] 		
2026-09-12 23:42:15 EDT [CRAWLER] 		
2026-09-12 23:42:15 EDT [CRAWLER] 		
2026-09-12 23:42:15 EDT [CRAWLER] 		
2026-09-12 23:42:15 EDT [CRAWLER] 		
2026-09-12 23:42:15 EDT [CRAWLER] 		
2026-09-12 23:42:15 EDT [CRAWLER] 		
2026-09-12 23:42:15 EDT [CRAWLER] 		
2026-09-12 23:42:15 EDT [CRAWLER] 		
2026-09-12 23:42:15 EDT [CRAWLER] 		
2026-09-12 23:42:15 EDT [CRAWLER] 		
2026-09-12 23:42:15 EDT [CRAWLER] 		
2026-09-12 23:42:15 EDT [CRAWLER] 		
2026-09-12 23:42:15 EDT [CRAWLER] 		
2026-09-12 23:42:15 EDT [CRAWLER] 		
2026-09-12 23:42:15 EDT [CRAWLER] 		
2026-09-12 23:42:15 EDT [CRAWLER] 		
2026-09-12 23:42:15 EDT [CRAWLER] 		
2026-09-12 23:42:15 EDT [CRAWLER] 		
2026-09-12 23:42:15 EDT [CRAWLER] 		
2026-09-12 23:42:15 EDT [CRAWLER] 		
2026-09-12 23:42:15 EDT [CRAWLER] 		
2026-09-12 23:42:15 EDT [CRAWLER] 		
2026-09-12 23:42:15 EDT [CRAWLER] 		
2026-09-12 23:42:15 EDT [CRAWLER] 		
2026-09-12 23:42:15 EDT [CRAWLER] 		
2026-09-12 23:42:15 EDT [CRAWLER] 		
2026-09-12 23:42:15 EDT [CRAWLER] 		
2026-09-12 23:42:15 EDT [CRAWLER] 		
2026-09-12 23:42:15 EDT [CRAWLER] 		
2026-09-12 23:42:15 EDT [CRAWLER] 		
2026-09-12 23:42:15 EDT [CRAWLER] 		
2026-09-12 23:42:15 EDT [CRAWLER] 		
2026-09-12 23:42:15 EDT [CRAWLER] 		
2026-09-12 23:42:15 EDT [CRAWLER] 		
2026-09-12 23:42:15 EDT [CRAWLER] 		
2026-09-12 23:42:15 EDT [CRAWLER] 		
2026-09-12 23:42:15 EDT [CRAWLER] 		
2026-09-12 23:42:15 EDT [CRAWLER] 		
2026-09-12 23:42:15 EDT [CRAWLER] 		
2026-09-12 23:42:15 EDT [CRAWLER] 		
2026-09-12 23:42:15 EDT [CRAWLER] 		
2026-09-12 23:42:15 EDT [CRAWLER] 		
2026-09-12 23:42:15 EDT [CRAWLER] 		
2026-09-12 23:42:15 EDT [CRAWLER] 		
2026-09-12 23:42:15 EDT [CRAWLER] 		
2026-09-12 23:42:15 EDT [CRAWLER] 		
2026-09-12 23:42:15 EDT [CRAWLER] 		
2026-09-12 23:42:15 EDT [CRAWLER] 		
2026-09-12 23:42:15 EDT [CRAWLER] 		
2026-09-12 23:42:15 EDT [CRAWLER] 		
2026-09-12 23:42:15 EDT [CRAWLER] 		
2026-09-12 23:42:15 EDT [CRAWLER] 		
2026-09-12 23:42:15 EDT [CRAWLER] 		
2026-09-12 23:42:15 EDT [CRAWLER] 		
2026-09-12 23:42:15 EDT [CRAWLER] 		
2026-09-12 23:42:15 EDT [CRAWLER] 		
2026-09-12 23:42:15 EDT [CRAWLER] 		
2026-09-12 23:42:15 EDT [CRAWLER] 		
2026-09-12 23:42:15 EDT [CRAWLER] 		
2026-09-12 23:42:15 EDT [CRAWLER] 		
2026-09-12 23:42:15 EDT [CRAWLER] 		
2026-09-12 23:42:15 EDT [CRAWLER] 		
2026-09-12 23:42:15 EDT [CRAWLER] 		
2026-09-12 23:42:15 EDT [CRAWLER] 		
2026-09-12 23:42:15 EDT [CRAWLER] 		
2026-09-12 23:42:15 EDT [CRAWLER] 		
2026-09-12 23:42:15 EDT [CRAWLER] 		
2026-09-12 23:42:15 EDT [CRAWLER] 		
2026-09-12 23:42:15 EDT [CRAWLER] 		
2026-09-12 23:42:15 EDT [CRAWLER] 		
2026-09-12 23:42:15 EDT [CRAWLER] 		
2026-09-12 23:42:15 EDT [CRAWLER] 		
2026-09-12 23:42:15 EDT [CRAWLER] 		
2026-09-12 23:42:15 EDT [CRAWLER] 		
2026-09-12 23:42:15 EDT [CRAWLER] 		
2026-09-12 23:42:15 EDT [CRAWLER] 		
2026-09-12 23:42:15 EDT [CRAWLER] 		
2026-09-12 23:42:15 EDT [CRAWLER] 		
2026-09-12 23:42:15 EDT [CRAWLER] 		
2026-09-12 23:42:15 EDT [CRAWLER] 		
2026-09-12 23:42:15 EDT [CRAWLER] 		
2026-09-12 23:42:15 EDT [CRAWLER] 		
2026-09-12 23:42:15 EDT [CRAWLER] 		
2026-09-12 23:42:15 EDT [CRAWLER] 		
2026-09-12 23:42:15 EDT [CRAWLER] 		
2026-09-12 23:42:15 EDT [CRAWLER] 		
2026-09-12 23:42:15 EDT [CRAWLER] 		
2026-09-12 23:42:15 EDT [CRAWLER] 		
2026-09-12 23:42:15 EDT [CRAWLER] 		
2026-09-12 23:42:15 EDT [CRAWLER] 		
2026-09-12 23:42:15 EDT [CRAWLER] 		
2026-09-12 23:42:15 EDT [CRAWLER] 		
2026-09-12 23:42:15 EDT [CRAWLER] 		
2026-09-12 23:42:15 EDT [CRAWLER] 		
2026-09-12 23:42:15 EDT [CRAWLER] 		
2026-09-12 23:42:15 EDT [CRAWLER] 		
2026-09-12 23:42:15 EDT [CRAWLER] 		
2026-09-12 23:42:15 EDT [CRAWLER] 		
2026-09-12 23:42:15 EDT [CRAWLER] 		
2026-09-12 23:42:15 EDT [CRAWLER] 		
2026-09-12 23:42:15 EDT [CRAWLER] 		
2026-09-12 23:42:15 EDT [CRAWLER] 		
2026-09-12 23:42:15 EDT [CRAWLER] 		HIVE crosses $1 million in daily revenue from mining and AI cloud  
2026-09-12 23:42:15 EDT [CRAWLER]     
2026-09-12 23:42:15 EDT [CRAWLER]     
2026-09-12 23:42:15 EDT [CRAWLER]         
2026-09-12 23:42:15 EDT [CRAWLER]                Oops, something went wrong                    Skip to navigation   Skip to main content   Skip to right column                                   HIVE crosses $1 million in daily revenue from mining and AI
2026-09-12 23:42:15 EDT [CRAWLER] [TICKER MATCH] ADBE,BTC,COIN,NVDA,TGT
2026-09-12 23:42:15 EDT [CRAWLER] [DISPATCH] Sent ADBE,BTC,COIN,NVDA,TGT -> AI Server
2026-09-12 23:42:15 EDT [CRAWLER] Extracting
2026-09-12 23:42:15 EDT [CRAWLER] [CRAWLER DONE] Processed: https://finance.yahoo.com/markets/crypto/articles/hive-crosses-1-million-daily-203000808.html | Extracted Links: 0 | Dispatched to AI: YES
2026-09-12 23:42:15 EDT [CRAWLER] [CRAWLER] Visiting: https://www.cnbc.com/2026/09/12/oils-roundtrip-back-to-100-why-china-could-determine-what-happens-next.html
2026-09-12 23:42:15 EDT [CRAWLER] Status line: HTTP/1.1 200 OK
2026-09-12 23:42:15 EDT [CRAWLER] [DEBUG] URL: https://www.cnbc.com/2026/09/12/larry-ellison-nixes-plan-to-offload-up-to-7point5-billion-worth-of-oracle-stock-.html
2026-09-12 23:42:15 EDT [CRAWLER] [DEBUG] Article length: 1410
2026-09-12 23:42:15 EDT [CRAWLER] [DEBUG] First 1000 chars:
2026-09-12 23:42:15 EDT [CRAWLER] In this article
2026-09-12 23:42:15 EDT [CRAWLER] Larry Ellison has canceled his plan to sell up to 50 million of his shares in Oracle, or $7.5 billion worth of stock at the current price. 
2026-09-12 23:42:15 EDT [CRAWLER] The reversal came just a day after a regulatory filing disclosed the Oracle founder's trading plan, which had been adopted on June 22 and was set to end on Oct. 24. 
2026-09-12 23:42:15 EDT [CRAWLER] No Oracle stock had been sold under the 10b5-1 Plan to sell stock, and Ellison has no other plans to sell any of his shares, according to the Saturday news release. Few other details were given. 
2026-09-12 23:42:15 EDT [CRAWLER] The billionaire, 82, has held onto a substantial portion of the company that he founded in 1977. He continues to control more than 40% of Oracle, CNBC previously reported. Ellison has helped to turn Oracle from a legacy software maker into a major player in artificial intelligence infrastructure. 
2026-09-12 23:42:15 EDT [CRAWLER] However, as part of the pivot, Oracle has amassed a hefty debt load and the stock has dropped roughly 23% this year. 
2026-09-12 23:42:15 EDT [CRAWLER] Ellison is also the father of David Ellison, the current CEO of P
2026-09-12 23:42:15 EDT [CRAWLER] [TICKER MATCH] ORCL,WBD
2026-09-12 23:42:15 EDT [CRAWLER] [DISPATCH] Sent ORCL,WBD -> AI Server
2026-09-12 23:42:15 EDT [CRAWLER] Extracting
2026-09-12 23:42:15 EDT [AI SERVER] [AI BATCH START] 2 ticker(s) for article (1410 chars): ORCL,WBD
2026-09-12 23:42:15 EDT [CRAWLER] [CRAWLER DONE] Processed: https://www.cnbc.com/2026/09/12/larry-ellison-nixes-plan-to-offload-up-to-7point5-billion-worth-of-oracle-stock-.html | Extracted Links: 0 | Dispatched to AI: YES
2026-09-12 23:42:15 EDT [AI SERVER] [RESULT] 2026-09-13 03:42:15.758870660 | MACRO -> NEUTRAL
2026-09-12 23:42:15 EDT [AI SERVER] [AI BATCH COMPLETE] Finished analyzing 1/1 tickers for article (Elapsed: 13183 ms).
2026-09-12 23:42:15 EDT [AI SERVER] [AI STATUS] Summary: 0 BULLISH (Traded), 0 BEARISH, 1 NEUTRAL.
2026-09-12 23:42:15 EDT [CRAWLER] Status line: HTTP/1.1 200 OK
2026-09-12 23:42:15 EDT [CRAWLER] [DEBUG] URL: https://finance.yahoo.com/markets/stocks/articles/danaos-stock-just-hit-time-205502822.html
2026-09-12 23:42:15 EDT [CRAWLER] [DEBUG] Article length: 6966
2026-09-12 23:42:15 EDT [CRAWLER] [DEBUG] First 1000 chars:
2026-09-12 23:42:15 EDT [CRAWLER]     
2026-09-12 23:42:15 EDT [CRAWLER]         
2026-09-12 23:42:15 EDT [CRAWLER]         
2026-09-12 23:42:15 EDT [CRAWLER]          
2026-09-12 23:42:15 EDT [CRAWLER] 	
2026-09-12 23:42:15 EDT [CRAWLER] 		
2026-09-12 23:42:15 EDT [CRAWLER] 		
2026-09-12 23:42:15 EDT [CRAWLER] 		
2026-09-12 23:42:15 EDT [CRAWLER] 		
2026-09-12 23:42:15 EDT [CRAWLER] 		
2026-09-12 23:42:15 EDT [CRAWLER] 		
2026-09-12 23:42:15 EDT [CRAWLER] 		
2026-09-12 23:42:15 EDT [CRAWLER] 		
2026-09-12 23:42:15 EDT [CRAWLER] 		
2026-09-12 23:42:15 EDT [CRAWLER] 		
2026-09-12 23:42:15 EDT [CRAWLER] 		
2026-09-12 23:42:15 EDT [CRAWLER] 		
2026-09-12 23:42:15 EDT [CRAWLER] 		
2026-09-12 23:42:15 EDT [CRAWLER] 		
2026-09-12 23:42:15 EDT [CRAWLER] 		
2026-09-12 23:42:15 EDT [CRAWLER] 		
2026-09-12 23:42:15 EDT [CRAWLER] 		
2026-09-12 23:42:15 EDT [CRAWLER] 		
2026-09-12 23:42:15 EDT [CRAWLER] 		
2026-09-12 23:42:15 EDT [CRAWLER] 		
2026-09-12 23:42:15 EDT [CRAWLER] 		
2026-09-12 23:42:15 EDT [CRAWLER] 		
2026-09-12 23:42:15 EDT [CRAWLER] 		
2026-09-12 23:42:15 EDT [CRAWLER] 		
2026-09-12 23:42:15 EDT [CRAWLER] 		
2026-09-12 23:42:15 EDT [CRAWLER] 		
2026-09-12 23:42:15 EDT [CRAWLER] 		
2026-09-12 23:42:15 EDT [CRAWLER] 		
2026-09-12 23:42:15 EDT [CRAWLER] 		
2026-09-12 23:42:15 EDT [CRAWLER] 		
2026-09-12 23:42:15 EDT [CRAWLER] 		
2026-09-12 23:42:15 EDT [CRAWLER] 		
2026-09-12 23:42:15 EDT [CRAWLER] 		
2026-09-12 23:42:15 EDT [CRAWLER] 		
2026-09-12 23:42:15 EDT [CRAWLER] 		
2026-09-12 23:42:15 EDT [CRAWLER] 		
2026-09-12 23:42:15 EDT [CRAWLER] 		
2026-09-12 23:42:15 EDT [CRAWLER] 		
2026-09-12 23:42:15 EDT [CRAWLER] 		
2026-09-12 23:42:15 EDT [CRAWLER] 		
2026-09-12 23:42:15 EDT [CRAWLER] 		
2026-09-12 23:42:15 EDT [CRAWLER] 		
2026-09-12 23:42:15 EDT [CRAWLER] 		
2026-09-12 23:42:15 EDT [CRAWLER] 		
2026-09-12 23:42:15 EDT [CRAWLER] 		
2026-09-12 23:42:15 EDT [CRAWLER] 		
2026-09-12 23:42:15 EDT [CRAWLER] 		
2026-09-12 23:42:15 EDT [CRAWLER] 		
2026-09-12 23:42:15 EDT [CRAWLER] 		
2026-09-12 23:42:15 EDT [AI SERVER] [AI BATCH START] 2 ticker(s) for article (6966 chars): GME,TGT
2026-09-12 23:42:15 EDT [CRAWLER] 		
2026-09-12 23:42:15 EDT [CRAWLER] 		
2026-09-12 23:42:15 EDT [CRAWLER] 		
2026-09-12 23:42:15 EDT [CRAWLER] 		
2026-09-12 23:42:15 EDT [CRAWLER] 		
2026-09-12 23:42:15 EDT [CRAWLER] 		
2026-09-12 23:42:15 EDT [CRAWLER] 		
2026-09-12 23:42:15 EDT [CRAWLER] 		
2026-09-12 23:42:15 EDT [CRAWLER] 		
2026-09-12 23:42:15 EDT [CRAWLER] 		
2026-09-12 23:42:15 EDT [CRAWLER] 		
2026-09-12 23:42:15 EDT [CRAWLER] 		
2026-09-12 23:42:15 EDT [CRAWLER] 		
2026-09-12 23:42:15 EDT [CRAWLER] 		
2026-09-12 23:42:15 EDT [CRAWLER] 		
2026-09-12 23:42:15 EDT [CRAWLER] 		
2026-09-12 23:42:15 EDT [CRAWLER] 		
2026-09-12 23:42:15 EDT [CRAWLER] 		
2026-09-12 23:42:15 EDT [CRAWLER] 		
2026-09-12 23:42:15 EDT [CRAWLER] 		
2026-09-12 23:42:15 EDT [CRAWLER] 		
2026-09-12 23:42:15 EDT [CRAWLER] 		
2026-09-12 23:42:15 EDT [CRAWLER] 		
2026-09-12 23:42:15 EDT [CRAWLER] 		
2026-09-12 23:42:15 EDT [CRAWLER] 		
2026-09-12 23:42:15 EDT [CRAWLER] 		
2026-09-12 23:42:15 EDT [CRAWLER] 		
2026-09-12 23:42:15 EDT [CRAWLER] 		
2026-09-12 23:42:15 EDT [CRAWLER] 		
2026-09-12 23:42:15 EDT [CRAWLER] 		
2026-09-12 23:42:15 EDT [CRAWLER] 		
2026-09-12 23:42:15 EDT [CRAWLER] 		
2026-09-12 23:42:15 EDT [CRAWLER] 		
2026-09-12 23:42:15 EDT [CRAWLER] 		
2026-09-12 23:42:15 EDT [CRAWLER] 		
2026-09-12 23:42:15 EDT [CRAWLER] 		
2026-09-12 23:42:15 EDT [CRAWLER] 		
2026-09-12 23:42:15 EDT [CRAWLER] 		
2026-09-12 23:42:15 EDT [CRAWLER] 		
2026-09-12 23:42:15 EDT [CRAWLER] 		
2026-09-12 23:42:15 EDT [CRAWLER] 		
2026-09-12 23:42:15 EDT [CRAWLER] 		
2026-09-12 23:42:15 EDT [CRAWLER] 		
2026-09-12 23:42:15 EDT [CRAWLER] 		
2026-09-12 23:42:15 EDT [CRAWLER] 		
2026-09-12 23:42:15 EDT [CRAWLER] 		
2026-09-12 23:42:15 EDT [CRAWLER] 		
2026-09-12 23:42:15 EDT [CRAWLER] 		
2026-09-12 23:42:15 EDT [CRAWLER] 		
2026-09-12 23:42:15 EDT [CRAWLER] 		
2026-09-12 23:42:15 EDT [CRAWLER] 		
2026-09-12 23:42:15 EDT [CRAWLER] 		
2026-09-12 23:42:15 EDT [CRAWLER] 		
2026-09-12 23:42:15 EDT [CRAWLER] 		
2026-09-12 23:42:15 EDT [CRAWLER] 		
2026-09-12 23:42:15 EDT [CRAWLER] 		
2026-09-12 23:42:15 EDT [CRAWLER] 		
2026-09-12 23:42:15 EDT [CRAWLER] 		
2026-09-12 23:42:15 EDT [CRAWLER] 		
2026-09-12 23:42:15 EDT [CRAWLER] 		
2026-09-12 23:42:15 EDT [CRAWLER] 		
2026-09-12 23:42:15 EDT [CRAWLER] 		
2026-09-12 23:42:15 EDT [CRAWLER] 		
2026-09-12 23:42:15 EDT [CRAWLER] 		
2026-09-12 23:42:15 EDT [CRAWLER] 		
2026-09-12 23:42:15 EDT [CRAWLER] 		
2026-09-12 23:42:15 EDT [CRAWLER] 		
2026-09-12 23:42:15 EDT [CRAWLER] 		
2026-09-12 23:42:15 EDT [CRAWLER] 		
2026-09-12 23:42:15 EDT [CRAWLER] 		
2026-09-12 23:42:15 EDT [CRAWLER] 		
2026-09-12 23:42:15 EDT [CRAWLER] 		
2026-09-12 23:42:15 EDT [CRAWLER] 		
2026-09-12 23:42:15 EDT [CRAWLER] 		
2026-09-12 23:42:15 EDT [CRAWLER] 		
2026-09-12 23:42:15 EDT [CRAWLER] 		
2026-09-12 23:42:15 EDT [CRAWLER] 		
2026-09-12 23:42:15 EDT [CRAWLER] 		
2026-09-12 23:42:15 EDT [CRAWLER] 		
2026-09-12 23:42:15 EDT [CRAWLER] 		
2026-09-12 23:42:15 EDT [CRAWLER] 		
2026-09-12 23:42:15 EDT [CRAWLER] 		
2026-09-12 23:42:15 EDT [CRAWLER] 		
2026-09-12 23:42:15 EDT [CRAWLER] 		
2026-09-12 23:42:15 EDT [CRAWLER] 		
2026-09-12 23:42:15 EDT [CRAWLER] 		
2026-09-12 23:42:15 EDT [CRAWLER] 		
2026-09-12 23:42:15 EDT [CRAWLER] 		
2026-09-12 23:42:15 EDT [CRAWLER] 		
2026-09-12 23:42:15 EDT [CRAWLER] 		
2026-09-12 23:42:15 EDT [CRAWLER] 		
2026-09-12 23:42:15 EDT [CRAWLER] 		
2026-09-12 23:42:15 EDT [CRAWLER] 		
2026-09-12 23:42:15 EDT [CRAWLER] 		
2026-09-12 23:42:15 EDT [CRAWLER] 		
2026-09-12 23:42:15 EDT [CRAWLER] 		
2026-09-12 23:42:15 EDT [CRAWLER] 		
2026-09-12 23:42:15 EDT [CRAWLER] 		
2026-09-12 23:42:15 EDT [CRAWLER] 		
2026-09-12 23:42:15 EDT [CRAWLER] 		
2026-09-12 23:42:15 EDT [CRAWLER] 		
2026-09-12 23:42:15 EDT [CRAWLER] 		
2026-09-12 23:42:15 EDT [CRAWLER] 		
2026-09-12 23:42:15 EDT [CRAWLER] 		
2026-09-12 23:42:15 EDT [CRAWLER] 		
2026-09-12 23:42:15 EDT [CRAWLER] 		
2026-09-12 23:42:15 EDT [CRAWLER] 		
2026-09-12 23:42:15 EDT [CRAWLER] 		
2026-09-12 23:42:15 EDT [CRAWLER] 		
2026-09-12 23:42:15 EDT [CRAWLER] 		
2026-09-12 23:42:15 EDT [CRAWLER] 		
2026-09-12 23:42:15 EDT [CRAWLER] 		
2026-09-12 23:42:15 EDT [CRAWLER] 		
2026-09-12 23:42:15 EDT [CRAWLER] 		
2026-09-12 23:42:15 EDT [CRAWLER] 		
2026-09-12 23:42:15 EDT [CRAWLER] 		
2026-09-12 23:42:15 EDT [CRAWLER] 		
2026-09-12 23:42:15 EDT [CRAWLER] 		
2026-09-12 23:42:15 EDT [CRAWLER] 		
2026-09-12 23:42:15 EDT [CRAWLER] 		
2026-09-12 23:42:15 EDT [CRAWLER] 		
2026-09-12 23:42:15 EDT [CRAWLER] 		
2026-09-12 23:42:15 EDT [CRAWLER] 		
2026-09-12 23:42:15 EDT [CRAWLER] 		
2026-09-12 23:42:15 EDT [CRAWLER] 		
2026-09-12 23:42:15 EDT [CRAWLER] 		
2026-09-12 23:42:15 EDT [CRAWLER] 		
2026-09-12 23:42:15 EDT [CRAWLER] 		
2026-09-12 23:42:15 EDT [CRAWLER] 		
2026-09-12 23:42:15 EDT [CRAWLER] 		
2026-09-12 23:42:15 EDT [CRAWLER] 		
2026-09-12 23:42:15 EDT [CRAWLER] 		
2026-09-12 23:42:15 EDT [CRAWLER] 		
2026-09-12 23:42:15 EDT [CRAWLER] 		
2026-09-12 23:42:15 EDT [CRAWLER] 		
2026-09-12 23:42:15 EDT [CRAWLER] 		
2026-09-12 23:42:15 EDT [CRAWLER] 		
2026-09-12 23:42:15 EDT [CRAWLER] 		
2026-09-12 23:42:15 EDT [CRAWLER] 		
2026-09-12 23:42:15 EDT [CRAWLER] 		
2026-09-12 23:42:15 EDT [CRAWLER] 		
2026-09-12 23:42:15 EDT [CRAWLER] 		
2026-09-12 23:42:15 EDT [CRAWLER] 		
2026-09-12 23:42:15 EDT [CRAWLER] 		
2026-09-12 23:42:15 EDT [CRAWLER] 		
2026-09-12 23:42:15 EDT [CRAWLER] 		
2026-09-12 23:42:15 EDT [CRAWLER] 		
2026-09-12 23:42:15 EDT [CRAWLER] 		
2026-09-12 23:42:15 EDT [CRAWLER] 		
2026-09-12 23:42:15 EDT [CRAWLER] 		
2026-09-12 23:42:15 EDT [CRAWLER] 		
2026-09-12 23:42:15 EDT [CRAWLER] 		
2026-09-12 23:42:15 EDT [CRAWLER] 		
2026-09-12 23:42:15 EDT [CRAWLER] 		
2026-09-12 23:42:15 EDT [CRAWLER] 		
2026-09-12 23:42:15 EDT [CRAWLER] 		
2026-09-12 23:42:15 EDT [CRAWLER] 		
2026-09-12 23:42:15 EDT [CRAWLER] 		
2026-09-12 23:42:15 EDT [CRAWLER] 		
2026-09-12 23:42:15 EDT [CRAWLER] 		
2026-09-12 23:42:15 EDT [CRAWLER] 		
2026-09-12 23:42:15 EDT [CRAWLER] 		
2026-09-12 23:42:15 EDT [CRAWLER] 		
2026-09-12 23:42:15 EDT [CRAWLER] 		
2026-09-12 23:42:15 EDT [CRAWLER] 		
2026-09-12 23:42:15 EDT [CRAWLER] 		
2026-09-12 23:42:15 EDT [CRAWLER] 		
2026-09-12 23:42:15 EDT [CRAWLER] 		
2026-09-12 23:42:15 EDT [CRAWLER] 		
2026-09-12 23:42:15 EDT [CRAWLER] 		Danaos Stock Just Hit a New All-Time High  
2026-09-12 23:42:15 EDT [CRAWLER]     
2026-09-12 23:42:15 EDT [CRAWLER]     
2026-09-12 23:42:15 EDT [CRAWLER]         
2026-09-12 23:42:15 EDT [CRAWLER]                Oops, something went wrong                    Skip to navigation   Skip to main content   Skip to right column                                   Danaos Stock Just Hit a New All-Time High          Jim Van Meerten   Sat, September
2026-09-12 23:42:15 EDT [CRAWLER] [TICKER MATCH] GME,TGT
2026-09-12 23:42:15 EDT [CRAWLER] [DISPATCH] Sent GME,TGT -> AI Server
2026-09-12 23:42:15 EDT [CRAWLER] Extracting
2026-09-12 23:42:15 EDT [CRAWLER] [CRAWLER DONE] Processed: https://finance.yahoo.com/markets/stocks/articles/danaos-stock-just-hit-time-205502822.html | Extracted Links: 0 | Dispatched to AI: YES
2026-09-12 23:42:16 EDT [CRAWLER] [CRAWLER] Visiting: https://finance.yahoo.com/markets/stocks/articles/did-dell-technologies-stock-quadrupled-204038090.html
2026-09-12 23:42:16 EDT [CRAWLER] [CRAWLER] Visiting: https://www.cnbc.com/2026/09/12/inflation-is-outpacing-wage-growth-again-squeezing-americans-paychecks.html
2026-09-12 23:42:16 EDT [CRAWLER] Status line: HTTP/1.1 200 OK
2026-09-12 23:42:16 EDT [CRAWLER] [DEBUG] URL: https://www.cnbc.com/2026/09/12/oils-roundtrip-back-to-100-why-china-could-determine-what-happens-next.html
2026-09-12 23:42:16 EDT [CRAWLER] [DEBUG] Article length: 3745
2026-09-12 23:42:16 EDT [CRAWLER] [DEBUG] First 1000 chars:
2026-09-12 23:42:16 EDT [CRAWLER] China will play a pivotal role in deciding whether oil prices sustain this week's rally and potentially test wartime highs.
2026-09-12 23:42:16 EDT [CRAWLER] The U.S. crude oil price on Thursday topped $102 per barrel for its highest close since May. The futures contract surged about 50% from its summer low of $68.55 reached about three weeks after Washington and Tehran signed their now failed memorandum of understanding on June 17.
2026-09-12 23:42:16 EDT [CRAWLER] This week's rally comes as fighting sharply escalated in the Middle East with Saudi Arabia's crucial East-West oil pipeline shut down after multiple attacks. 
2026-09-12 23:42:16 EDT [CRAWLER] The oil market has gradually restored a risk premium since the MOU collapsed and the U.S. reimposed its naval blockade of Iran in July, said Bob McNally, president of Rapidan Energy. But U.S. crude prices are still well below their April 7 wartime closing high of $112.95. 
2026-09-12 23:42:16 EDT [CRAWLER] While the market has priced in the escalation in Middle East fighting, it may not have fully considered China increasing its imports, said Rebecca Babin, senior ene
2026-09-12 23:42:16 EDT [CRAWLER] [TICKER MATCH] MACRO
2026-09-12 23:42:16 EDT [CRAWLER] [DISPATCH] Sent MACRO -> AI Server
2026-09-12 23:42:16 EDT [CRAWLER] Extracting
2026-09-12 23:42:16 EDT [AI SERVER] [AI BATCH START] 1 ticker(s) for article (3745 chars): MACRO
2026-09-12 23:42:16 EDT [CRAWLER] [CRAWLER DONE] Processed: https://www.cnbc.com/2026/09/12/oils-roundtrip-back-to-100-why-china-could-determine-what-happens-next.html | Extracted Links: 0 | Dispatched to AI: YES
2026-09-12 23:42:16 EDT [CRAWLER] Status line: HTTP/1.1 200 OK
2026-09-12 23:42:16 EDT [CRAWLER] Status line: HTTP/1.1 200 OK
2026-09-12 23:42:16 EDT [CRAWLER] [DEBUG] URL: https://www.cnbc.com/2026/09/12/inflation-is-outpacing-wage-growth-again-squeezing-americans-paychecks.html
2026-09-12 23:42:16 EDT [CRAWLER] [DEBUG] Article length: 3569
2026-09-12 23:42:16 EDT [CRAWLER] [DEBUG] First 1000 chars:
2026-09-12 23:42:16 EDT [CRAWLER] Americans face a renewed squeeze on their paycheck
2026-09-12 23:42:16 EDT [CRAWLER] 00004000
2026-09-12 23:42:16 EDT [CRAWLER] s as inflation once again rises faster than wage growth, putting further pressure on consumer wallets.
2026-09-12 23:42:16 EDT [CRAWLER] "A substantial number of Americans are worse off, their incomes are not keeping up with the price increases right now," Heather Long, chief economist at Navy Federal Credit Union, told CNBC.
2026-09-12 23:42:16 EDT [CRAWLER] Consumer prices rose 3.4% in August from a year earlier, according to data released Friday by the U.S. Bureau of Labor Statistics. 
2026-09-12 23:42:16 EDT [CRAWLER] Average hourly earnings, meanwhile, increased just 3.1% over the same period, according to a separate BLS report released Friday. Real average hourly earnings, adjusted for inflation, fell 0.1% from July and were down 0.3% from a year earlier in August.
2026-09-12 23:42:16 EDT [CRAWLER] The gap between inflation and wage growth is a stark reminder that workers are losing purchasing power.
2026-09-12 23:42:16 EDT [CRAWLER] "The basics are that inflation is wiping out wage gains," said Long, adding that April marked a clear turning point after a lengthy stretch in which wage 
2026-09-12 23:42:16 EDT [CRAWLER] [TICKER MATCH] COST,WMT
2026-09-12 23:42:16 EDT [CRAWLER] [DISPATCH] Sent COST,WMT -> AI Server
2026-09-12 23:42:16 EDT [CRAWLER] Extracting
2026-09-12 23:42:16 EDT [AI SERVER] [AI BATCH START] 2 ticker(s) for article (3569 chars): COST,WMT
2026-09-12 23:42:16 EDT [CRAWLER] [CRAWLER DONE] Processed: https://www.cnbc.com/2026/09/12/inflation-is-outpacing-wage-growth-again-squeezing-americans-paychecks.html | Extracted Links: 0 | Dispatched to AI: YES
2026-09-12 23:42:16 EDT [CRAWLER] [DEBUG] URL: https://finance.yahoo.com/markets/options/articles/daily-etf-flows-avlv-notches-210008846.html
2026-09-12 23:42:16 EDT [CRAWLER] [DEBUG] Article length: 5901
2026-09-12 23:42:16 EDT [CRAWLER] [DEBUG] First 1000 chars:
2026-09-12 23:42:16 EDT [CRAWLER]     
2026-09-12 23:42:16 EDT [CRAWLER]         
2026-09-12 23:42:16 EDT [CRAWLER]         
2026-09-12 23:42:16 EDT [CRAWLER]          
2026-09-12 23:42:16 EDT [CRAWLER] 	
2026-09-12 23:42:16 EDT [CRAWLER] 		
2026-09-12 23:42:16 EDT [CRAWLER] 		
2026-09-12 23:42:16 EDT [CRAWLER] 		
2026-09-12 23:42:16 EDT [CRAWLER] 		
2026-09-12 23:42:16 EDT [CRAWLER] 		
2026-09-12 23:42:16 EDT [CRAWLER] 		
2026-09-12 23:42:16 EDT [CRAWLER] 		
2026-09-12 23:42:16 EDT [CRAWLER] 		
2026-09-12 23:42:16 EDT [CRAWLER] 		
2026-09-12 23:42:16 EDT [CRAWLER] 		
2026-09-12 23:42:16 EDT [CRAWLER] 		
2026-09-12 23:42:16 EDT [CRAWLER] 		
2026-09-12 23:42:16 EDT [CRAWLER] 		
2026-09-12 23:42:16 EDT [CRAWLER] 		
2026-09-12 23:42:16 EDT [CRAWLER] 		
2026-09-12 23:42:16 EDT [CRAWLER] 		
2026-09-12 23:42:16 EDT [CRAWLER] 		
2026-09-12 23:42:16 EDT [CRAWLER] 		
2026-09-12 23:42:16 EDT [CRAWLER] 		
2026-09-12 23:42:16 EDT [CRAWLER] 		
2026-09-12 23:42:16 EDT [CRAWLER] 		
2026-09-12 23:42:16 EDT [CRAWLER] 		
2026-09-12 23:42:16 EDT [CRAWLER] 		
2026-09-12 23:42:16 EDT [CRAWLER] 		
2026-09-12 23:42:16 EDT [CRAWLER] 		
2026-09-12 23:42:16 EDT [CRAWLER] 		
2026-09-12 23:42:16 EDT [CRAWLER] 		
2026-09-12 23:42:16 EDT [AI SERVER] [AI BATCH START] 1 ticker(s) for article (5901 chars): MACRO
2026-09-12 23:42:16 EDT [CRAWLER] 		
2026-09-12 23:42:16 EDT [CRAWLER] 		
2026-09-12 23:42:16 EDT [CRAWLER] 		
2026-09-12 23:42:16 EDT [CRAWLER] 		
2026-09-12 23:42:16 EDT [CRAWLER] 		
2026-09-12 23:42:16 EDT [CRAWLER] 		
2026-09-12 23:42:16 EDT [CRAWLER] 		
2026-09-12 23:42:16 EDT [CRAWLER] 		
2026-09-12 23:42:16 EDT [CRAWLER] 		
2026-09-12 23:42:16 EDT [CRAWLER] 		
2026-09-12 23:42:16 EDT [CRAWLER] 		
2026-09-12 23:42:16 EDT [CRAWLER] 		
2026-09-12 23:42:16 EDT [CRAWLER] 		
2026-09-12 23:42:16 EDT [CRAWLER] 		
2026-09-12 23:42:16 EDT [CRAWLER] 		
2026-09-12 23:42:16 EDT [CRAWLER] 		
2026-09-12 23:42:16 EDT [CRAWLER] 		
2026-09-12 23:42:16 EDT [CRAWLER] 		
2026-09-12 23:42:16 EDT [CRAWLER] 		
2026-09-12 23:42:16 EDT [CRAWLER] 		
2026-09-12 23:42:16 EDT [CRAWLER] 		
2026-09-12 23:42:16 EDT [CRAWLER] 		
2026-09-12 23:42:16 EDT [CRAWLER] 		
2026-09-12 23:42:16 EDT [CRAWLER] 		
2026-09-12 23:42:16 EDT [CRAWLER] 		
2026-09-12 23:42:16 EDT [CRAWLER] 		
2026-09-12 23:42:16 EDT [CRAWLER] 		
2026-09-12 23:42:16 EDT [CRAWLER] 		
2026-09-12 23:42:16 EDT [CRAWLER] 		
2026-09-12 23:42:16 EDT [CRAWLER] 		
2026-09-12 23:42:16 EDT [CRAWLER] 		
2026-09-12 23:42:16 EDT [CRAWLER] 		
2026-09-12 23:42:16 EDT [CRAWLER] 		
2026-09-12 23:42:16 EDT [CRAWLER] 		
2026-09-12 23:42:16 EDT [CRAWLER] 		
2026-09-12 23:42:16 EDT [CRAWLER] 		
2026-09-12 23:42:16 EDT [CRAWLER] 		
2026-09-12 23:42:16 EDT [CRAWLER] 		
2026-09-12 23:42:16 EDT [CRAWLER] 		
2026-09-12 23:42:16 EDT [CRAWLER] 		
2026-09-12 23:42:16 EDT [CRAWLER] 		
2026-09-12 23:42:16 EDT [CRAWLER] 		
2026-09-12 23:42:16 EDT [CRAWLER] 		
2026-09-12 23:42:16 EDT [CRAWLER] 		
2026-09-12 23:42:16 EDT [CRAWLER] 		
2026-09-12 23:42:16 EDT [CRAWLER] 		
2026-09-12 23:42:16 EDT [CRAWLER] 		
2026-09-12 23:42:16 EDT [CRAWLER] 		
2026-09-12 23:42:16 EDT [CRAWLER] 		
2026-09-12 23:42:16 EDT [CRAWLER] 		
2026-09-12 23:42:16 EDT [CRAWLER] 		
2026-09-12 23:42:16 EDT [CRAWLER] 		
2026-09-12 23:42:16 EDT [CRAWLER] 		
2026-09-12 23:42:16 EDT [CRAWLER] 		
2026-09-12 23:42:16 EDT [CRAWLER] 		
2026-09-12 23:42:16 EDT [CRAWLER] 		
2026-09-12 23:42:16 EDT [CRAWLER] 		
2026-09-12 23:42:16 EDT [CRAWLER] 		
2026-09-12 23:42:16 EDT [CRAWLER] 		
2026-09-12 23:42:16 EDT [CRAWLER] 		
2026-09-12 23:42:16 EDT [CRAWLER] 		
2026-09-12 23:42:16 EDT [CRAWLER] 		
2026-09-12 23:42:16 EDT [CRAWLER] 		
2026-09-12 23:42:16 EDT [CRAWLER] 		
2026-09-12 23:42:16 EDT [CRAWLER] 		
2026-09-12 23:42:16 EDT [CRAWLER] 		
2026-09-12 23:42:16 EDT [CRAWLER] 		
2026-09-12 23:42:16 EDT [CRAWLER] 		
2026-09-12 23:42:16 EDT [CRAWLER] 		
2026-09-12 23:42:16 EDT [CRAWLER] 		
2026-09-12 23:42:16 EDT [CRAWLER] 		
2026-09-12 23:42:16 EDT [CRAWLER] 		
2026-09-12 23:42:16 EDT [CRAWLER] 		
2026-09-12 23:42:16 EDT [CRAWLER] 		
2026-09-12 23:42:16 EDT [CRAWLER] 		
2026-09-12 23:42:16 EDT [CRAWLER] 		
2026-09-12 23:42:16 EDT [CRAWLER] 		
2026-09-12 23:42:16 EDT [CRAWLER] 		
2026-09-12 23:42:16 EDT [CRAWLER] 		
2026-09-12 23:42:16 EDT [CRAWLER] 		
2026-09-12 23:42:16 EDT [CRAWLER] 		
2026-09-12 23:42:16 EDT [CRAWLER] 		
2026-09-12 23:42:16 EDT [CRAWLER] 		
2026-09-12 23:42:16 EDT [CRAWLER] 		
2026-09-12 23:42:16 EDT [CRAWLER] 		
2026-09-12 23:42:16 EDT [CRAWLER] 		
2026-09-12 23:42:16 EDT [CRAWLER] 		
2026-09-12 23:42:16 EDT [CRAWLER] 		
2026-09-12 23:42:16 EDT [CRAWLER] 		
2026-09-12 23:42:16 EDT [CRAWLER] 		
2026-09-12 23:42:16 EDT [CRAWLER] 		
2026-09-12 23:42:16 EDT [CRAWLER] 		
2026-09-12 23:42:16 EDT [CRAWLER] 		
2026-09-12 23:42:16 EDT [CRAWLER] 		
2026-09-12 23:42:16 EDT [CRAWLER] 		
2026-09-12 23:42:16 EDT [CRAWLER] 		
2026-09-12 23:42:16 EDT [CRAWLER] 		
2026-09-12 23:42:16 EDT [CRAWLER] 		
2026-09-12 23:42:16 EDT [CRAWLER] 		
2026-09-12 23:42:16 EDT [CRAWLER] 		
2026-09-12 23:42:16 EDT [CRAWLER] 		
2026-09-12 23:42:16 EDT [CRAWLER] 		
2026-09-12 23:42:16 EDT [CRAWLER] 		
2026-09-12 23:42:16 EDT [CRAWLER] 		
2026-09-12 23:42:16 EDT [CRAWLER] 		
2026-09-12 23:42:16 EDT [CRAWLER] 		
2026-09-12 23:42:16 EDT [CRAWLER] 		
2026-09-12 23:42:16 EDT [CRAWLER] 		
2026-09-12 23:42:16 EDT [CRAWLER] 		
2026-09-12 23:42:16 EDT [CRAWLER] 		
2026-09-12 23:42:16 EDT [CRAWLER] 		
2026-09-12 23:42:16 EDT [CRAWLER] 		
2026-09-12 23:42:16 EDT [CRAWLER] 		
2026-09-12 23:42:16 EDT [CRAWLER] 		
2026-09-12 23:42:16 EDT [CRAWLER] 		
2026-09-12 23:42:16 EDT [CRAWLER] 		
2026-09-12 23:42:16 EDT [CRAWLER] 		
2026-09-12 23:42:16 EDT [CRAWLER] 		
2026-09-12 23:42:16 EDT [CRAWLER] 		
2026-09-12 23:42:16 EDT [CRAWLER] 		
2026-09-12 23:42:16 EDT [CRAWLER] 		
2026-09-12 23:42:16 EDT [CRAWLER] 		
2026-09-12 23:42:16 EDT [CRAWLER] 		
2026-09-12 23:42:16 EDT [CRAWLER] 		
2026-09-12 23:42:16 EDT [CRAWLER] 		
2026-09-12 23:42:16 EDT [CRAWLER] 		
2026-09-12 23:42:16 EDT [CRAWLER] 		
2026-09-12 23:42:16 EDT [CRAWLER] 		
2026-09-12 23:42:16 EDT [CRAWLER] 		
2026-09-12 23:42:16 EDT [CRAWLER] 		
2026-09-12 23:42:16 EDT [CRAWLER] 		
2026-09-12 23:42:16 EDT [CRAWLER] 		
2026-09-12 23:42:16 EDT [CRAWLER] 		
2026-09-12 23:42:16 EDT [CRAWLER] 		
2026-09-12 23:42:16 EDT [CRAWLER] 		
2026-09-12 23:42:16 EDT [CRAWLER] 		
2026-09-12 23:42:16 EDT [CRAWLER] 		
2026-09-12 23:42:16 EDT [CRAWLER] 		
2026-09-12 23:42:16 EDT [CRAWLER] 		
2026-09-12 23:42:16 EDT [CRAWLER] 		
2026-09-12 23:42:16 EDT [CRAWLER] 		
2026-09-12 23:42:16 EDT [CRAWLER] 		
2026-09-12 23:42:16 EDT [CRAWLER] 		
2026-09-12 23:42:16 EDT [CRAWLER] 		
2026-09-12 23:42:16 EDT [CRAWLER] 		
2026-09-12 23:42:16 EDT [CRAWLER] 		
2026-09-12 23:42:16 EDT [CRAWLER] 		
2026-09-12 23:42:16 EDT [CRAWLER] 		
2026-09-12 23:42:16 EDT [CRAWLER] 		
2026-09-12 23:42:16 EDT [CRAWLER] 		
2026-09-12 23:42:16 EDT [CRAWLER] 		
2026-09-12 23:42:16 EDT [CRAWLER] 		
2026-09-12 23:42:16 EDT [CRAWLER] 		
2026-09-12 23:42:16 EDT [CRAWLER] 		
2026-09-12 23:42:16 EDT [CRAWLER] 		
2026-09-12 23:42:16 EDT [CRAWLER] 		
2026-09-12 23:42:16 EDT [CRAWLER] 		
2026-09-12 23:42:16 EDT [CRAWLER] 		
2026-09-12 23:42:16 EDT [CRAWLER] 		
2026-09-12 23:42:16 EDT [CRAWLER] 		
2026-09-12 23:42:16 EDT [CRAWLER] 		
2026-09-12 23:42:16 EDT [CRAWLER] 		
2026-09-12 23:42:16 EDT [CRAWLER] 		
2026-09-12 23:42:16 EDT [CRAWLER] 		
2026-09-12 23:42:16 EDT [CRAWLER] 		
2026-09-12 23:42:16 EDT [CRAWLER] 		
2026-09-12 23:42:16 EDT [CRAWLER] 		
2026-09-12 23:42:16 EDT [CRAWLER] 		
2026-09-12 23:42:16 EDT [CRAWLER] 		
2026-09-12 23:42:16 EDT [CRAWLER] 		
2026-09-12 23:42:16 EDT [CRAWLER] 		
2026-09-12 23:42:16 EDT [CRAWLER] 		
2026-09-12 23:42:16 EDT [CRAWLER] 		
2026-09-12 23:42:16 EDT [CRAWLER] 		
2026-09-12 23:42:16 EDT [CRAWLER] 		
2026-09-12 23:42:16 EDT [CRAWLER] 		
2026-09-12 23:42:16 EDT [CRAWLER] 		
2026-09-12 23:42:16 EDT [CRAWLER] 		
2026-09-12 23:42:16 EDT [CRAWLER] 		
2026-09-12 23:42:16 EDT [CRAWLER] 		
2026-09-12 23:42:16 EDT [CRAWLER] 		
2026-09-12 23:42:16 EDT [CRAWLER] 		
2026-09-12 23:42:16 EDT [CRAWLER] 		
2026-09-12 23:42:16 EDT [CRAWLER] 		
2026-09-12 23:42:16 EDT [CRAWLER] 		
2026-09-12 23:42:16 EDT [CRAWLER] 		
2026-09-12 23:42:16 EDT [CRAWLER] 		
2026-09-12 23:42:16 EDT [CRAWLER] 		
2026-09-12 23:42:16 EDT [CRAWLER] 		
2026-09-12 23:42:16 EDT [CRAWLER] 		
2026-09-12 23:42:16 EDT [CRAWLER] 		
2026-09-12 23:42:16 EDT [CRAWLER] 		Daily ETF Flows: AVLV Notches $455MHere are the daily ETF fund flows for September 10, 2026.</p"Here are the daily ETF fund flows for September 10, 2026.</p"Here are the daily ETF fund flows for September 10, 2026.</p"  
2026-09-12 23:42:16 EDT [CRAWLER]     
2026-09-12 23:42:16 EDT [CRAWLER]     
2026-09-12 23:42:16 EDT [CRAWLER]         
2026-09-12 23:42:16 EDT [CRAWLER]                Oops, something went wrong                    Skip 
2026-09-12 23:42:16 EDT [CRAWLER] [TICKER MATCH] MACRO
2026-09-12 23:42:16 EDT [CRAWLER] [DISPATCH] Sent MACRO -> AI Server
2026-09-12 23:42:16 EDT [CRAWLER] Extracting
2026-09-12 23:42:16 EDT [CRAWLER] [CRAWLER DONE] Processed: https://finance.yahoo.com/markets/options/articles/daily-etf-flows-avlv-notches-210008846.html | Extracted Links: 0 | Dispatched to AI: YES
2026-09-12 23:42:17 EDT [CRAWLER] [CRAWLER] Visiting: https://finance.yahoo.com/markets/stocks/articles/swks-stock-just-hit-52-210713976.html
2026-09-12 23:42:17 EDT [CRAWLER] [CRAWLER] Visiting: https://www.cnbc.com/2026/09/12/buffetts-confidence-in-troubled-decade-old-acquisition-finally-pays-off.html
2026-09-12 23:42:17 EDT [CRAWLER] Status line: HTTP/1.1 200 OK
2026-09-12 23:42:17 EDT [CRAWLER] [DEBUG] URL: https://www.cnbc.com/2026/09/12/buffetts-confidence-in-troubled-decade-old-acquisition-finally-pays-off.html
2026-09-12 23:42:17 EDT [CRAWLER] [DEBUG] Article length: 9379
2026-09-12 23:42:17 EDT [CRAWLER] [DEBUG] First 1000 chars:
2026-09-12 23:42:17 EDT [CRAWLER] In this article
2026-09-12 23:42:17 EDT [CRAWLER] (This is the Warren Buffett Watch newsletter, news and analysis on all things Warren Buffett and Berkshire Hathaway. You can sign up here to receive it every Friday evening in your inbox.)
2026-09-12 23:42:17 EDT [CRAWLER] Six years ago, when Berkshire Hathaway took an $11 billion write-down of its $37.2 billion 2016 acquisition of Precision Castparts, Warren Buffett wrote in his annual letter to shareholders he had paid "too much" for the company, which makes "complex metal components and products."
2026-09-12 23:42:17 EDT [CRAWLER] While it was a "fine company – the best in its business," he had been "simply too optimistic" about its profit potential, a "miscalculation ... laid bare" by the enormous downturn for the aerospace industry, Precision Castparts' largest customers, amid the Covid pandemic.
2026-09-12 23:42:17 EDT [CRAWLER] In a CNBC interview when the deal was first announced, Buffett admitted it was "a very high multiple for us to pay," but told shareholders at the 2016 meeting he had great confidence in Mark Donegan, the company's CEO, both then and now,
2026-09-12 23:42:17 EDT [CRAWLER] [TICKER MATCH] GE
2026-09-12 23:42:17 EDT [CRAWLER] [DISPATCH] Sent GE -> AI Server
2026-09-12 23:42:17 EDT [CRAWLER] Extracting
2026-09-12 23:42:17 EDT [AI SERVER] [AI BATCH START] 1 ticker(s) for article (9379 chars): GE
2026-09-12 23:42:17 EDT [CRAWLER] [CRAWLER DONE] Processed: https://www.cnbc.com/2026/09/12/buffetts-confidence-in-troubled-decade-old-acquisition-finally-pays-off.html | Extracted Links: 0 | Dispatched to AI: YES
2026-09-12 23:42:18 EDT [CRAWLER] [CRAWLER] Visiting: https://finance.yahoo.com/markets/stocks/articles/gamestop-director-alain-attal-buys-204301144.html
2026-09-12 23:42:18 EDT [CRAWLER] [CRAWLER] Visiting: https://www.cnbc.com/2026/09/12/gm-us-battery-development-ford-china-ties.html
2026-09-12 23:42:18 EDT [CRAWLER] Status line: HTTP/1.1 200 OK
2026-09-12 23:42:18 EDT [CRAWLER] [DEBUG] URL: https://www.cnbc.com/2026/09/12/gm-us-battery-development-ford-china-ties.html
2026-09-12 23:42:18 EDT [CRAWLER] [DEBUG] Article length: 5254
2026-09-12 23:42:18 EDT [CRAWLER] [DEBUG] First 1000 chars:
2026-09-12 23:42:18 EDT [CRAWLER] In this article
2026-09-12 23:42:18 EDT [CRAWLER] DETROIT — General Motors is in the early stages of developing next-generation battery cells that the company believes can reduce U.S. dependence on China, while boosting domestically sourced materials.
2026-09-12 23:42:18 EDT [CRAWLER] "We'r
2026-09-12 23:42:18 EDT [CRAWLER] 00006000
2026-09-12 23:42:18 EDT [CRAWLER] e developing a supply chain such that, two years from now, three years from now, it will be domestic," Kurt Kelty, GM vice president of battery and sustainability, told CNBC during an exclusive interview. "That's what we're aiming for — when we get into market, we've got a domestic source for that."
2026-09-12 23:42:18 EDT [CRAWLER] Kelty was referring mainly to battery cells that the automaker expects to use in energy storage systems, or ESS, which are stationary devices for homes and businesses, including data centers. But the company plans to similarly prioritize domestic battery cell production for its future all-electric vehicles, a spokesperson reaffirmed to CNBC.
2026-09-12 23:42:18 EDT [CRAWLER] Kelty's comments came days before GM's crosstown rival Ford Motor fielded criticism by the Trump administration for 
2026-09-12 23:42:18 EDT [CRAWLER] [TICKER MATCH] F,GM,TSLA,XYZ
2026-09-12 23:42:18 EDT [CRAWLER] [DISPATCH] Sent F,GM,TSLA,XYZ -> AI Server
2026-09-12 23:42:18 EDT [CRAWLER] Extracting
2026-09-12 23:42:18 EDT [AI SERVER] [AI BATCH START] 4 ticker(s) for article (5254 chars): F,GM,TSLA,XYZ
2026-09-12 23:42:18 EDT [CRAWLER] [CRAWLER DONE] Processed: https://www.cnbc.com/2026/09/12/gm-us-battery-development-ford-china-ties.html | Extracted Links: 0 | Dispatched to AI: YES
2026-09-12 23:42:19 EDT [CRAWLER] Status line: HTTP/1.1 200 OK
2026-09-12 23:42:19 EDT [CRAWLER] [DEBUG] URL: https://finance.yahoo.com/markets/stocks/articles/did-dell-technologies-stock-quadrupled-204038090.html
2026-09-12 23:42:19 EDT [CRAWLER] [DEBUG] Article length: 3858
2026-09-12 23:42:19 EDT [CRAWLER] [DEBUG] First 1000 chars:
2026-09-12 23:42:19 EDT [CRAWLER] Dell Technologies (DELL) stock more than quadrupled over the past year, a 323% gain, against about 18% for the S&P 500, and even Hewlett Packard Enterprise (HPE), up 130.6%, finished far behind. Management had described most of the drivers before the run began: customers sitting on old servers, AI orders that had outrun shipments earlier in the year, and costs falling while sales rose. Those signs could not tell you how far the stock would go.  
2026-09-12 23:42:19 EDT [CRAWLER] What Was Dell Seeing In Its Customers' Data Centers?  
2026-09-12 23:42:19 EDT [CRAWLER] In February 2025, management said customers still ran a very large base of Dell's 13th and 14th generation servers, ready to be replaced. AI demand, already under discussion then, was exceptionally strong by May 2025, with $12.1 billion of AI server orders in fiscal Q1 2026, more than Dell's AI server shipments for all of fiscal 2025.  
2026-09-12 23:42:19 EDT [CRAWLER] In August 2025, management said over 70% of its installed base was running on 14th generation servers or older, and that one 17th generation server could re
2026-09-12 23:42:19 EDT [CRAWLER] [TICKER MATCH] MACRO
2026-09-12 23:42:19 EDT [CRAWLER] [DISPATCH] Sent MACRO -> AI Server
2026-09-12 23:42:19 EDT [CRAWLER] Extracting
2026-09-12 23:42:19 EDT [AI SERVER] [AI BATCH START] 1 ticker(s) for article (3858 chars): MACRO
2026-09-12 23:42:19 EDT [CRAWLER] [CRAWLER DONE] Processed: https://finance.yahoo.com/markets/stocks/articles/did-dell-technologies-stock-quadrupled-204038090.html | Extracted Links: 0 | Dispatched to AI: YES
2026-09-12 23:42:19 EDT [CRAWLER] [CRAWLER] Visiting: https://www.cnbc.com/2026/09/11/cramer-market-eerie-parallels-2018-what-it-means-for-investors.html
2026-09-12 23:42:19 EDT [CRAWLER] Status line: HTTP/1.1 200 OK
2026-09-12 23:42:19 EDT [CRAWLER] [DEBUG] URL: https://finance.yahoo.com/markets/stocks/articles/swks-stock-just-hit-52-210713976.html
2026-09-12 23:42:19 EDT [CRAWLER] [DEBUG] Article length: 6094
2026-09-12 23:42:19 EDT [CRAWLER] [DEBUG] First 1000 chars:
2026-09-12 23:42:19 EDT [CRAWLER]     
2026-09-12 23:42:19 EDT [CRAWLER]         
2026-09-12 23:42:19 EDT [CRAWLER]         
2026-09-12 23:42:19 EDT [CRAWLER]          
2026-09-12 23:42:19 EDT [CRAWLER] 	
2026-09-12 23:42:19 EDT [CRAWLER] 		
2026-09-12 23:42:19 EDT [CRAWLER] 		
2026-09-12 23:42:19 EDT [CRAWLER] 		
2026-09-12 23:42:19 EDT [CRAWLER] 		
2026-09-12 23:42:19 EDT [CRAWLER] 		
2026-09-12 23:42:19 EDT [CRAWLER] 		
2026-09-12 23:42:19 EDT [CRAWLER] 		
2026-09-12 23:42:19 EDT [CRAWLER] 		
2026-09-12 23:42:19 EDT [CRAWLER] 		
2026-09-12 23:42:19 EDT [CRAWLER] 		
2026-09-12 23:42:19 EDT [CRAWLER] 		
2026-09-12 23:42:19 EDT [CRAWLER] 		
2026-09-12 23:42:19 EDT [CRAWLER] 		
2026-09-12 23:42:19 EDT [CRAWLER] 		
2026-09-12 23:42:19 EDT [CRAWLER] 		
2026-09-12 23:42:19 EDT [CRAWLER] 		
2026-09-12 23:42:19 EDT [CRAWLER] 		
2026-09-12 23:42:19 EDT [CRAWLER] 		
2026-09-12 23:42:19 EDT [CRAWLER] 		
2026-09-12 23:42:19 EDT [CRAWLER] 		
2026-09-12 23:42:19 EDT [CRAWLER] 		
2026-09-12 23:42:19 EDT [CRAWLER] 		
2026-09-12 23:42:19 EDT [CRAWLER] 		
2026-09-12 23:42:19 EDT [CRAWLER] 		
2026-09-12 23:42:19 EDT [CRAWLER] 		
2026-09-12 23:42:19 EDT [CRAWLER] 		
2026-09-12 23:42:19 EDT [CRAWLER] 		
2026-09-12 23:42:19 EDT [CRAWLER] 		
2026-09-12 23:42:19 EDT [CRAWLER] 		
2026-09-12 23:42:19 EDT [CRAWLER] 		
2026-09-12 23:42:19 EDT [CRAWLER] 		
2026-09-12 23:42:19 EDT [CRAWLER] 		
2026-09-12 23:42:19 EDT [CRAWLER] 		
2026-09-12 23:42:19 EDT [CRAWLER] 		
2026-09-12 23:42:19 EDT [CRAWLER] 		
2026-09-12 23:42:19 EDT [CRAWLER] 		
2026-09-12 23:42:19 EDT [CRAWLER] 		
2026-09-12 23:42:19 EDT [CRAWLER] 		
2026-09-12 23:42:19 EDT [CRAWLER] 		
2026-09-12 23:42:19 EDT [CRAWLER] 		
2026-09-12 23:42:19 EDT [CRAWLER] 		
2026-09-12 23:42:19 EDT [CRAWLER] 		
2026-09-12 23:42:19 EDT [CRAWLER] 		
2026-09-12 23:42:19 EDT [CRAWLER] 		
2026-09-12 23:42:19 EDT [CRAWLER] 		
2026-09-12 23:42:19 EDT [CRAWLER] 		
2026-09-12 23:42:19 EDT [CRAWLER] 		
2026-09-12 23:42:19 EDT [CRAWLER] 		
2026-09-12 23:42:19 EDT [CRAWLER] 		
2026-09-12 23:42:19 EDT [CRAWLER] 		
2026-09-12 23:42:19 EDT [CRAWLER] 		
2026-09-12 23:42:19 EDT [CRAWLER] 		
2026-09-12 23:42:19 EDT [CRAWLER] 		
2026-09-12 23:42:19 EDT [CRAWLER] 		
2026-09-12 23:42:19 EDT [CRAWLER] 		
2026-09-12 23:42:19 EDT [CRAWLER] 		
2026-09-12 23:42:19 EDT [CRAWLER] 		
2026-09-12 23:42:19 EDT [CRAWLER] 		
2026-09-12 23:42:19 EDT [CRAWLER] 		
2026-09-12 23:42:19 EDT [CRAWLER] 		
2026-09-12 23:42:19 EDT [CRAWLER] 		
2026-09-12 23:42:19 EDT [CRAWLER] 		
2026-09-12 23:42:19 EDT [CRAWLER] 		
2026-09-12 23:42:19 EDT [CRAWLER] 		
2026-09-12 23:42:19 EDT [CRAWLER] 		
2026-09-12 23:42:19 EDT [CRAWLER] 		
2026-09-12 23:42:19 EDT [CRAWLER] 		
2026-09-12 23:42:19 EDT [CRAWLER] 		
2026-09-12 23:42:19 EDT [CRAWLER] 		
2026-09-12 23:42:19 EDT [CRAWLER] 		
2026-09-12 23:42:19 EDT [CRAWLER] 		
2026-09-12 23:42:19 EDT [CRAWLER] 		
2026-09-12 23:42:19 EDT [CRAWLER] 		
2026-09-12 23:42:19 EDT [CRAWLER] 		
2026-09-12 23:42:19 EDT [CRAWLER] 		
2026-09-12 23:42:19 EDT [CRAWLER] 		
2026-09-12 23:42:19 EDT [CRAWLER] 		
2026-09-12 23:42:19 EDT [CRAWLER] 		
2026-09-12 23:42:19 EDT [CRAWLER] 		
2026-09-12 23:42:19 EDT [CRAWLER] 		
2026-09-12 23:42:19 EDT [AI SERVER] [AI BATCH START] 4 ticker(s) for article (6094 chars): AAPL,GME,QCOM,TGT
2026-09-12 23:42:19 EDT [CRAWLER] 		
2026-09-12 23:42:19 EDT [CRAWLER] 		
2026-09-12 23:42:19 EDT [CRAWLER] 		
2026-09-12 23:42:19 EDT [CRAWLER] 		
2026-09-12 23:42:19 EDT [CRAWLER] 		
2026-09-12 23:42:19 EDT [CRAWLER] 		
2026-09-12 23:42:19 EDT [CRAWLER] 		
2026-09-12 23:42:19 EDT [CRAWLER] 		
2026-09-12 23:42:19 EDT [CRAWLER] 		
2026-09-12 23:42:19 EDT [CRAWLER] 		
2026-09-12 23:42:19 EDT [CRAWLER] 		
2026-09-12 23:42:19 EDT [CRAWLER] 		
2026-09-12 23:42:19 EDT [CRAWLER] 		
2026-09-12 23:42:19 EDT [CRAWLER] 		
2026-09-12 23:42:19 EDT [CRAWLER] 		
2026-09-12 23:42:19 EDT [CRAWLER] 		
2026-09-12 23:42:19 EDT [CRAWLER] 		
2026-09-12 23:42:19 EDT [CRAWLER] 		
2026-09-12 23:42:19 EDT [CRAWLER] 		
2026-09-12 23:42:19 EDT [CRAWLER] 		
2026-09-12 23:42:19 EDT [CRAWLER] 		
2026-09-12 23:42:19 EDT [CRAWLER] 		
2026-09-12 23:42:19 EDT [CRAWLER] 		
2026-09-12 23:42:19 EDT [CRAWLER] 		
2026-09-12 23:42:19 EDT [CRAWLER] 		
2026-09-12 23:42:19 EDT [CRAWLER] 		
2026-09-12 23:42:19 EDT [CRAWLER] 		
2026-09-12 23:42:19 EDT [CRAWLER] 		
2026-09-12 23:42:19 EDT [CRAWLER] 		
2026-09-12 23:42:19 EDT [CRAWLER] 		
2026-09-12 23:42:19 EDT [CRAWLER] 		
2026-09-12 23:42:19 EDT [CRAWLER] 		
2026-09-12 23:42:19 EDT [CRAWLER] 		
2026-09-12 23:42:19 EDT [CRAWLER] 		
2026-09-12 23:42:19 EDT [CRAWLER] 		
2026-09-12 23:42:19 EDT [CRAWLER] 		
2026-09-12 23:42:19 EDT [CRAWLER] 		
2026-09-12 23:42:19 EDT [CRAWLER] 		
2026-09-12 23:42:19 EDT [CRAWLER] 		
2026-09-12 23:42:19 EDT [CRAWLER] 		
2026-09-12 23:42:19 EDT [CRAWLER] 		
2026-09-12 23:42:19 EDT [CRAWLER] 		
2026-09-12 23:42:19 EDT [CRAWLER] 		
2026-09-12 23:42:19 EDT [CRAWLER] 		
2026-09-12 23:42:19 EDT [CRAWLER] 		
2026-09-12 23:42:19 EDT [CRAWLER] 		
2026-09-12 23:42:19 EDT [CRAWLER] 		
2026-09-12 23:42:19 EDT [CRAWLER] 		
2026-09-12 23:42:19 EDT [CRAWLER] 		
2026-09-12 23:42:19 EDT [CRAWLER] 		
2026-09-12 23:42:19 EDT [CRAWLER] 		
2026-09-12 23:42:19 EDT [CRAWLER] 		
2026-09-12 23:42:19 EDT [CRAWLER] 		
2026-09-12 23:42:19 EDT [CRAWLER] 		
2026-09-12 23:42:19 EDT [CRAWLER] 		
2026-09-12 23:42:19 EDT [CRAWLER] 		
2026-09-12 23:42:19 EDT [CRAWLER] 		
2026-09-12 23:42:19 EDT [CRAWLER] 		
2026-09-12 23:42:19 EDT [CRAWLER] 		
2026-09-12 23:42:19 EDT [CRAWLER] 		
2026-09-12 23:42:19 EDT [CRAWLER] 		
2026-09-12 23:42:19 EDT [CRAWLER] 		
2026-09-12 23:42:19 EDT [CRAWLER] 		
2026-09-12 23:42:19 EDT [CRAWLER] 		
2026-09-12 23:42:19 EDT [CRAWLER] 		
2026-09-12 23:42:19 EDT [CRAWLER] 		
2026-09-12 23:42:19 EDT [CRAWLER] 		
2026-09-12 23:42:19 EDT [CRAWLER] 		
2026-09-12 23:42:19 EDT [CRAWLER] 		
2026-09-12 23:42:19 EDT [CRAWLER] 		
2026-09-12 23:42:19 EDT [CRAWLER] 		
2026-09-12 23:42:19 EDT [CRAWLER] 		
2026-09-12 23:42:19 EDT [CRAWLER] 		
2026-09-12 23:42:19 EDT [CRAWLER] 		
2026-09-12 23:42:19 EDT [CRAWLER] 		
2026-09-12 23:42:19 EDT [CRAWLER] 		
2026-09-12 23:42:19 EDT [CRAWLER] 		
2026-09-12 23:42:19 EDT [CRAWLER] 		
2026-09-12 23:42:19 EDT [CRAWLER] 		
2026-09-12 23:42:19 EDT [CRAWLER] 		
2026-09-12 23:42:19 EDT [CRAWLER] 		
2026-09-12 23:42:19 EDT [CRAWLER] 		
2026-09-12 23:42:19 EDT [CRAWLER] 		
2026-09-12 23:42:19 EDT [CRAWLER] 		
2026-09-12 23:42:19 EDT [CRAWLER] 		
2026-09-12 23:42:19 EDT [CRAWLER] 		
2026-09-12 23:42:19 EDT [CRAWLER] 		
2026-09-12 23:42:19 EDT [CRAWLER] 		
2026-09-12 23:42:19 EDT [CRAWLER] 		
2026-09-12 23:42:19 EDT [CRAWLER] 		
2026-09-12 23:42:19 EDT [CRAWLER] 		
2026-09-12 23:42:19 EDT [CRAWLER] 		
2026-09-12 23:42:19 EDT [CRAWLER] 		
2026-09-12 23:42:19 EDT [CRAWLER] 		
2026-09-12 23:42:19 EDT [CRAWLER] 		
2026-09-12 23:42:19 EDT [CRAWLER] 		
2026-09-12 23:42:19 EDT [CRAWLER] 		
2026-09-12 23:42:19 EDT [CRAWLER] 		
2026-09-12 23:42:19 EDT [CRAWLER] 		
2026-09-12 23:42:19 EDT [CRAWLER] 		
2026-09-12 23:42:19 EDT [CRAWLER] 		
2026-09-12 23:42:19 EDT [CRAWLER] 		
2026-09-12 23:42:19 EDT [CRAWLER] 		
2026-09-12 23:42:19 EDT [CRAWLER] 		
2026-09-12 23:42:19 EDT [CRAWLER] 		
2026-09-12 23:42:19 EDT [CRAWLER] 		
2026-09-12 23:42:19 EDT [CRAWLER] 		
2026-09-12 23:42:19 EDT [CRAWLER] 		
2026-09-12 23:42:19 EDT [CRAWLER] 		
2026-09-12 23:42:19 EDT [CRAWLER] 		
2026-09-12 23:42:19 EDT [CRAWLER] 		
2026-09-12 23:42:19 EDT [CRAWLER] 		
2026-09-12 23:42:19 EDT [CRAWLER] 		
2026-09-12 23:42:19 EDT [CRAWLER] 		
2026-09-12 23:42:19 EDT [CRAWLER] 		
2026-09-12 23:42:19 EDT [CRAWLER] 		
2026-09-12 23:42:19 EDT [CRAWLER] 		
2026-09-12 23:42:19 EDT [CRAWLER] 		
2026-09-12 23:42:19 EDT [CRAWLER] 		
2026-09-12 23:42:19 EDT [CRAWLER] 		
2026-09-12 23:42:19 EDT [CRAWLER] 		
2026-09-12 23:42:19 EDT [CRAWLER] 		
2026-09-12 23:42:19 EDT [CRAWLER] 		
2026-09-12 23:42:19 EDT [CRAWLER] 		
2026-09-12 23:42:19 EDT [CRAWLER] 		
2026-09-12 23:42:19 EDT [CRAWLER] 		
2026-09-12 23:42:19 EDT [CRAWLER] 		
2026-09-12 23:42:19 EDT [CRAWLER] 		
2026-09-12 23:42:19 EDT [CRAWLER] 		
2026-09-12 23:42:19 EDT [CRAWLER] 		
2026-09-12 23:42:19 EDT [CRAWLER] 		
2026-09-12 23:42:19 EDT [CRAWLER] 		
2026-09-12 23:42:19 EDT [CRAWLER] 		
2026-09-12 23:42:19 EDT [CRAWLER] 		
2026-09-12 23:42:19 EDT [CRAWLER] 		
2026-09-12 23:42:19 EDT [CRAWLER] 		
2026-09-12 23:42:19 EDT [CRAWLER] 		
2026-09-12 23:42:19 EDT [CRAWLER] 		
2026-09-12 23:42:19 EDT [CRAWLER] 		SWKS Stock Just Hit a New 52-Week High. What Comes Next.  
2026-09-12 23:42:19 EDT [CRAWLER]     
2026-09-12 23:42:19 EDT [CRAWLER]     
2026-09-12 23:42:19 EDT [CRAWLER]         
2026-09-12 23:42:19 EDT [CRAWLER]                Oops, something went wrong                    Skip to navigation   Skip to main content   Skip to right column                                   SWKS Stock Just Hit a New 52-Week High. What Comes Next.          Wa
2026-09-12 23:42:19 EDT [CRAWLER] [TICKER MATCH] AAPL,GME,QCOM,TGT
2026-09-12 23:42:19 EDT [CRAWLER] [DISPATCH] Sent AAPL,GME,QCOM,TGT -> AI Server
2026-09-12 23:42:19 EDT [CRAWLER] Extracting
2026-09-12 23:42:19 EDT [CRAWLER] [CRAWLER DONE] Processed: https://finance.yahoo.com/markets/stocks/articles/swks-stock-just-hit-52-210713976.html | Extracted Links: 0 | Dispatched to AI: YES
2026-09-12 23:42:19 EDT [CRAWLER] Status line: HTTP/1.1 200 OK
2026-09-12 23:42:19 EDT [CRAWLER] [DEBUG] URL: https://www.cnbc.com/2026/09/11/cramer-market-eerie-parallels-2018-what-it-means-for-investors.html
2026-09-12 23:42:19 EDT [CRAWLER] [DEBUG] Article length: 2693
2026-09-12 23:42:19 EDT [CRAWLER] [DEBUG] First 1000 chars:
2026-09-12 23:42:19 EDT [CRAWLER] In this article
2026-09-12 23:42:19 EDT [CRAWLER] CNBC's Jim Cramer on Friday said a familiar combination of rising oil prices, stubborn inflation and higher intere
2026-09-12 23:42:19 EDT [CRAWLER] 00006000
2026-09-12 23:42:19 EDT [CRAWLER] st rates is flashing a warning sign for investors heading into the final months of the year. 
2026-09-12 23:42:19 EDT [CRAWLER] "At the end of the day, there are some eerie similarities between the current moment and the fall of 2018," the "Mad Money" host said. "I don't think history will repeat this time, but it might rhyme, and that's something you need to keep an eye on."
2026-09-12 23:42:19 EDT [CRAWLER] Cramer pointed to several parallels between 2018 and 2026. In both periods, stocks posted strong gains during the second year of President Donald Trump's term, while oil prices and Treasury yields rose, inflation ran above the Federal Reserve's target, and a new Fed chair was weighing further rate hikes.
2026-09-12 23:42:19 EDT [CRAWLER] But the fourth quarter of 2018 was brutal. The S&P 500 fell roughly 20% from its late-September high through Christmas Eve as investors worried about rising rates and escalating trade tensions with China. 
2026-09-12 23:42:19 EDT [CRAWLER] [TICKER MATCH] META,TGT
2026-09-12 23:42:19 EDT [CRAWLER] [DISPATCH] Sent META,TGT -> AI Server
2026-09-12 23:42:19 EDT [CRAWLER] Extracting
2026-09-12 23:42:19 EDT [AI SERVER] [AI BATCH START] 2 ticker(s) for article (2693 chars): META,TGT
2026-09-12 23:42:19 EDT [CRAWLER] [CRAWLER DONE] Processed: https://www.cnbc.com/2026/09/11/cramer-market-eerie-parallels-2018-what-it-means-for-investors.html | Extracted Links: 0 | Dispatched to AI: YES
2026-09-12 23:42:20 EDT [CRAWLER] Status line: HTTP/1.1 200 OK
2026-09-12 23:42:20 EDT [CRAWLER] [DEBUG] URL: https://finance.yahoo.com/markets/stocks/articles/gamestop-director-alain-attal-buys-204301144.html
2026-09-12 23:42:20 EDT [CRAWLER] [DEBUG] Article length: 5781
2026-09-12 23:42:20 EDT [CRAWLER] [DEBUG] First 1000 chars:
2026-09-12 23:42:20 EDT [CRAWLER] Alain Attal, a Director of GameStop Corp. (NYSE:GME), executed a direct purchase of 5,000 shares of Class A Common Stock on September 10, 2026, according to a recent SEC Form 4 filing.  
2026-09-12 23:42:20 EDT [CRAWLER] Metric  
2026-09-12 23:42:20 EDT [CRAWLER] Value  
2026-09-12 23:42:20 EDT [CRAWLER] Shares purchased  
2026-09-12 23:42:20 EDT [CRAWLER] 5,000  
2026-09-12 23:42:20 EDT [CRAWLER] Transaction value  
2026-09-12 23:42:20 EDT [CRAWLER] $100,000  
2026-09-12 23:42:20 EDT [CRAWLER] Post-transaction shares (directly held)  
2026-09-12 23:42:20 EDT [CRAWLER] 601,464  
2026-09-12 23:42:20 EDT [CRAWLER] Post-transaction value  
2026-09-12 23:42:20 EDT [CRAWLER] $12.26 million  
2026-09-12 23:42:20 EDT [CRAWLER] Transaction value based on SEC Form 4 weighted average purchase price ($20.00); post-transaction value based on Sept. 10, 2026 market close ($20.39).  
2026-09-12 23:42:20 EDT [CRAWLER] How does this purchase affect the insider's total equity position?The transaction expanded the insider's direct holdings by 0.84%, bringing the total position to 601,464 shares and increasing their net exposure to the company's equity.  
2026-09-12 23:42:20 EDT [CRAWLER] What was the market context on the day of the transaction?The purchase was executed at $20.00 per share on September 10, 2026, a day when the stock closed at $20.39 and the one-year total return stood at negative 16%.  
2026-09-12 23:42:20 EDT [CRAWLER] Are there any indirect holdings or
2026-09-12 23:42:20 EDT [CRAWLER] [TICKER MATCH] EBAY,GME,NFLX,NVDA
2026-09-12 23:42:20 EDT [CRAWLER] [DISPATCH] Sent EBAY,GME,NFLX,NVDA -> AI Server
2026-09-12 23:42:20 EDT [CRAWLER] Extracting
2026-09-12 23:42:20 EDT [AI SERVER] [AI BATCH START] 4 ticker(s) for article (5781 chars): EBAY,GME,NFLX,NVDA
2026-09-12 23:42:20 EDT [CRAWLER] [CRAWLER DONE] Processed: https://finance.yahoo.com/markets/stocks/articles/gamestop-director-alain-attal-buys-204301144.html | Extracted Links: 0 | Dispatched to AI: YES
2026-09-12 23:42:20 EDT [CRAWLER] [CRAWLER] Visiting: https://www.cnbc.com/2026/09/12/ai-manager-coaching-employee-feedback-performanc-review.html
2026-09-12 23:42:20 EDT [CRAWLER] Status line: HTTP/1.1 200 OK
2026-09-12 23:42:21 EDT [CRAWLER] [DEBUG] URL: https://finance.yahoo.com/markets/stocks/articles/etf-league-tables-inflows-736m-210004620.html
2026-09-12 23:42:21 EDT [CRAWLER] [DEBUG] Article length: 80481
2026-09-12 23:42:21 EDT [CRAWLER] [DEBUG] First 1000 chars:
2026-09-12 23:42:21 EDT [CRAWLER]     
2026-09-12 23:42:21 EDT [CRAWLER]         
2026-09-12 23:42:21 EDT [CRAWLER]         
2026-09-12 23:42:21 EDT [CRAWLER]          
2026-09-12 23:42:21 EDT [CRAWLER] 	
2026-09-12 23:42:21 EDT [CRAWLER] 		
2026-09-12 23:42:21 EDT [CRAWLER] 		
2026-09-12 23:42:21 EDT [CRAWLER] 		
2026-09-12 23:42:21 EDT [CRAWLER] 		
2026-09-12 23:42:21 EDT [CRAWLER] 		
2026-09-12 23:42:21 EDT [CRAWLER] 		
2026-09-12 23:42:21 EDT [CRAWLER] 		
2026-09-12 23:42:21 EDT [CRAWLER] 		
2026-09-12 23:42:21 EDT [CRAWLER] 		
2026-09-12 23:42:21 EDT [CRAWLER] 		
2026-09-12 23:42:21 EDT [CRAWLER] 		
2026-09-12 23:42:21 EDT [CRAWLER] 		
2026-09-12 23:42:21 EDT [CRAWLER] 		
2026-09-12 23:42:21 EDT [CRAWLER] 		
2026-09-12 23:42:21 EDT [CRAWLER] 		
2026-09-12 23:42:21 EDT [CRAWLER] 		
2026-09-12 23:42:21 EDT [CRAWLER] 		
2026-09-12 23:42:21 EDT [CRAWLER] 		
2026-09-12 23:42:21 EDT [CRAWLER] 		
2026-09-12 23:42:21 EDT [CRAWLER] 		
2026-09-12 23:42:21 EDT [CRAWLER] 		
2026-09-12 23:42:21 EDT [CRAWLER] 		
2026-09-12 23:42:21 EDT [CRAWLER] 		
2026-09-12 23:42:21 EDT [CRAWLER] 		
2026-09-12 23:42:21 EDT [CRAWLER] 		
2026-09-12 23:42:21 EDT [CRAWLER] 		
2026-09-12 23:42:21 EDT [CRAWLER] 		
2026-09-12 23:42:21 EDT [CRAWLER] 		
2026-09-12 23:42:21 EDT [CRAWLER] 		
2026-09-12 23:42:21 EDT [CRAWLER] 		
2026-09-12 23:42:21 EDT [CRAWLER] 		
2026-09-12 23:42:21 EDT [CRAWLER] 		
2026-09-12 23:42:21 EDT [CRAWLER] 		
2026-09-12 23:42:21 EDT [CRAWLER] 		
2026-09-12 23:42:21 EDT [CRAWLER] 		
2026-09-12 23:42:21 EDT [CRAWLER] 		
2026-09-12 23:42:21 EDT [CRAWLER] 		
2026-09-12 23:42:21 EDT [CRAWLER] 		
2026-09-12 23:42:21 EDT [CRAWLER] 		
2026-09-12 23:42:21 EDT [CRAWLER] 		
2026-09-12 23:42:21 EDT [CRAWLER] 		
2026-09-12 23:42:21 EDT [CRAWLER] 		
2026-09-12 23:42:21 EDT [CRAWLER] 		
2026-09-12 23:42:21 EDT [CRAWLER] 		
2026-09-12 23:42:21 EDT [CRAWLER] 		
2026-09-12 23:42:21 EDT [CRAWLER] 		
2026-09-12 23:42:21 EDT [CRAWLER] 		
2026-09-12 23:42:21 EDT [CRAWLER] 		
2026-09-12 23:42:21 EDT [CRAWLER] 		
2026-09-12 23:42:21 EDT [CRAWLER] 		
2026-09-12 23:42:21 EDT [CRAWLER] 		
2026-09-12 23:42:21 EDT [CRAWLER] 		
2026-09-12 23:42:21 EDT [CRAWLER] 		
2026-09-12 23:42:21 EDT [CRAWLER] 		
2026-09-12 23:42:21 EDT [CRAWLER] 		
2026-09-12 23:42:21 EDT [CRAWLER] 		
2026-09-12 23:42:21 EDT [CRAWLER] 		
2026-09-12 23:42:21 EDT [CRAWLER] 		
2026-09-12 23:42:21 EDT [CRAWLER] 		
2026-09-12 23:42:21 EDT [CRAWLER] 		
2026-09-12 23:42:21 EDT [CRAWLER] 		
2026-09-12 23:42:21 EDT [CRAWLER] 		
2026-09-12 23:42:21 EDT [CRAWLER] 		
2026-09-12 23:42:21 EDT [CRAWLER] 		
2026-09-12 23:42:21 EDT [CRAWLER] 		
2026-09-12 23:42:21 EDT [CRAWLER] 		
2026-09-12 23:42:21 EDT [CRAWLER] 		
2026-09-12 23:42:21 EDT [CRAWLER] 		
2026-09-12 23:42:21 EDT [CRAWLER] 		
2026-09-12 23:42:21 EDT [CRAWLER] 		
2026-09-12 23:42:21 EDT [CRAWLER] 		
2026-09-12 23:42:21 EDT [CRAWLER] 		
2026-09-12 23:42:21 EDT [CRAWLER] 		
2026-09-12 23:42:21 EDT [CRAWLER] 		
2026-09-12 23:42:21 EDT [CRAWLER] 		
2026-09-12 23:42:21 EDT [CRAWLER] 		
2026-09-12 23:42:21 EDT [CRAWLER] 		
2026-09-12 23:42:21 EDT [CRAWLER] 		
2026-09-12 23:42:21 EDT [CRAWLER] 		
2026-09-12 23:42:21 EDT [CRAWLER] 		
2026-09-12 23:42:21 EDT [CRAWLER] 		
2026-09-12 23:42:21 EDT [CRAWLER] 		
2026-09-12 23:42:21 EDT [CRAWLER] 		
2026-09-12 23:42:21 EDT [CRAWLER] 		
2026-09-12 23:42:21 EDT [CRAWLER] 		
2026-09-12 23:42:21 EDT [CRAWLER] 		
2026-09-12 23:42:21 EDT [CRAWLER] 		
2026-09-12 23:42:21 EDT [CRAWLER] 		
2026-09-12 23:42:21 EDT [CRAWLER] 		
2026-09-12 23:42:21 EDT [CRAWLER] 		
2026-09-12 23:42:21 EDT [CRAWLER] 		
2026-09-12 23:42:21 EDT [CRAWLER] 		
2026-09-12 23:42:21 EDT [CRAWLER] 		
2026-09-12 23:42:21 EDT [CRAWLER] 		
2026-09-12 23:42:21 EDT [CRAWLER] 		
2026-09-12 23:42:21 EDT [CRAWLER] 		
2026-09-12 23:42:21 EDT [CRAWLER] 		
2026-09-12 23:42:21 EDT [CRAWLER] 		
2026-09-12 23:42:21 EDT [CRAWLER] 		
2026-09-12 23:42:21 EDT [CRAWLER] 		
2026-09-12 23:42:21 EDT [CRAWLER] 		
2026-09-12 23:42:21 EDT [CRAWLER] 		
2026-09-12 23:42:21 EDT [CRAWLER] 		
2026-09-12 23:42:21 EDT [CRAWLER] 		
2026-09-12 23:42:21 EDT [CRAWLER] 		
2026-09-12 23:42:21 EDT [CRAWLER] 		
2026-09-12 23:42:21 EDT [CRAWLER] 		
2026-09-12 23:42:21 EDT [CRAWLER] 		
2026-09-12 23:42:21 EDT [CRAWLER] 		
2026-09-12 23:42:21 EDT [CRAWLER] 		
2026-09-12 23:42:21 EDT [CRAWLER] 		
2026-09-12 23:42:21 EDT [CRAWLER] 		
2026-09-12 23:42:21 EDT [CRAWLER] 		
2026-09-12 23:42:21 EDT [CRAWLER] 		
2026-09-12 23:42:21 EDT [CRAWLER] 		
2026-09-12 23:42:21 EDT [CRAWLER] 		
2026-09-12 23:42:21 EDT [CRAWLER] 		
2026-09-12 23:42:21 EDT [CRAWLER] 		
2026-09-12 23:42:21 EDT [CRAWLER] 		
2026-09-12 23:42:21 EDT [CRAWLER] 		
2026-09-12 23:42:21 EDT [CRAWLER] 		
2026-09-12 23:42:21 EDT [CRAWLER] 		
2026-09-12 23:42:21 EDT [CRAWLER] 		
2026-09-12 23:42:21 EDT [CRAWLER] 		
2026-09-12 23:42:21 EDT [CRAWLER] 		
2026-09-12 23:42:21 EDT [CRAWLER] 		
2026-09-12 23:42:21 EDT [CRAWLER] 		
2026-09-12 23:42:21 EDT [CRAWLER] 		
2026-09-12 23:42:21 EDT [CRAWLER] 		
2026-09-12 23:42:21 EDT [CRAWLER] 		
2026-09-12 23:42:21 EDT [CRAWLER] 		
2026-09-12 23:42:21 EDT [CRAWLER] 		
2026-09-12 23:42:21 EDT [CRAWLER] 		
2026-09-12 23:42:21 EDT [CRAWLER] 		
2026-09-12 23:42:21 EDT [CRAWLER] 		
2026-09-12 23:42:21 EDT [CRAWLER] 		
2026-09-12 23:42:21 EDT [CRAWLER] 		
2026-09-12 23:42:21 EDT [CRAWLER] 		
2026-09-12 23:42:21 EDT [CRAWLER] 		
2026-09-12 23:42:21 EDT [CRAWLER] 		
2026-09-12 23:42:21 EDT [CRAWLER] 		
2026-09-12 23:42:21 EDT [CRAWLER] 		
2026-09-12 23:42:21 EDT [CRAWLER] 		
2026-09-12 23:42:21 EDT [CRAWLER] 		
2026-09-12 23:42:21 EDT [CRAWLER] 		
2026-09-12 23:42:21 EDT [CRAWLER] 		
2026-09-12 23:42:21 EDT [CRAWLER] 		
2026-09-12 23:42:21 EDT [CRAWLER] 		
2026-09-12 23:42:21 EDT [CRAWLER] 		
2026-09-12 23:42:21 EDT [CRAWLER] 		
2026-09-12 23:42:21 EDT [CRAWLER] 		
2026-09-12 23:42:21 EDT [CRAWLER] 		
2026-09-12 23:42:21 EDT [CRAWLER] 		
2026-09-12 23:42:21 EDT [CRAWLER] 		
2026-09-12 23:42:21 EDT [CRAWLER] 		
2026-09-12 23:42:21 EDT [CRAWLER] 		
2026-09-12 23:42:21 EDT [CRAWLER] 		
2026-09-12 23:42:21 EDT [CRAWLER] 		
2026-09-12 23:42:21 EDT [CRAWLER] 		
2026-09-12 23:42:21 EDT [CRAWLER] 		
2026-09-12 23:42:21 EDT [CRAWLER] 		
2026-09-12 23:42:21 EDT [CRAWLER] 		
2026-09-12 23:42:21 EDT [CRAWLER] 		
2026-09-12 23:42:21 EDT [CRAWLER] 		
2026-09-12 23:42:21 EDT [CRAWLER] 		
2026-09-12 23:42:21 EDT [CRAWLER] 		
2026-09-12 23:42:21 EDT [CRAWLER] 		
2026-09-12 23:42:21 EDT [CRAWLER] 		
2026-09-12 23:42:21 EDT [CRAWLER] 		
2026-09-12 23:42:21 EDT [CRAWLER] 		
2026-09-12 23:42:21 EDT [CRAWLER] 		
2026-09-12 23:42:21 EDT [CRAWLER] 		
2026-09-12 23:42:21 EDT [CRAWLER] 		
2026-09-12 23:42:21 EDT [CRAWLER] 		
2026-09-12 23:42:21 EDT [CRAWLER] 		
2026-09-12 23:42:21 EDT [CRAWLER] 		
2026-09-12 23:42:21 EDT [CRAWLER] 		
2026-09-12 23:42:21 EDT [CRAWLER] 		
2026-09-12 23:42:21 EDT [CRAWLER] 		
2026-09-12 23:42:21 EDT [CRAWLER] 		
2026-09-12 23:42:21 EDT [CRAWLER] 		
2026-09-12 23:42:21 EDT [CRAWLER] 		
2026-09-12 23:42:21 EDT [CRAWLER] 		
2026-09-12 23:42:21 EDT [CRAWLER] 		
2026-09-12 23:42:21 EDT [CRAWLER] 		
2026-09-12 23:42:21 EDT [CRAWLER] 		
2026-09-12 23:42:21 EDT [CRAWLER] 		
2026-09-12 23:42:21 EDT [CRAWLER] 		
2026-09-12 23:42:21 EDT [CRAWLER] 		
2026-09-12 23:42:21 EDT [CRAWLER] 		
2026-09-12 23:42:21 EDT [CRAWLER] 		
2026-09-12 23:42:21 EDT [CRAWLER] 		
2026-09-12 23:42:21 EDT [CRAWLER] 		
2026-09-12 23:42:21 EDT [CRAWLER] 		
2026-09-12 23:42:21 EDT [CRAWLER] 		
2026-09-12 23:42:21 EDT [CRAWLER] 		
2026-09-12 23:42:21 EDT [CRAWLER] 		
2026-09-12 23:42:21 EDT [CRAWLER] 		
2026-09-12 23:42:21 EDT [CRAWLER] 		
2026-09-12 23:42:21 EDT [CRAWLER] 		
2026-09-12 23:42:21 EDT [CRAWLER] 		
2026-09-12 23:42:21 EDT [CRAWLER] 		
2026-09-12 23:42:21 EDT [CRAWLER] 		
2026-09-12 23:42:21 EDT [CRAWLER] 		
2026-09-12 23:42:21 EDT [CRAWLER] 		
2026-09-12 23:42:21 EDT [CRAWLER] 		
2026-09-12 23:42:21 EDT [CRAWLER] 		
2026-09-12 23:42:21 EDT [CRAWLER] 		
2026-09-12 23:42:21 EDT [CRAWLER] 		
2026-09-12 23:42:21 EDT [CRAWLER] 		
2026-09-12 23:42:21 EDT [CRAWLER] 		
2026-09-12 23:42:21 EDT [CRAWLER] 		
2026-09-12 23:42:21 EDT [CRAWLER] 		
2026-09-12 23:42:21 EDT [CRAWLER] 		
2026-09-12 23:42:21 EDT [CRAWLER] 		
2026-09-12 23:42:21 EDT [CRAWLER] 		
2026-09-12 23:42:21 EDT [CRAWLER] 		
2026-09-12 23:42:21 EDT [CRAWLER] 		
2026-09-12 23:42:21 EDT [CRAWLER] 		ETF League Tables: Inflows of $736M for DimensionalTable below reflects daily flows on September 10, 2026 and asset totals as of that date.</p"Table below reflects daily flows on September 10, 2026 and asset totals as of that date.</p"Table below reflects daily flows on September 10, 2026 and asset totals 
2026-09-12 23:42:21 EDT [CRAWLER] [TICKER MATCH] BCS,BLK,DB,GS,JPM,MS,SCHW,UBS,XYZ
2026-09-12 23:42:21 EDT [CRAWLER] [DISPATCH] Sent BCS,BLK,DB,GS,JPM,MS,SCHW,UBS,XYZ -> AI Server
2026-09-12 23:42:21 EDT [CRAWLER] Extracting
2026-09-12 23:42:21 EDT [AI SERVER] [AI BATCH START] 9 ticker(s) for article (80481 chars): BCS,BLK,DB,GS,JPM,MS,SCHW,UBS,XYZ
2026-09-12 23:42:21 EDT [CRAWLER] [CRAWLER] Visiting: https://www.cnbc.com/2026/09/12/college-costs-top-100000-as-tuition-discounts-strain-schools.html
2026-09-12 23:42:21 EDT [CRAWLER] Status line: HTTP/1.1 200 OK
2026-09-12 23:42:21 EDT [CRAWLER] [DEBUG] URL: https://www.cnbc.com/2026/09/12/ai-manager-coaching-employee-feedback-performanc-review.html
2026-09-12 23:42:21 EDT [CRAWLER] [DEBUG] Article length: 7615
2026-09-12 23:42:21 EDT [CRAWLER] [DEBUG] First 1000 chars:
2026-09-12 23:42:21 EDT [CRAWLER] Few managerial duties are harder than telling an employee their performance is falling short, they won't get the raise they expected or their job is being eliminated. Uncomfortable workplace conversations are unlikely to go away. But new AI coaching tools can help managers deliver hard messages, especially in the preparation phase before these sticky conversations take place. 
2026-09-12 23:42:21 EDT [CRAWLER] To be sure, delivering hard news is an area where many managers need help — especially those early on in their careers. A July survey fielded by The Predictive Index, which offers a text-based chatbot, Obi, that assists with role-playing, coaching and preparing managers for difficult conversations, found that while 74% of CEOs and business leaders say their managers are "very confident" handling tough people conversations on their own, 42% of managers say they know what they want to say but struggle with how to say it. 
2026-09-12 23:42:21 EDT [CRAWLER] What's more, only 20% of managers say they prefer to prepare for a difficult conversation on
2026-09-12 23:42:21 EDT [CRAWLER] [TICKER MATCH] MACRO
2026-09-12 23:42:21 EDT [CRAWLER] [DISPATCH] Sent MACRO -> AI Server
2026-09-12 23:42:21 EDT [CRAWLER] Extracting
2026-09-12 23:42:21 EDT [AI SERVER] [AI BATCH START] 1 ticker(s) for article (7615 chars): MACRO
2026-09-12 23:42:21 EDT [CRAWLER] [CRAWLER DONE] Processed: https://www.cnbc.com/2026/09/12/ai-manager-coaching-employee-feedback-performanc-review.html | Extracted Links: 0 | Dispatched to AI: YES
2026-09-12 23:42:22 EDT [CRAWLER] [CRAWLER] Visiting: https://www.cnbc.com/2026/09/12/stocks-stumble-on-inflation-fears-but-2-names-give-us-reasons-to-stay-bullish.html
2026-09-12 23:42:22 EDT [CRAWLER] Status line: HTTP/1.1 200 OK
2026-09-12 23:42:22 EDT [CRAWLER] [DEBUG] URL: https://www.cnbc.com/2026/09/12/college-costs-top-100000-as-tuition-discounts-strain-schools.html
2026-09-12 23:42:22 EDT [CRAWLER] [DEBUG] Article length: 4349
2026-09-12 23:42:22 EDT [CRAWLER] [DEBUG] First 1000 chars:
2026-09-12 23:42:22 EDT [CRAWLER] Over a dozen U.S. colleges now have a sticker price of more than $100,000 a year, but even with soaring price tags, many high-priced schools are under intense economic strain.
2026-09-12 23:42:22 EDT [CRAWLER] As the cost ticks higher, tuition revenue has actually fallen, research by the State Higher Education Executive Officers Association shows. Increases in financial aid, higher operating costs and enrollment declines have caused "serious financial headwinds," 2024 research by the Federal Reserve Bank of Philadelphia also found. 
2026-09-12 23:42:22 EDT [CRAWLER] "The closures that we are seeing are indicative of this," said David Greene, president of Colby College in Waterville, Maine, which has raised more than $1 billion through an ambitious fundraising campaign to secure its long-term financial stability. 
2026-09-12 23:42:22 EDT [CRAWLER] Already, a number of small colleges have shut down in the past few years, a trend expected to accelerate. 
2026-09-12 23:42:22 EDT [CRAWLER] "This is the ticking time bomb in higher education," Greene said.
2026-09-12 23:42:22 EDT [CRAWLER] One problem for many colleges is that despite the soaring stick
2026-09-12 23:42:22 EDT [CRAWLER] [TICKER MATCH] MACRO
2026-09-12 23:42:22 EDT [CRAWLER] [DISPATCH] Sent MACRO -> AI Server
2026-09-12 23:42:22 EDT [CRAWLER] Extracting
2026-09-12 23:42:22 EDT [AI SERVER] [AI BATCH START] 1 ticker(s) for article (4349 chars): MACRO
2026-09-12 23:42:22 EDT [CRAWLER] [CRAWLER DONE] Processed: https://www.cnbc.com/2026/09/12/college-costs-top-100000-as-tuition-discounts-strain-schools.html | Extracted Links: 0 | Dispatched to AI: YES
2026-09-12 23:42:22 EDT [CRAWLER] Status line: HTTP/1.1 200 OK
2026-09-12 23:42:22 EDT [CRAWLER] [DEBUG] URL: https://www.cnbc.com/2026/09/12/stocks-stumble-on-inflation-fears-but-2-names-give-us-reasons-to-stay-bullish.html
2026-09-12 23:42:22 EDT [CRAWLER] [DEBUG] Article length: 5706
2026-09-12 23:42:22 EDT [CRAWLER] [DEBUG] First 1000 chars:
2026-09-12 23:42:22 EDT [CRAWLER] Stocks stumble on inflation fears, but 2 names give us reasons to stay bullishSkip NavigationMarketsBusinessInvestingTechPolitics & PolicyVideoWatchlistInvesting ClubPROLivestreamMenuFriday's market rally was not enough to flip stocks into the green last week as surging oil prices and bond yields stoked renewed concerns about inflation and the Federal Reserve's next move. The Dow Jones Industrial Average , the S & P 500 , and the Nasdaq all pared their weekly losses in Friday's trading — each with nearly 1% gains at the close — as crude and rates came off the boil. While able to break their four-session losing streaks, the Dow led the declines during the holiday-shortened week, falling 1.6%. The S & P 500 and Nasdaq lost 0.8% and 0.7%, respectively, on the week. Escalating tensions between the U.S. and Iran sent West Texas Intermediate above $100 per barrel on Thursday for the first time in nearly four months . Even with Friday's decline, WTI rose more than 9% last week. The yield 
2026-09-12 23:42:22 EDT [CRAWLER] [TICKER MATCH] AAPL,META
2026-09-12 23:42:22 EDT [CRAWLER] [DISPATCH] Sent AAPL,META -> AI Server
2026-09-12 23:42:22 EDT [CRAWLER] Extracting
2026-09-12 23:42:22 EDT [AI SERVER] [AI BATCH START] 2 ticker(s) for article (5706 chars): AAPL,META
2026-09-12 23:42:22 EDT [CRAWLER] [CRAWLER DONE] Processed: https://www.cnbc.com/2026/09/12/stocks-stumble-on-inflation-fears-but-2-names-give-us-reasons-to-stay-bullish.html | Extracted Links: 0 | Dispatched to AI: YES
2026-09-12 23:42:23 EDT [CRAWLER] [CRAWLER] Visiting: https://www.cnbc.com/2026/09/12/housing-shortage-home-construction-robots.html
2026-09-12 23:42:23 EDT [CRAWLER] Status line: HTTP/1.1 200 OK
2026-09-12 23:42:23 EDT [CRAWLER] [DEBUG] URL: https://www.cnbc.com/2026/09/12/housing-shortage-home-construction-robots.html
2026-09-12 23:42:23 EDT [CRAWLER] [DEBUG] Article length: 9258
2026-09-12 23:42:23 EDT [CRAWLER] [DEBUG] First 1000 chars:
2026-09-12 23:42:23 EDT [CRAWLER] America's housing industry is under pressure to build more homes with a shrinking pool of skilled labor. Robotics and automation offer one potential answer, but the biggest gains so far are not coming from humanoid robots replacing workers on construction sites.
2026-09-12 23:42:23 EDT [CRAWLER] They are coming from narrower applications: machines that prevent mistakes, coordinate trades, and automate repetitive work, along with factories that move more of the construction process into controlled environments, say industry experts.
2026-09-12 23:42:23 EDT [CRAWLER] The United States is short roughly 1.2 million homes, according to the National Association of Home Builders 2026 Housing Outlook. Nearly 300,000 construction jobs remained open at the end of 2025, and NAHB estimates the industry needs to attract roughly 740,000 workers a year to account for growth, retirements, and workers leaving the field.
2026-09-12 23:42:23 EDT [CRAWLER] That labor gap compounds a decades-old productivity problem: Residential construction productivity has increased only about 16% since 1993, compared wi
2026-09-12 23:42:23 EDT [CRAWLER] [TICKER MATCH] SHEL,XYZ
2026-09-12 23:42:23 EDT [CRAWLER] [DISPATCH] Sent SHEL,XYZ -> AI Server
2026-09-12 23:42:23 EDT [CRAWLER] Extracting
2026-09-12 23:42:23 EDT [AI SERVER] [AI BATCH START] 2 ticker(s) for article (9258 chars): SHEL,XYZ
2026-09-12 23:42:23 EDT [CRAWLER] [CRAWLER DONE] Processed: https://www.cnbc.com/2026/09/12/housing-shortage-home-construction-robots.html | Extracted Links: 0 | Dispatched to AI: YES
2026-09-12 23:42:24 EDT [CRAWLER] [CRAWLER] Visiting: https://www.cnbc.com/2026/09/11/larry-ellison-50-million-trading-plan.html
2026-09-12 23:42:25 EDT [CRAWLER] [CRAWLER] Visiting: https://www.cnbc.com/2026/09/12/i-worked-with-gloria-steinem-for-30-years-this-was-her-no-1-antidote-to-fear.html
2026-09-12 23:42:25 EDT [CRAWLER] Status line: HTTP/1.1 200 OK
2026-09-12 23:42:25 EDT [CRAWLER] [DEBUG] URL: https://www.cnbc.com/2026/09/11/larry-ellison-50-million-trading-plan.html
2026-09-12 23:42:25 EDT [CRAWLER] [DEBUG] Article length: 1431
2026-09-12 23:42:25 EDT [CRAWLER] [DEBUG] First 1000 chars:
2026-09-12 23:42:25 EDT [CRAWLER] Oracle founder Larry Ellison has entered into a trading plan that would allow him to sell up to 50 million of his shares in the software company, or $7.5 billion worth of stock at the current price. 
2026-09-12 23:42:25 EDT [CRAWLER] Ellison adopted the plan on June 22, and it's set to end on Oct. 24, according to a regulatory filing published Friday. 
2026-09-12 23:42:25 EDT [CRAWLER] It's an unusual move for Ellison, who has held onto a substantial part of the company that he launched in 1977. He controls over 40% of Oracle, according to FactSet, and would still own 1.1 billion shares if he sells all of the stock in the plan. 
2026-09-12 23:42:25 EDT [CRAWLER] Since the start of this century, Ellison has never sold more than 25,000 Oracle shares at any given time, according to FactSet. A spokesperson didn't immediately respond to a request for comment.
2026-09-12 23:42:25 EDT [CRAWLER] Ellison, 82, has helped turn Oracle from a legacy software maker into a major player in artificial intelligence infrastructure. In its earnings report on Thursday, Oracle exceeded estimates, boosted by 121% year-over-year growth in clo
2026-09-12 23:42:25 EDT [CRAWLER] [TICKER MATCH] ORCL
2026-09-12 23:42:25 EDT [CRAWLER] [DISPATCH] Sent ORCL -> AI Server
2026-09-12 23:42:25 EDT [CRAWLER] Extracting
2026-09-12 23:42:25 EDT [AI SERVER] [AI BATCH START] 1 ticker(s) for article (1431 chars): ORCL
2026-09-12 23:42:25 EDT [CRAWLER] [CRAWLER DONE] Processed: https://www.cnbc.com/2026/09/11/larry-ellison-50-million-trading-plan.html | Extracted Links: 0 | Dispatched to AI: YES
2026-09-12 23:42:26 EDT [CRAWLER] Status line: HTTP/1.1 200 OK
2026-09-12 23:42:26 EDT [CRAWLER] [DEBUG] URL: https://www.cnbc.com/2026/09/12/i-worked-with-gloria-steinem-for-30-years-this-was-her-no-1-antidote-to-fear.html
2026-09-12 23:42:26 EDT [CRAWLER] [DEBUG] Article length: 5589
2026-09-12 23:42:26 EDT [CRAWLER] [DEBUG] First 1000 chars:
2026-09-12 23:42:26 EDT [CRAWLER] "This is what 50 looks like," Gloria Steinem said to raucous cheers from the several hundred people, mostly women, gathered at a luncheon event in Phoenix, now 42 years ago. When societal forces so often work to make women feel invisible as they age, her rallying cry for those with hard-won wisdom to take up space resonated with me.
2026-09-12 23:42:26 EDT [CRAWLER] That was the first time I ever saw the woman who, for many, symbolized American feminism for decades. Gloria Steinem's death earlier this month at the age of 92 has filled social media feeds with outpourings of gratitude and recollections of how she touched so many lives. 
2026-09-12 23:42:26 EDT [CRAWLER] By the time I arrived at that luncheon, she had already unknowingly changed mine. Years before, when I was a young wife and mother of three living in West Texas, I stumbled across Ms. Magazine, one of the many feminist organizations that Steinem helped start. 
2026-09-12 23:42:26 EDT [CRAWLER] Ms. Magazine was instrumental in showing me that I could construct a life of my own, beyond the culturally prescribed roles of w
2026-09-12 23:42:26 EDT [CRAWLER] [TICKER MATCH] MACRO
2026-09-12 23:42:26 EDT [CRAWLER] [DISPATCH] Sent MACRO -> AI Server
2026-09-12 23:42:26 EDT [CRAWLER] Extracting
2026-09-12 23:42:26 EDT [AI SERVER] [AI BATCH START] 1 ticker(s) for article (5589 chars): MACRO
2026-09-12 23:42:26 EDT [CRAWLER] [CRAWLER DONE] Processed: https://www.cnbc.com/2026/09/12/i-worked-with-gloria-steinem-for-30-years-this-was-her-no-1-antidote-to-fear.html | Extracted Links: 0 | Dispatched to AI: YES
2026-09-12 23:42:27 EDT [CRAWLER] [STATE] Saved 249 URLs to history.txt (save #1)
2026-09-12 23:42:27 EDT [CRAWLER] [CRAWLER DONE] Processed: https://finance.yahoo.com/markets/stocks/articles/etf-league-tables-inflows-736m-210004620.html | Extracted Links: 0 | Dispatched to AI: YES
2026-09-12 23:42:27 EDT [CRAWLER] [CRAWLER MILESTONE] Queue fully drained. All 8 workers idle. Visited URLs saved to history.txt (249 URLs).
2026-09-12 23:42:52 EDT [AI SERVER] [RESULT] 2026-09-13 03:42:52.904255019 | KO -> NEUTRAL
2026-09-12 23:42:52 EDT [AI SERVER] [RESULT] 2026-09-13 03:42:52.904255019 | NFLX -> NEUTRAL
2026-09-12 23:42:52 EDT [AI SERVER] [RESULT] 2026-09-13 03:42:52.904255019 | NVDA -> NEUTRAL
2026-09-12 23:42:52 EDT [AI SERVER] [RESULT] 2026-09-13 03:42:52.904255019 | PEP -> NEUTRAL
2026-09-12 23:42:52 EDT [AI SERVER] [AI BATCH COMPLETE] Finished analyzing 4/4 tickers for article (Elapsed: 47935 ms).
2026-09-12 23:42:52 EDT [AI SERVER] [AI STATUS] Summary: 0 BULLISH (Traded), 0 BEARISH, 4 NEUTRAL.
2026-09-12 23:43:20 EDT [AI SERVER] [RESULT] 2026-09-13 03:43:20.587962416 | BTC -> NEUTRAL
2026-09-12 23:43:20 EDT [AI SERVER] [AI BATCH COMPLETE] Finished analyzing 1/1 tickers for article (Elapsed: 74831 ms).
2026-09-12 23:43:20 EDT [AI SERVER] [AI STATUS] Summary: 0 BULLISH (Traded), 0 BEARISH, 1 NEUTRAL.
2026-09-12 23:44:00 EDT [AI SERVER] [RESULT] 2026-09-13 03:44:00.653918553 | GOOGL -> NEUTRAL
2026-09-12 23:44:00 EDT [AI SERVER] [RESULT] 2026-09-13 03:44:00.653918553 | TGT -> NEUTRAL
2026-09-12 23:44:00 EDT [AI SERVER] [RESULT] 2026-09-13 03:44:00.653918553 | STLA -> BEARISH
2026-09-12 23:44:00 EDT [AI SERVER] [AI BATCH COMPLETE] Finished analyzing 3/2 tickers for article (Elapsed: 113559 ms).
2026-09-12 23:44:00 EDT [AI SERVER] [AI STATUS] Summary: 0 BULLISH (Traded), 1 BEARISH, 2 NEUTRAL.
2026-09-12 23:44:31 EDT [AI SERVER] [RESULT] 2026-09-13 03:44:31.484690877 | ARW -> BEARISH
2026-09-12 23:44:31 EDT [AI SERVER] [RESULT] 2026-09-13 03:44:31.484690877 | CDW -> NEUTRAL
2026-09-12 23:44:31 EDT [AI SERVER] [RESULT] 2026-09-13 03:44:31.484690877 | SNX -> NEUTRAL
2026-09-12 23:44:31 EDT [AI SERVER] [RESULT] 2026-09-13 03:44:31.484690877 | AVT -> NEUTRAL
2026-09-12 23:44:31 EDT [AI SERVER] [RESULT] 2026-09-13 03:44:31.484690877 | MACRO -> NEUTRAL
2026-09-12 23:44:31 EDT [AI SERVER] [AI BATCH COMPLETE] Finished analyzing 5/1 tickers for article (Elapsed: 143360 ms).
2026-09-12 23:44:31 EDT [AI SERVER] [AI STATUS] Summary: 0 BULLISH (Traded), 1 BEARISH, 4 NEUTRAL.
2026-09-12 23:45:00 EDT [AI SERVER] [RESULT] 2026-09-13 03:45:00.151389670 | GME -> BEARISH
2026-09-12 23:45:00 EDT [AI SERVER] [RESULT] 2026-09-13 03:45:00.151389670 | GS -> NEUTRAL
2026-09-12 23:45:00 EDT [AI SERVER] [RESULT] 2026-09-13 03:45:00.151389670 | TGT -> NEUTRAL
2026-09-12 23:45:00 EDT [AI SERVER] [AI BATCH COMPLETE] Finished analyzing 3/3 tickers for article (Elapsed: 170918 ms).
2026-09-12 23:45:00 EDT [AI SERVER] [AI STATUS] Summary: 0 BULLISH (Traded), 1 BEARISH, 2 NEUTRAL.
2026-09-12 23:45:29 EDT [AI SERVER] [RESULT] 2026-09-13 03:45:29.764395967 | ORCL -> BEARISH
2026-09-12 23:45:29 EDT [AI SERVER] [AI BATCH COMPLETE] Finished analyzing 1/1 tickers for article (Elapsed: 199735 ms).
2026-09-12 23:45:29 EDT [AI SERVER] [AI STATUS] Summary: 0 BULLISH (Traded), 1 BEARISH, 0 NEUTRAL.
2026-09-12 23:46:04 EDT [AI SERVER] [RESULT] 2026-09-13 03:46:04.911230212 | AVGO -> BEARISH
2026-09-12 23:46:04 EDT [AI SERVER] [RESULT] 2026-09-13 03:46:04.911230212 | GOOGL -> NEUTRAL
2026-09-12 23:46:04 EDT [AI SERVER] [AI BATCH COMPLETE] Finished analyzing 2/2 tickers for article (Elapsed: 233969 ms).
2026-09-12 23:46:04 EDT [AI SERVER] [AI STATUS] Summary: 0 BULLISH (Traded), 1 BEARISH, 1 NEUTRAL.
2026-09-12 23:47:06 EDT [AI SERVER] [RESULT] 2026-09-13 03:47:06.288988664 | AAPL -> NEUTRAL
2026-09-12 23:47:06 EDT [AI SERVER] [RESULT] 2026-09-13 03:47:06.288988664 | ADBE -> NEUTRAL
2026-09-12 23:47:06 EDT [AI SERVER] [RESULT] 2026-09-13 03:47:06.288988664 | ADI -> NEUTRAL
2026-09-12 23:47:06 EDT [AI SERVER] [RESULT] 2026-09-13 03:47:06.288988664 | AMZN -> NEUTRAL
2026-09-12 23:47:06 EDT [AI SERVER] [RESULT] 2026-09-13 03:47:06.288988664 | ARM -> NEUTRAL
2026-09-12 23:47:06 EDT [AI SERVER] [RESULT] 2026-09-13 03:47:06.288988664 | BTC -> NEUTRAL
2026-09-12 23:47:06 EDT [AI SERVER] [RESULT] 2026-09-13 03:47:06.288988664 | COIN -> NEUTRAL
2026-09-12 23:47:06 EDT [AI SERVER] [RESULT] 2026-09-13 03:47:06.288988664 | DOWI -> NEUTRAL
2026-09-12 23:47:06 EDT [AI SERVER] [RESULT] 2026-09-13 03:47:06.288988664 | ETH -> NEUTRAL
2026-09-12 23:47:06 EDT [AI SERVER] [RESULT] 2026-09-13 03:47:06.288988664 | GME -> BULLISH
2026-09-12 23:47:06 EDT [AI SERVER] [RESULT] 2026-09-13 03:47:06.288988664 | GOOGL -> NEUTRAL
2026-09-12 23:47:06 EDT [AI SERVER] [RESULT] 2026-09-13 03:47:06.288988664 | IUXX -> NEUTRAL
2026-09-12 23:47:06 EDT [AI SERVER] [RESULT] 2026-09-13 03:47:06.288988664 | MSFT -> NEUTRAL
2026-09-12 23:47:06 EDT [AI SERVER] [RESULT] 2026-09-13 03:47:06.288988664 | NVDA -> NEUTRAL
2026-09-12 23:47:06 EDT [AI SERVER] [RESULT] 2026-09-13 03:47:06.288988664 | ORCL -> NEUTRAL
2026-09-12 23:47:06 EDT [AI SERVER] [RESULT] 2026-09-13 03:47:06.288988664 | SPX -> NEUTRAL
2026-09-12 23:47:06 EDT [AI SERVER] [RESULT] 2026-09-13 03:47:06.288988664 | TGT -> NEUTRAL
2026-09-12 23:47:07 EDT [BROKER TRADE] [AI BROKER] 2026-09-13 03:47:06.288988664 | GME | SKIP | stale quote (2026-09-11T19:59:00Z)
2026-09-12 23:47:07 EDT [AI SERVER] [AI BATCH COMPLETE] Finished analyzing 17/17 tickers for article (Elapsed: 295840 ms).
2026-09-12 23:47:07 EDT [AI SERVER] [AI STATUS] Summary: 0 BULLISH (Traded), 0 BEARISH, 16 NEUTRAL.
2026-09-12 23:47:37 EDT [AI SERVER] [RESULT] 2026-09-13 03:47:37.413232446 | LULU -> BEARISH
2026-09-12 23:47:37 EDT [AI SERVER] [RESULT] 2026-09-13 03:47:37.413232446 | GOOGL -> NEUTRAL
2026-09-12 23:47:37 EDT [AI SERVER] [AI BATCH COMPLETE] Finished analyzing 2/2 tickers for article (Elapsed: 325125 ms).
2026-09-12 23:47:37 EDT [AI SERVER] [AI STATUS] Summary: 0 BULLISH (Traded), 1 BEARISH, 1 NEUTRAL.
2026-09-12 23:48:30 EDT [AI SERVER] [RESULT] 2026-09-13 03:48:30.068034614 | AAPL -> NEUTRAL
2026-09-12 23:48:30 EDT [AI SERVER] [RESULT] 2026-09-13 03:48:30.068034614 | ADBE -> NEUTRAL
2026-09-12 23:48:30 EDT [AI SERVER] [RESULT] 2026-09-13 03:48:30.068034614 | AMZN -> NEUTRAL
2026-09-12 23:48:30 EDT [AI SERVER] [RESULT] 2026-09-13 03:48:30.068034614 | COIN -> BEARISH
2026-09-12 23:48:30 EDT [AI SERVER] [RESULT] 2026-09-13 03:48:30.068034614 | GOOGL -> NEUTRAL
2026-09-12 23:48:30 EDT [AI SERVER] [RESULT] 2026-09-13 03:48:30.068034614 | GS -> NEUTRAL
2026-09-12 23:48:30 EDT [AI SERVER] [RESULT] 2026-09-13 03:48:30.068034614 | MSFT -> NEUTRAL
2026-09-12 23:48:30 EDT [AI SERVER] [RESULT] 2026-09-13 03:48:30.068034614 | NVDA -> NEUTRAL
2026-09-12 23:48:30 EDT [AI SERVER] [RESULT] 2026-09-13 03:48:30.068034614 | ORCL -> NEUTRAL
2026-09-12 23:48:30 EDT [AI SERVER] [RESULT] 2026-09-13 03:48:30.068034614 | TGT -> NEUTRAL
2026-09-12 23:48:30 EDT [AI SERVER] [RESULT] 2026-09-13 03:48:30.068034614 | TSLA -> BEARISH
2026-09-12 23:48:30 EDT [AI SERVER] [RESULT] 2026-09-13 03:48:30.068034614 | WFC -> BEARISH
2026-09-12 23:48:30 EDT [AI SERVER] [AI BATCH COMPLETE] Finished analyzing 12/12 tickers for article (Elapsed: 376860 ms).
2026-09-12 23:48:30 EDT [AI SERVER] [AI STATUS] Summary: 0 BULLISH (Traded), 3 BEARISH, 9 NEUTRAL.
2026-09-12 23:49:02 EDT [AI SERVER] [RESULT] 2026-09-13 03:49:02.873237202 | MACRO -> NEUTRAL
2026-09-12 23:49:02 EDT [AI SERVER] [AI BATCH COMPLETE] Finished analyzing 1/1 tickers for article (Elapsed: 408598 ms).
2026-09-12 23:49:02 EDT [AI SERVER] [AI STATUS] Summary: 0 BULLISH (Traded), 0 BEARISH, 1 NEUTRAL.
2026-09-12 23:49:33 EDT [AI SERVER] [RESULT] 2026-09-13 03:49:33.281705554 | HIVE -> BULLISH
2026-09-12 23:49:33 EDT [AI SERVER] [RESULT] 2026-09-13 03:49:33.281705554 | BTC -> NEUTRAL
2026-09-12 23:49:33 EDT [AI SERVER] [RESULT] 2026-09-13 03:49:33.281705554 | COIN -> NEUTRAL
2026-09-12 23:49:33 EDT [AI SERVER] [RESULT] 2026-09-13 03:49:33.281705554 | NVDA -> NEUTRAL
2026-09-12 23:49:33 EDT [AI SERVER] [RESULT] 2026-09-13 03:49:33.281705554 | TGT -> NEUTRAL
2026-09-12 23:49:33 EDT [AI SERVER] [RESULT] 2026-09-13 03:49:33.281705554 | ADBE -> NEUTRAL
2026-09-12 23:49:34 EDT [BROKER TRADE] [AI BROKER] 2026-09-13 03:49:33.281705554 | HIVE | SKIP | stale quote (2026-09-11T19:59:00Z)
2026-09-12 23:49:34 EDT [AI SERVER] [AI BATCH COMPLETE] Finished analyzing 6/5 tickers for article (Elapsed: 439428 ms).
2026-09-12 23:49:34 EDT [AI SERVER] [AI STATUS] Summary: 0 BULLISH (Traded), 0 BEARISH, 5 NEUTRAL.
2026-09-12 23:49:47 EDT [AI SERVER] [RESULT] 2026-09-13 03:49:47.593743922 | ORCL -> BULLISH
2026-09-12 23:49:47 EDT [AI SERVER] [RESULT] 2026-09-13 03:49:47.593743922 | WBD -> NEUTRAL
2026-09-12 23:49:48 EDT [BROKER TRADE] [AI BROKER] 2026-09-13 03:49:47.593743922 | ORCL | SKIP | stale quote (2026-09-11T20:25:00Z)
2026-09-12 23:49:48 EDT [AI SERVER] [AI BATCH COMPLETE] Finished analyzing 2/2 tickers for article (Elapsed: 453445 ms).
2026-09-12 23:49:48 EDT [AI SERVER] [AI STATUS] Summary: 0 BULLISH (Traded), 0 BEARISH, 1 NEUTRAL.
2026-09-12 23:50:17 EDT [AI SERVER] [RESULT] 2026-09-13 03:50:17.967977150 | DAC -> BULLISH
2026-09-12 23:50:17 EDT [AI SERVER] [RESULT] 2026-09-13 03:50:17.967977150 | GME -> BULLISH
2026-09-12 23:50:17 EDT [AI SERVER] [RESULT] 2026-09-13 03:50:17.967977150 | TGT -> NEUTRAL
2026-09-12 23:50:19 EDT [BROKER TRADE] [AI BROKER] 2026-09-13 03:50:17.967977150 | DAC | SKIP | stale quote (2026-09-11T19:58:00Z)
2026-09-12 23:50:20 EDT [BROKER TRADE] [AI BROKER] 2026-09-13 03:50:17.967977150 | GME | SKIP | stale quote (2026-09-11T19:59:00Z)
2026-09-12 23:50:20 EDT [AI SERVER] [AI BATCH COMPLETE] Finished analyzing 3/2 tickers for article (Elapsed: 484451 ms).
2026-09-12 23:50:20 EDT [AI SERVER] [AI STATUS] Summary: 0 BULLISH (Traded), 0 BEARISH, 1 NEUTRAL.
2026-09-12 23:50:39 EDT [ORCHESTRATOR] Beginning graceful session shutdown
2026-09-12 23:50:39 EDT [ORCHESTRATOR] Sending SIGTERM to crawler (pid=1602411)
2026-09-12 23:50:39 EDT [CRAWLER] [SYSTEM] Interrupt received. Shutting down...
2026-09-12 23:50:39 EDT [CRAWLER] [SYSTEM] Shutdown requested. Draining 0 queued URL(s)...
2026-09-12 23:50:39 EDT [CRAWLER] [STATE] Saved 249 URLs to history.txt (save #2)
2026-09-12 23:50:39 EDT [CRAWLER] [SYSTEM] Crawler stopped. 249 URLs persisted to history.txt
2026-09-12 23:50:39 EDT [CRAWLER] [SYSTEM] Exited cleanly.
2026-09-12 23:50:39 EDT [ORCHESTRATOR] crawler exited with code 0
2026-09-12 23:50:39 EDT [ORCHESTRATOR] Sending SIGTERM to AI server (pid=1602408)
2026-09-12 23:50:39 EDT [ORCHESTRATOR] AI server exited with code -15
2026-09-12 23:50:39 EDT [ORCHESTRATOR] ================= SESSION SUMMARY =================
2026-09-12 23:50:39 EDT [ORCHESTRATOR] Articles scraped : 31
2026-09-12 23:50:39 EDT [ORCHESTRATOR] AI batches       : 31
2026-09-12 23:50:39 EDT [ORCHESTRATOR] Signals generated: 63
2026-09-12 23:50:39 EDT [ORCHESTRATOR] Trades placed    : 0
2026-09-12 23:50:39 EDT [ORCHESTRATOR] Trading mode     : ALPACA PAPER
2026-09-12 23:50:39 EDT [ORCHESTRATOR] Final equity     : $100,000.00
2026-09-12 23:50:39 EDT [ORCHESTRATOR] history.txt      : 27,637 bytes
2026-09-12 23:50:39 EDT [ORCHESTRATOR] =====================================================
2026-09-12 23:50:39 EDT [ORCHESTRATOR] Session complete (exit=0)
