2026-09-10 06:31:55 EDT [ORCHESTRATOR] =====================================================
2026-09-10 06:31:55 EDT [ORCHESTRATOR] ANA overnight runner starting
2026-09-10 06:31:55 EDT [ORCHESTRATOR] Repository root: /home/harr-harr/Projects/ana_1
2026-09-10 06:31:55 EDT [ORCHESTRATOR] Log file: /home/harr-harr/Projects/ana_1/logs/session_2026-09-10.log
2026-09-10 06:31:55 EDT [ORCHESTRATOR] Mode: ALPACA PAPER
2026-09-10 06:31:55 EDT [ORCHESTRATOR] Ollama is already listening on 127.0.0.1:11434
2026-09-10 06:31:55 EDT [ORCHESTRATOR] Ollama model 'llama3.1' is installed
2026-09-10 06:31:55 EDT [ORCHESTRATOR] C++ binary missing; configuring CMake
2026-09-10 06:31:55 EDT [ORCHESTRATOR] -- Configuring done (0.0s)
2026-09-10 06:31:55 EDT [ORCHESTRATOR] -- Generating done (0.0s)
2026-09-10 06:31:55 EDT [ORCHESTRATOR] -- Build files have been written to: /home/harr-harr/Projects/ana_1/build
2026-09-10 06:31:55 EDT [ORCHESTRATOR] Building C++ pipeline with 24 jobs
2026-09-10 06:31:58 EDT [ORCHESTRATOR] [ 16%] Building CXX object CMakeFiles/brokercli.dir/src/trading/broker_cli.cpp.o
2026-09-10 06:31:58 EDT [ORCHESTRATOR] [ 16%] Building CXX object CMakeFiles/aiserv.dir/src/trading/broker_api.cpp.o
2026-09-10 06:31:58 EDT [ORCHESTRATOR] [ 16%] Building CXX object CMakeFiles/aiserv.dir/src/ai_engine/ai_server.cpp.o
2026-09-10 06:31:58 EDT [ORCHESTRATOR] [ 16%] Building CXX object CMakeFiles/brokercli.dir/src/trading/broker_api.cpp.o
2026-09-10 06:31:58 EDT [ORCHESTRATOR] [ 20%] Building CXX object CMakeFiles/main_client.dir/src/crawler/engine.cpp.o
2026-09-10 06:31:58 EDT [ORCHESTRATOR] [ 24%] Building CXX object CMakeFiles/main_client.dir/src/crawler/state_manager.cpp.o
2026-09-10 06:31:58 EDT [ORCHESTRATOR] [ 28%] Building CXX object CMakeFiles/main_client.dir/src/test_main.cpp.o
2026-09-10 06:31:58 EDT [ORCHESTRATOR] [ 32%] Linking CXX executable brokercli
2026-09-10 06:31:58 EDT [ORCHESTRATOR] [ 44%] Built target brokercli
2026-09-10 06:31:58 EDT [ORCHESTRATOR] [ 48%] Linking CXX executable aiserv
2026-09-10 06:31:58 EDT [ORCHESTRATOR] [ 60%] Built target aiserv
2026-09-10 06:31:58 EDT [ORCHESTRATOR] [ 64%] Linking CXX executable main_client
2026-09-10 06:31:58 EDT [ORCHESTRATOR] [100%] Built target main_client
2026-09-10 06:31:58 EDT [ORCHESTRATOR] FATAL: CMake completed, but expected executables are still missing. AI candidates: /home/harr-harr/Projects/ana_1/build/ai_server, /home/harr-harr/Projects/ana_1/ai_server; crawler candidates: /home/harr-harr/Projects/ana_1/build/test_client, /home/harr-harr/Projects/ana_1/build/ana_crawler, /home/harr-harr/Projects/ana_1/test_client, /home/harr-harr/Projects/ana_1/ana_crawler
2026-09-10 06:31:58 EDT [ORCHESTRATOR] Beginning graceful session shutdown
2026-09-10 06:31:59 EDT [ORCHESTRATOR] ================= SESSION SUMMARY =================
2026-09-10 06:31:59 EDT [ORCHESTRATOR] Articles scraped : 0
2026-09-10 06:31:59 EDT [ORCHESTRATOR] AI batches       : 0
2026-09-10 06:31:59 EDT [ORCHESTRATOR] Signals generated: 0
2026-09-10 06:31:59 EDT [ORCHESTRATOR] Trades placed    : 0
2026-09-10 06:31:59 EDT [ORCHESTRATOR] Trading mode     : ALPACA PAPER
2026-09-10 06:31:59 EDT [ORCHESTRATOR] Final equity     : $100,000.00
2026-09-10 06:31:59 EDT [ORCHESTRATOR] history.txt      : 0 bytes
2026-09-10 06:31:59 EDT [ORCHESTRATOR] =====================================================
2026-09-10 06:31:59 EDT [ORCHESTRATOR] Session complete (exit=1)
2026-09-10 06:32:32 EDT [ORCHESTRATOR] =====================================================
2026-09-10 06:32:32 EDT [ORCHESTRATOR] ANA overnight runner starting
2026-09-10 06:32:32 EDT [ORCHESTRATOR] Repository root: /home/harr-harr/Projects/ana_1
2026-09-10 06:32:32 EDT [ORCHESTRATOR] Log file: /home/harr-harr/Projects/ana_1/logs/session_2026-09-10.log
2026-09-10 06:32:32 EDT [ORCHESTRATOR] Mode: ALPACA PAPER
2026-09-10 06:32:32 EDT [ORCHESTRATOR] FATAL: Missing required environment variable(s): APCA_API_KEY_ID, APCA_API_SECRET_KEY. Export your Alpaca PAPER credentials before starting.
2026-09-10 06:32:32 EDT [ORCHESTRATOR] Beginning graceful session shutdown
2026-09-10 06:32:32 EDT [ORCHESTRATOR] Could not read final Alpaca equity: Alpaca credentials are not available
2026-09-10 06:32:32 EDT [ORCHESTRATOR] ================= SESSION SUMMARY =================
2026-09-10 06:32:32 EDT [ORCHESTRATOR] Articles scraped : 0
2026-09-10 06:32:32 EDT [ORCHESTRATOR] AI batches       : 0
2026-09-10 06:32:32 EDT [ORCHESTRATOR] Signals generated: 0
2026-09-10 06:32:32 EDT [ORCHESTRATOR] Trades placed    : 0
2026-09-10 06:32:32 EDT [ORCHESTRATOR] Trading mode     : ALPACA PAPER
2026-09-10 06:32:32 EDT [ORCHESTRATOR] Final equity     : unavailable
2026-09-10 06:32:32 EDT [ORCHESTRATOR] history.txt      : 0 bytes
2026-09-10 06:32:32 EDT [ORCHESTRATOR] =====================================================
2026-09-10 06:32:32 EDT [ORCHESTRATOR] Session complete (exit=1)
2026-09-10 06:36:05 EDT [ORCHESTRATOR] =====================================================
2026-09-10 06:36:05 EDT [ORCHESTRATOR] ANA overnight runner starting
2026-09-10 06:36:05 EDT [ORCHESTRATOR] Repository root: /home/harr-harr/Projects/ana_1
2026-09-10 06:36:05 EDT [ORCHESTRATOR] Log file: /home/harr-harr/Projects/ana_1/logs/session_2026-09-10.log
2026-09-10 06:36:05 EDT [ORCHESTRATOR] Mode: ALPACA PAPER
2026-09-10 06:36:05 EDT [ORCHESTRATOR] Ollama is already listening on 127.0.0.1:11434
2026-09-10 06:36:05 EDT [ORCHESTRATOR] Ollama model 'llama3.1' is installed
2026-09-10 06:36:05 EDT [ORCHESTRATOR] C++ binary missing; configuring CMake
2026-09-10 06:36:05 EDT [ORCHESTRATOR] -- Configuring done (0.0s)
2026-09-10 06:36:05 EDT [ORCHESTRATOR] -- Generating done (0.0s)
2026-09-10 06:36:05 EDT [ORCHESTRATOR] -- Build files have been written to: /home/harr-harr/Projects/ana_1/build
2026-09-10 06:36:05 EDT [ORCHESTRATOR] Building C++ pipeline with 24 jobs
2026-09-10 06:36:05 EDT [ORCHESTRATOR] [ 48%] Built target aiserv
2026-09-10 06:36:05 EDT [ORCHESTRATOR] [ 48%] Built target brokercli
2026-09-10 06:36:05 EDT [ORCHESTRATOR] [100%] Built target main_client
2026-09-10 06:36:05 EDT [ORCHESTRATOR] FATAL: CMake completed, but expected executables are still missing. AI candidates: /home/harr-harr/Projects/ana_1/build/ai_server, /home/harr-harr/Projects/ana_1/ai_server; crawler candidates: /home/harr-harr/Projects/ana_1/build/test_client, /home/harr-harr/Projects/ana_1/build/ana_crawler, /home/harr-harr/Projects/ana_1/test_client, /home/harr-harr/Projects/ana_1/ana_crawler
2026-09-10 06:36:05 EDT [ORCHESTRATOR] Beginning graceful session shutdown
2026-09-10 06:36:06 EDT [ORCHESTRATOR] ================= SESSION SUMMARY =================
2026-09-10 06:36:06 EDT [ORCHESTRATOR] Articles scraped : 0
2026-09-10 06:36:06 EDT [ORCHESTRATOR] AI batches       : 0
2026-09-10 06:36:06 EDT [ORCHESTRATOR] Signals generated: 0
2026-09-10 06:36:06 EDT [ORCHESTRATOR] Trades placed    : 0
2026-09-10 06:36:06 EDT [ORCHESTRATOR] Trading mode     : ALPACA PAPER
2026-09-10 06:36:06 EDT [ORCHESTRATOR] Final equity     : $100,000.00
2026-09-10 06:36:06 EDT [ORCHESTRATOR] history.txt      : 0 bytes
2026-09-10 06:36:06 EDT [ORCHESTRATOR] =====================================================
2026-09-10 06:36:06 EDT [ORCHESTRATOR] Session complete (exit=1)
2026-09-10 06:39:45 EDT [ORCHESTRATOR] =====================================================
2026-09-10 06:39:45 EDT [ORCHESTRATOR] ANA overnight runner starting
2026-09-10 06:39:45 EDT [ORCHESTRATOR] Repository root: /home/harr-harr/Projects/ana_1
2026-09-10 06:39:45 EDT [ORCHESTRATOR] Log file: /home/harr-harr/Projects/ana_1/logs/session_2026-09-10.log
2026-09-10 06:39:45 EDT [ORCHESTRATOR] Mode: ALPACA PAPER
2026-09-10 06:39:45 EDT [ORCHESTRATOR] Ollama is already listening on 127.0.0.1:11434
2026-09-10 06:39:45 EDT [ORCHESTRATOR] Ollama model 'llama3.1' is installed
2026-09-10 06:39:45 EDT [ORCHESTRATOR] C++ binaries ready: AI=build/aiserv, CRAWLER=build/main_client
2026-09-10 06:39:46 EDT [ORCHESTRATOR] Alpaca clock: is_open=False, next_open=9:30 AM EDT, next_close=4:00 PM EDT
2026-09-10 06:39:59 EDT [ORCHESTRATOR] [WAIT] Sleeping until pre-market warmup at 9:20 AM EDT (2 hours, 40 minutes remaining)...
2026-09-10 06:40:29 EDT [ORCHESTRATOR] [WAIT] Sleeping until pre-market warmup at 9:20 AM EDT (2 hours, 39 minutes remaining)...
2026-09-10 06:40:59 EDT [ORCHESTRATOR] [WAIT] Sleeping until pre-market warmup at 9:20 AM EDT (2 hours, 39 minutes remaining)...
2026-09-10 06:41:29 EDT [ORCHESTRATOR] [WAIT] Sleeping until pre-market warmup at 9:20 AM EDT (2 hours, 38 minutes remaining)...
2026-09-10 06:41:59 EDT [ORCHESTRATOR] [WAIT] Sleeping until pre-market warmup at 9:20 AM EDT (2 hours, 38 minutes remaining)...
2026-09-10 06:42:29 EDT [ORCHESTRATOR] [WAIT] Sleeping until pre-market warmup at 9:20 AM EDT (2 hours, 37 minutes remaining)...
2026-09-10 06:42:59 EDT [ORCHESTRATOR] [WAIT] Sleeping until pre-market warmup at 9:20 AM EDT (2 hours, 37 minutes remaining)...
2026-09-10 06:43:29 EDT [ORCHESTRATOR] [WAIT] Sleeping until pre-market warmup at 9:20 AM EDT (2 hours, 36 minutes remaining)...
2026-09-10 06:43:59 EDT [ORCHESTRATOR] [WAIT] Sleeping until pre-market warmup at 9:20 AM EDT (2 hours, 36 minutes remaining)...
2026-09-10 06:44:29 EDT [ORCHESTRATOR] [WAIT] Sleeping until pre-market warmup at 9:20 AM EDT (2 hours, 35 minutes remaining)...
2026-09-10 06:44:55 EDT [ORCHESTRATOR] =====================================================
2026-09-10 06:44:55 EDT [ORCHESTRATOR] ANA overnight runner starting
2026-09-10 06:44:55 EDT [ORCHESTRATOR] Repository root: /home/harr-harr/Projects/ana_1
2026-09-10 06:44:55 EDT [ORCHESTRATOR] Log file: /home/harr-harr/Projects/ana_1/logs/session_2026-09-10.log
2026-09-10 06:44:55 EDT [ORCHESTRATOR] Mode: DRY-RUN
2026-09-10 06:44:55 EDT [ORCHESTRATOR] FATAL: Missing required environment variable(s): APCA_API_KEY_ID, APCA_API_SECRET_KEY. Export your Alpaca PAPER credentials before starting.
2026-09-10 06:44:55 EDT [ORCHESTRATOR] Beginning graceful session shutdown
2026-09-10 06:44:55 EDT [ORCHESTRATOR] Could not read final Alpaca equity: Alpaca credentials are not available
2026-09-10 06:44:55 EDT [ORCHESTRATOR] ================= SESSION SUMMARY =================
2026-09-10 06:44:55 EDT [ORCHESTRATOR] Articles scraped : 0
2026-09-10 06:44:55 EDT [ORCHESTRATOR] AI batches       : 0
2026-09-10 06:44:55 EDT [ORCHESTRATOR] Signals generated: 0
2026-09-10 06:44:55 EDT [ORCHESTRATOR] Trades placed    : 0
2026-09-10 06:44:55 EDT [ORCHESTRATOR] Trading mode     : DRY-RUN (no orders sent)
2026-09-10 06:44:55 EDT [ORCHESTRATOR] Final equity     : unavailable
2026-09-10 06:44:55 EDT [ORCHESTRATOR] history.txt      : 0 bytes
2026-09-10 06:44:55 EDT [ORCHESTRATOR] =====================================================
2026-09-10 06:44:55 EDT [ORCHESTRATOR] Session complete (exit=1)
2026-09-10 06:44:59 EDT [ORCHESTRATOR] [WAIT] Sleeping until pre-market warmup at 9:20 AM EDT (2 hours, 35 minutes remaining)...
2026-09-10 06:45:29 EDT [ORCHESTRATOR] [WAIT] Sleeping until pre-market warmup at 9:20 AM EDT (2 hours, 34 minutes remaining)...
2026-09-10 06:45:51 EDT [ORCHESTRATOR] =====================================================
2026-09-10 06:45:51 EDT [ORCHESTRATOR] ANA overnight runner starting
2026-09-10 06:45:51 EDT [ORCHESTRATOR] Repository root: /home/harr-harr/Projects/ana_1
2026-09-10 06:45:51 EDT [ORCHESTRATOR] Log file: /home/harr-harr/Projects/ana_1/logs/session_2026-09-10.log
2026-09-10 06:45:51 EDT [ORCHESTRATOR] Mode: DRY-RUN
2026-09-10 06:45:51 EDT [ORCHESTRATOR] Ollama is already listening on 127.0.0.1:11434
2026-09-10 06:45:51 EDT [ORCHESTRATOR] Ollama model 'llama3.1' is installed
2026-09-10 06:45:51 EDT [ORCHESTRATOR] C++ binaries ready: AI=build/aiserv, CRAWLER=build/main_client
2026-09-10 06:45:52 EDT [ORCHESTRATOR] Alpaca clock: is_open=False, next_open=9:30 AM EDT, next_close=4:00 PM EDT
2026-09-10 06:45:59 EDT [ORCHESTRATOR] [WAIT] Sleeping until pre-market warmup at 9:20 AM EDT (2 hours, 34 minutes remaining)...
2026-09-10 06:45:59 EDT [ORCHESTRATOR] [WAIT] Sleeping until pre-market warmup at 9:20 AM EDT (2 hours, 34 minutes remaining)...
2026-09-10 06:46:06 EDT [ORCHESTRATOR] Beginning graceful session shutdown
2026-09-10 06:46:07 EDT [ORCHESTRATOR] ================= SESSION SUMMARY =================
2026-09-10 06:46:07 EDT [ORCHESTRATOR] Articles scraped : 0
2026-09-10 06:46:07 EDT [ORCHESTRATOR] AI batches       : 0
2026-09-10 06:46:07 EDT [ORCHESTRATOR] Signals generated: 0
2026-09-10 06:46:07 EDT [ORCHESTRATOR] Trades placed    : 0
2026-09-10 06:46:07 EDT [ORCHESTRATOR] Trading mode     : DRY-RUN (no orders sent)
2026-09-10 06:46:07 EDT [ORCHESTRATOR] Final equity     : $100,000.00
2026-09-10 06:46:07 EDT [ORCHESTRATOR] history.txt      : 0 bytes
2026-09-10 06:46:07 EDT [ORCHESTRATOR] =====================================================
2026-09-10 06:46:11 EDT [ORCHESTRATOR] =====================================================
2026-09-10 06:46:11 EDT [ORCHESTRATOR] ANA overnight runner starting
2026-09-10 06:46:11 EDT [ORCHESTRATOR] Repository root: /home/harr-harr/Projects/ana_1
2026-09-10 06:46:11 EDT [ORCHESTRATOR] Log file: /home/harr-harr/Projects/ana_1/logs/session_2026-09-10.log
2026-09-10 06:46:11 EDT [ORCHESTRATOR] Mode: ALPACA PAPER
2026-09-10 06:46:11 EDT [ORCHESTRATOR] Ollama is already listening on 127.0.0.1:11434
2026-09-10 06:46:11 EDT [ORCHESTRATOR] Ollama model 'llama3.1' is installed
2026-09-10 06:46:11 EDT [ORCHESTRATOR] C++ binaries ready: AI=build/aiserv, CRAWLER=build/main_client
2026-09-10 06:46:12 EDT [ORCHESTRATOR] Alpaca clock: is_open=False, next_open=9:30 AM EDT, next_close=4:00 PM EDT
2026-09-10 06:46:12 EDT [ORCHESTRATOR] Beginning graceful session shutdown
2026-09-10 06:46:13 EDT [ORCHESTRATOR] ================= SESSION SUMMARY =================
2026-09-10 06:46:13 EDT [ORCHESTRATOR] Articles scraped : 0
2026-09-10 06:46:13 EDT [ORCHESTRATOR] AI batches       : 0
2026-09-10 06:46:13 EDT [ORCHESTRATOR] Signals generated: 0
2026-09-10 06:46:13 EDT [ORCHESTRATOR] Trades placed    : 0
2026-09-10 06:46:13 EDT [ORCHESTRATOR] Trading mode     : ALPACA PAPER
2026-09-10 06:46:13 EDT [ORCHESTRATOR] Final equity     : $100,000.00
2026-09-10 06:46:13 EDT [ORCHESTRATOR] history.txt      : 0 bytes
2026-09-10 06:46:13 EDT [ORCHESTRATOR] =====================================================
2026-09-10 06:46:29 EDT [ORCHESTRATOR] [WAIT] Sleeping until pre-market warmup at 9:20 AM EDT (2 hours, 33 minutes remaining)...
2026-09-10 06:46:59 EDT [ORCHESTRATOR] [WAIT] Sleeping until pre-market warmup at 9:20 AM EDT (2 hours, 33 minutes remaining)...
2026-09-10 06:47:29 EDT [ORCHESTRATOR] [WAIT] Sleeping until pre-market warmup at 9:20 AM EDT (2 hours, 32 minutes remaining)...
2026-09-10 06:47:59 EDT [ORCHESTRATOR] [WAIT] Sleeping until pre-market warmup at 9:20 AM EDT (2 hours, 32 minutes remaining)...
2026-09-10 06:48:29 EDT [ORCHESTRATOR] [WAIT] Sleeping until pre-market warmup at 9:20 AM EDT (2 hours, 31 minutes remaining)...
2026-09-10 06:48:59 EDT [ORCHESTRATOR] [WAIT] Sleeping until pre-market warmup at 9:20 AM EDT (2 hours, 31 minutes remaining)...
2026-09-10 06:49:29 EDT [ORCHESTRATOR] [WAIT] Sleeping until pre-market warmup at 9:20 AM EDT (2 hours, 30 minutes remaining)...
2026-09-10 06:49:33 EDT [ORCHESTRATOR] =====================================================
2026-09-10 06:49:33 EDT [ORCHESTRATOR] ANA overnight runner starting
2026-09-10 06:49:33 EDT [ORCHESTRATOR] Repository root: /home/harr-harr/Projects/ana_1
2026-09-10 06:49:33 EDT [ORCHESTRATOR] Log file: /home/harr-harr/Projects/ana_1/logs/session_2026-09-10.log
2026-09-10 06:49:33 EDT [ORCHESTRATOR] Mode: ALPACA PAPER
2026-09-10 06:49:33 EDT [ORCHESTRATOR] Ollama is already listening on 127.0.0.1:11434
2026-09-10 06:49:33 EDT [ORCHESTRATOR] Ollama model 'llama3.1' is installed
2026-09-10 06:49:33 EDT [ORCHESTRATOR] C++ binaries ready: AI=build/aiserv, CRAWLER=build/main_client
2026-09-10 06:49:34 EDT [ORCHESTRATOR] Alpaca clock: is_open=False, next_open=9:30 AM EDT, next_close=4:00 PM EDT
2026-09-10 06:49:53 EDT [ORCHESTRATOR] Beginning graceful session shutdown
2026-09-10 06:49:54 EDT [ORCHESTRATOR] ================= SESSION SUMMARY =================
2026-09-10 06:49:54 EDT [ORCHESTRATOR] Articles scraped : 0
2026-09-10 06:49:54 EDT [ORCHESTRATOR] AI batches       : 0
2026-09-10 06:49:54 EDT [ORCHESTRATOR] Signals generated: 0
2026-09-10 06:49:54 EDT [ORCHESTRATOR] Trades placed    : 0
2026-09-10 06:49:54 EDT [ORCHESTRATOR] Trading mode     : ALPACA PAPER
2026-09-10 06:49:54 EDT [ORCHESTRATOR] Final equity     : $100,000.00
2026-09-10 06:49:54 EDT [ORCHESTRATOR] history.txt      : 0 bytes
2026-09-10 06:49:54 EDT [ORCHESTRATOR] =====================================================
2026-09-10 06:49:59 EDT [ORCHESTRATOR] [WAIT] Sleeping until pre-market warmup at 9:20 AM EDT (2 hours, 30 minutes remaining)...
2026-09-10 06:50:29 EDT [ORCHESTRATOR] [WAIT] Sleeping until pre-market warmup at 9:20 AM EDT (2 hours, 29 minutes remaining)...
2026-09-10 06:50:59 EDT [ORCHESTRATOR] [WAIT] Sleeping until pre-market warmup at 9:20 AM EDT (2 hours, 29 minutes remaining)...
2026-09-10 06:51:29 EDT [ORCHESTRATOR] [WAIT] Sleeping until pre-market warmup at 9:20 AM EDT (2 hours, 28 minutes remaining)...
2026-09-10 06:51:59 EDT [ORCHESTRATOR] [WAIT] Sleeping until pre-market warmup at 9:20 AM EDT (2 hours, 28 minutes remaining)...
2026-09-10 06:52:29 EDT [ORCHESTRATOR] [WAIT] Sleeping until pre-market warmup at 9:20 AM EDT (2 hours, 27 minutes remaining)...
2026-09-10 06:52:59 EDT [ORCHESTRATOR] [WAIT] Sleeping until pre-market warmup at 9:20 AM EDT (2 hours, 27 minutes remaining)...
2026-09-10 06:53:29 EDT [ORCHESTRATOR] [WAIT] Sleeping until pre-market warmup at 9:20 AM EDT (2 hours, 26 minutes remaining)...
2026-09-10 06:53:59 EDT [ORCHESTRATOR] [WAIT] Sleeping until pre-market warmup at 9:20 AM EDT (2 hours, 26 minutes remaining)...
2026-09-10 06:54:29 EDT [ORCHESTRATOR] [WAIT] Sleeping until pre-market warmup at 9:20 AM EDT (2 hours, 25 minutes remaining)...
2026-09-10 06:54:59 EDT [ORCHESTRATOR] [WAIT] Sleeping until pre-market warmup at 9:20 AM EDT (2 hours, 25 minutes remaining)...
2026-09-10 06:55:29 EDT [ORCHESTRATOR] [WAIT] Sleeping until pre-market warmup at 9:20 AM EDT (2 hours, 24 minutes remaining)...
2026-09-10 06:55:59 EDT [ORCHESTRATOR] [WAIT] Sleeping until pre-market warmup at 9:20 AM EDT (2 hours, 24 minutes remaining)...
2026-09-10 06:56:29 EDT [ORCHESTRATOR] [WAIT] Sleeping until pre-market warmup at 9:20 AM EDT (2 hours, 23 minutes remaining)...
2026-09-10 06:56:59 EDT [ORCHESTRATOR] [WAIT] Sleeping until pre-market warmup at 9:20 AM EDT (2 hours, 23 minutes remaining)...
2026-09-10 06:57:29 EDT [ORCHESTRATOR] [WAIT] Sleeping until pre-market warmup at 9:20 AM EDT (2 hours, 22 minutes remaining)...
2026-09-10 06:57:59 EDT [ORCHESTRATOR] [WAIT] Sleeping until pre-market warmup at 9:20 AM EDT (2 hours, 22 minutes remaining)...
2026-09-10 06:58:29 EDT [ORCHESTRATOR] [WAIT] Sleeping until pre-market warmup at 9:20 AM EDT (2 hours, 21 minutes remaining)...
2026-09-10 06:58:59 EDT [ORCHESTRATOR] [WAIT] Sleeping until pre-market warmup at 9:20 AM EDT (2 hours, 21 minutes remaining)...
2026-09-10 06:59:29 EDT [ORCHESTRATOR] [WAIT] Sleeping until pre-market warmup at 9:20 AM EDT (2 hours, 20 minutes remaining)...
2026-09-10 06:59:59 EDT [ORCHESTRATOR] [WAIT] Sleeping until pre-market warmup at 9:20 AM EDT (2 hours, 20 minutes remaining)...
2026-09-10 07:00:29 EDT [ORCHESTRATOR] [WAIT] Sleeping until pre-market warmup at 9:20 AM EDT (2 hours, 19 minutes remaining)...
2026-09-10 07:00:59 EDT [ORCHESTRATOR] [WAIT] Sleeping until pre-market warmup at 9:20 AM EDT (2 hours, 19 minutes remaining)...
2026-09-10 07:01:29 EDT [ORCHESTRATOR] [WAIT] Sleeping until pre-market warmup at 9:20 AM EDT (2 hours, 18 minutes remaining)...
2026-09-10 07:01:59 EDT [ORCHESTRATOR] [WAIT] Sleeping until pre-market warmup at 9:20 AM EDT (2 hours, 18 minutes remaining)...
2026-09-10 07:02:29 EDT [ORCHESTRATOR] [WAIT] Sleeping until pre-market warmup at 9:20 AM EDT (2 hours, 17 minutes remaining)...
2026-09-10 07:02:59 EDT [ORCHESTRATOR] [WAIT] Sleeping until pre-market warmup at 9:20 AM EDT (2 hours, 17 minutes remaining)...
2026-09-10 07:03:29 EDT [ORCHESTRATOR] [WAIT] Sleeping until pre-market warmup at 9:20 AM EDT (2 hours, 16 minutes remaining)...
2026-09-10 07:03:59 EDT [ORCHESTRATOR] [WAIT] Sleeping until pre-market warmup at 9:20 AM EDT (2 hours, 16 minutes remaining)...
2026-09-10 07:04:29 EDT [ORCHESTRATOR] [WAIT] Sleeping until pre-market warmup at 9:20 AM EDT (2 hours, 15 minutes remaining)...
2026-09-10 07:04:59 EDT [ORCHESTRATOR] [WAIT] Sleeping until pre-market warmup at 9:20 AM EDT (2 hours, 15 minutes remaining)...
2026-09-10 07:05:29 EDT [ORCHESTRATOR] [WAIT] Sleeping until pre-market warmup at 9:20 AM EDT (2 hours, 14 minutes remaining)...
2026-09-10 07:05:59 EDT [ORCHESTRATOR] [WAIT] Sleeping until pre-market warmup at 9:20 AM EDT (2 hours, 14 minutes remaining)...
2026-09-10 07:06:29 EDT [ORCHESTRATOR] [WAIT] Sleeping until pre-market warmup at 9:20 AM EDT (2 hours, 13 minutes remaining)...
2026-09-10 07:06:59 EDT [ORCHESTRATOR] [WAIT] Sleeping until pre-market warmup at 9:20 AM EDT (2 hours, 13 minutes remaining)...
2026-09-10 07:07:29 EDT [ORCHESTRATOR] [WAIT] Sleeping until pre-market warmup at 9:20 AM EDT (2 hours, 12 minutes remaining)...
2026-09-10 07:07:59 EDT [ORCHESTRATOR] [WAIT] Sleeping until pre-market warmup at 9:20 AM EDT (2 hours, 12 minutes remaining)...
2026-09-10 07:08:29 EDT [ORCHESTRATOR] [WAIT] Sleeping until pre-market warmup at 9:20 AM EDT (2 hours, 11 minutes remaining)...
2026-09-10 07:08:59 EDT [ORCHESTRATOR] [WAIT] Sleeping until pre-market warmup at 9:20 AM EDT (2 hours, 11 minutes remaining)...
2026-09-10 07:09:29 EDT [ORCHESTRATOR] [WAIT] Sleeping until pre-market warmup at 9:20 AM EDT (2 hours, 10 minutes remaining)...
2026-09-10 07:09:59 EDT [ORCHESTRATOR] [WAIT] Sleeping until pre-market warmup at 9:20 AM EDT (2 hours, 10 minutes remaining)...
2026-09-10 07:10:29 EDT [ORCHESTRATOR] [WAIT] Sleeping until pre-market warmup at 9:20 AM EDT (2 hours, 9 minutes remaining)...
2026-09-10 07:10:59 EDT [ORCHESTRATOR] [WAIT] Sleeping until pre-market warmup at 9:20 AM EDT (2 hours, 9 minutes remaining)...
2026-09-10 07:11:29 EDT [ORCHESTRATOR] [WAIT] Sleeping until pre-market warmup at 9:20 AM EDT (2 hours, 8 minutes remaining)...
2026-09-10 07:11:59 EDT [ORCHESTRATOR] [WAIT] Sleeping until pre-market warmup at 9:20 AM EDT (2 hours, 8 minutes remaining)...
2026-09-10 07:12:29 EDT [ORCHESTRATOR] [WAIT] Sleeping until pre-market warmup at 9:20 AM EDT (2 hours, 7 minutes remaining)...
2026-09-10 07:12:59 EDT [ORCHESTRATOR] [WAIT] Sleeping until pre-market warmup at 9:20 AM EDT (2 hours, 7 minutes remaining)...
2026-09-10 07:13:29 EDT [ORCHESTRATOR] [WAIT] Sleeping until pre-market warmup at 9:20 AM EDT (2 hours, 6 minutes remaining)...
2026-09-10 07:13:59 EDT [ORCHESTRATOR] [WAIT] Sleeping until pre-market warmup at 9:20 AM EDT (2 hours, 6 minutes remaining)...
2026-09-10 07:14:29 EDT [ORCHESTRATOR] [WAIT] Sleeping until pre-market warmup at 9:20 AM EDT (2 hours, 5 minutes remaining)...
2026-09-10 07:14:59 EDT [ORCHESTRATOR] [WAIT] Sleeping until pre-market warmup at 9:20 AM EDT (2 hours, 5 minutes remaining)...
2026-09-10 07:15:29 EDT [ORCHESTRATOR] [WAIT] Sleeping until pre-market warmup at 9:20 AM EDT (2 hours, 4 minutes remaining)...
2026-09-10 07:15:59 EDT [ORCHESTRATOR] [WAIT] Sleeping until pre-market warmup at 9:20 AM EDT (2 hours, 4 minutes remaining)...
2026-09-10 07:16:29 EDT [ORCHESTRATOR] [WAIT] Sleeping until pre-market warmup at 9:20 AM EDT (2 hours, 3 minutes remaining)...
2026-09-10 07:16:59 EDT [ORCHESTRATOR] [WAIT] Sleeping until pre-market warmup at 9:20 AM EDT (2 hours, 3 minutes remaining)...
2026-09-10 07:17:29 EDT [ORCHESTRATOR] [WAIT] Sleeping until pre-market warmup at 9:20 AM EDT (2 hours, 2 minutes remaining)...
2026-09-10 07:17:59 EDT [ORCHESTRATOR] [WAIT] Sleeping until pre-market warmup at 9:20 AM EDT (2 hours, 2 minutes remaining)...
2026-09-10 07:18:29 EDT [ORCHESTRATOR] [WAIT] Sleeping until pre-market warmup at 9:20 AM EDT (2 hours, 1 minutes remaining)...
2026-09-10 07:18:59 EDT [ORCHESTRATOR] [WAIT] Sleeping until pre-market warmup at 9:20 AM EDT (2 hours, 1 minutes remaining)...
2026-09-10 07:19:29 EDT [ORCHESTRATOR] [WAIT] Sleeping until pre-market warmup at 9:20 AM EDT (2 hours, 0 minutes remaining)...
2026-09-10 07:19:59 EDT [ORCHESTRATOR] [WAIT] Sleeping until pre-market warmup at 9:20 AM EDT (2 hours, 0 minutes remaining)...
2026-09-10 07:20:29 EDT [ORCHESTRATOR] [WAIT] Sleeping until pre-market warmup at 9:20 AM EDT (1 hours, 59 minutes remaining)...
2026-09-10 07:20:59 EDT [ORCHESTRATOR] [WAIT] Sleeping until pre-market warmup at 9:20 AM EDT (1 hours, 59 minutes remaining)...
2026-09-10 07:21:29 EDT [ORCHESTRATOR] [WAIT] Sleeping until pre-market warmup at 9:20 AM EDT (1 hours, 58 minutes remaining)...
2026-09-10 07:21:59 EDT [ORCHESTRATOR] [WAIT] Sleeping until pre-market warmup at 9:20 AM EDT (1 hours, 58 minutes remaining)...
2026-09-10 07:22:29 EDT [ORCHESTRATOR] [WAIT] Sleeping until pre-market warmup at 9:20 AM EDT (1 hours, 57 minutes remaining)...
2026-09-10 07:22:59 EDT [ORCHESTRATOR] [WAIT] Sleeping until pre-market warmup at 9:20 AM EDT (1 hours, 57 minutes remaining)...
2026-09-10 07:23:29 EDT [ORCHESTRATOR] [WAIT] Sleeping until pre-market warmup at 9:20 AM EDT (1 hours, 56 minutes remaining)...
2026-09-10 07:23:59 EDT [ORCHESTRATOR] [WAIT] Sleeping until pre-market warmup at 9:20 AM EDT (1 hours, 56 minutes remaining)...
2026-09-10 07:24:29 EDT [ORCHESTRATOR] [WAIT] Sleeping until pre-market warmup at 9:20 AM EDT (1 hours, 55 minutes remaining)...
2026-09-10 07:24:59 EDT [ORCHESTRATOR] [WAIT] Sleeping until pre-market warmup at 9:20 AM EDT (1 hours, 55 minutes remaining)...
2026-09-10 07:25:29 EDT [ORCHESTRATOR] [WAIT] Sleeping until pre-market warmup at 9:20 AM EDT (1 hours, 54 minutes remaining)...
2026-09-10 07:25:59 EDT [ORCHESTRATOR] [WAIT] Sleeping until pre-market warmup at 9:20 AM EDT (1 hours, 54 minutes remaining)...
2026-09-10 07:26:29 EDT [ORCHESTRATOR] [WAIT] Sleeping until pre-market warmup at 9:20 AM EDT (1 hours, 53 minutes remaining)...
2026-09-10 07:26:59 EDT [ORCHESTRATOR] [WAIT] Sleeping until pre-market warmup at 9:20 AM EDT (1 hours, 53 minutes remaining)...
2026-09-10 07:27:29 EDT [ORCHESTRATOR] [WAIT] Sleeping until pre-market warmup at 9:20 AM EDT (1 hours, 52 minutes remaining)...
2026-09-10 07:27:59 EDT [ORCHESTRATOR] [WAIT] Sleeping until pre-market warmup at 9:20 AM EDT (1 hours, 52 minutes remaining)...
2026-09-10 07:28:29 EDT [ORCHESTRATOR] [WAIT] Sleeping until pre-market warmup at 9:20 AM EDT (1 hours, 51 minutes remaining)...
2026-09-10 07:28:59 EDT [ORCHESTRATOR] [WAIT] Sleeping until pre-market warmup at 9:20 AM EDT (1 hours, 51 minutes remaining)...
2026-09-10 07:29:29 EDT [ORCHESTRATOR] [WAIT] Sleeping until pre-market warmup at 9:20 AM EDT (1 hours, 50 minutes remaining)...
2026-09-10 07:29:59 EDT [ORCHESTRATOR] [WAIT] Sleeping until pre-market warmup at 9:20 AM EDT (1 hours, 50 minutes remaining)...
2026-09-10 07:30:29 EDT [ORCHESTRATOR] [WAIT] Sleeping until pre-market warmup at 9:20 AM EDT (1 hours, 49 minutes remaining)...
2026-09-10 07:30:59 EDT [ORCHESTRATOR] [WAIT] Sleeping until pre-market warmup at 9:20 AM EDT (1 hours, 49 minutes remaining)...
2026-09-10 07:31:29 EDT [ORCHESTRATOR] [WAIT] Sleeping until pre-market warmup at 9:20 AM EDT (1 hours, 48 minutes remaining)...
2026-09-10 07:31:59 EDT [ORCHESTRATOR] [WAIT] Sleeping until pre-market warmup at 9:20 AM EDT (1 hours, 48 minutes remaining)...
2026-09-10 07:32:29 EDT [ORCHESTRATOR] [WAIT] Sleeping until pre-market warmup at 9:20 AM EDT (1 hours, 47 minutes remaining)...
2026-09-10 07:32:59 EDT [ORCHESTRATOR] [WAIT] Sleeping until pre-market warmup at 9:20 AM EDT (1 hours, 47 minutes remaining)...
2026-09-10 07:33:29 EDT [ORCHESTRATOR] [WAIT] Sleeping until pre-market warmup at 9:20 AM EDT (1 hours, 46 minutes remaining)...
2026-09-10 07:33:59 EDT [ORCHESTRATOR] [WAIT] Sleeping until pre-market warmup at 9:20 AM EDT (1 hours, 46 minutes remaining)...
2026-09-10 07:34:29 EDT [ORCHESTRATOR] [WAIT] Sleeping until pre-market warmup at 9:20 AM EDT (1 hours, 45 minutes remaining)...
2026-09-10 07:34:59 EDT [ORCHESTRATOR] [WAIT] Sleeping until pre-market warmup at 9:20 AM EDT (1 hours, 45 minutes remaining)...
2026-09-10 07:35:29 EDT [ORCHESTRATOR] [WAIT] Sleeping until pre-market warmup at 9:20 AM EDT (1 hours, 44 minutes remaining)...
2026-09-10 07:35:59 EDT [ORCHESTRATOR] [WAIT] Sleeping until pre-market warmup at 9:20 AM EDT (1 hours, 44 minutes remaining)...
2026-09-10 07:36:29 EDT [ORCHESTRATOR] [WAIT] Sleeping until pre-market warmup at 9:20 AM EDT (1 hours, 43 minutes remaining)...
2026-09-10 07:36:59 EDT [ORCHESTRATOR] [WAIT] Sleeping until pre-market warmup at 9:20 AM EDT (1 hours, 43 minutes remaining)...
2026-09-10 07:37:29 EDT [ORCHESTRATOR] [WAIT] Sleeping until pre-market warmup at 9:20 AM EDT (1 hours, 42 minutes remaining)...
2026-09-10 07:37:59 EDT [ORCHESTRATOR] [WAIT] Sleeping until pre-market warmup at 9:20 AM EDT (1 hours, 42 minutes remaining)...
2026-09-10 07:38:29 EDT [ORCHESTRATOR] [WAIT] Sleeping until pre-market warmup at 9:20 AM EDT (1 hours, 41 minutes remaining)...
2026-09-10 07:38:59 EDT [ORCHESTRATOR] [WAIT] Sleeping until pre-market warmup at 9:20 AM EDT (1 hours, 41 minutes remaining)...
2026-09-10 07:39:29 EDT [ORCHESTRATOR] [WAIT] Sleeping until pre-market warmup at 9:20 AM EDT (1 hours, 40 minutes remaining)...
2026-09-10 07:39:59 EDT [ORCHESTRATOR] [WAIT] Sleeping until pre-market warmup at 9:20 AM EDT (1 hours, 40 minutes remaining)...
2026-09-10 07:40:29 EDT [ORCHESTRATOR] [WAIT] Sleeping until pre-market warmup at 9:20 AM EDT (1 hours, 39 minutes remaining)...
2026-09-10 07:40:59 EDT [ORCHESTRATOR] [WAIT] Sleeping until pre-market warmup at 9:20 AM EDT (1 hours, 39 minutes remaining)...
2026-09-10 07:41:29 EDT [ORCHESTRATOR] [WAIT] Sleeping until pre-market warmup at 9:20 AM EDT (1 hours, 38 minutes remaining)...
2026-09-10 07:41:59 EDT [ORCHESTRATOR] [WAIT] Sleeping until pre-market warmup at 9:20 AM EDT (1 hours, 38 minutes remaining)...
2026-09-10 07:42:29 EDT [ORCHESTRATOR] [WAIT] Sleeping until pre-market warmup at 9:20 AM EDT (1 hours, 37 minutes remaining)...
2026-09-10 07:42:59 EDT [ORCHESTRATOR] [WAIT] Sleeping until pre-market warmup at 9:20 AM EDT (1 hours, 37 minutes remaining)...
2026-09-10 07:43:29 EDT [ORCHESTRATOR] [WAIT] Sleeping until pre-market warmup at 9:20 AM EDT (1 hours, 36 minutes remaining)...
2026-09-10 07:43:59 EDT [ORCHESTRATOR] [WAIT] Sleeping until pre-market warmup at 9:20 AM EDT (1 hours, 36 minutes remaining)...
2026-09-10 07:44:29 EDT [ORCHESTRATOR] [WAIT] Sleeping until pre-market warmup at 9:20 AM EDT (1 hours, 35 minutes remaining)...
2026-09-10 07:44:59 EDT [ORCHESTRATOR] [WAIT] Sleeping until pre-market warmup at 9:20 AM EDT (1 hours, 35 minutes remaining)...
2026-09-10 07:45:29 EDT [ORCHESTRATOR] [WAIT] Sleeping until pre-market warmup at 9:20 AM EDT (1 hours, 34 minutes remaining)...
2026-09-10 07:45:59 EDT [ORCHESTRATOR] [WAIT] Sleeping until pre-market warmup at 9:20 AM EDT (1 hours, 34 minutes remaining)...
2026-09-10 07:46:29 EDT [ORCHESTRATOR] [WAIT] Sleeping until pre-market warmup at 9:20 AM EDT (1 hours, 33 minutes remaining)...
2026-09-10 07:46:59 EDT [ORCHESTRATOR] [WAIT] Sleeping until pre-market warmup at 9:20 AM EDT (1 hours, 33 minutes remaining)...
2026-09-10 07:47:29 EDT [ORCHESTRATOR] [WAIT] Sleeping until pre-market warmup at 9:20 AM EDT (1 hours, 32 minutes remaining)...
2026-09-10 07:47:59 EDT [ORCHESTRATOR] [WAIT] Sleeping until pre-market warmup at 9:20 AM EDT (1 hours, 32 minutes remaining)...
2026-09-10 07:48:29 EDT [ORCHESTRATOR] [WAIT] Sleeping until pre-market warmup at 9:20 AM EDT (1 hours, 31 minutes remaining)...
2026-09-10 07:48:59 EDT [ORCHESTRATOR] [WAIT] Sleeping until pre-market warmup at 9:20 AM EDT (1 hours, 31 minutes remaining)...
2026-09-10 07:49:29 EDT [ORCHESTRATOR] [WAIT] Sleeping until pre-market warmup at 9:20 AM EDT (1 hours, 30 minutes remaining)...
2026-09-10 07:49:59 EDT [ORCHESTRATOR] [WAIT] Sleeping until pre-market warmup at 9:20 AM EDT (1 hours, 30 minutes remaining)...
2026-09-10 07:50:29 EDT [ORCHESTRATOR] [WAIT] Sleeping until pre-market warmup at 9:20 AM EDT (1 hours, 29 minutes remaining)...
2026-09-10 07:50:59 EDT [ORCHESTRATOR] [WAIT] Sleeping until pre-market warmup at 9:20 AM EDT (1 hours, 29 minutes remaining)...
2026-09-10 07:51:29 EDT [ORCHESTRATOR] [WAIT] Sleeping until pre-market warmup at 9:20 AM EDT (1 hours, 28 minutes remaining)...
2026-09-10 07:51:59 EDT [ORCHESTRATOR] [WAIT] Sleeping until pre-market warmup at 9:20 AM EDT (1 hours, 28 minutes remaining)...
2026-09-10 07:52:29 EDT [ORCHESTRATOR] [WAIT] Sleeping until pre-market warmup at 9:20 AM EDT (1 hours, 27 minutes remaining)...
2026-09-10 07:52:59 EDT [ORCHESTRATOR] [WAIT] Sleeping until pre-market warmup at 9:20 AM EDT (1 hours, 27 minutes remaining)...
2026-09-10 07:53:29 EDT [ORCHESTRATOR] [WAIT] Sleeping until pre-market warmup at 9:20 AM EDT (1 hours, 26 minutes remaining)...
2026-09-10 07:53:59 EDT [ORCHESTRATOR] [WAIT] Sleeping until pre-market warmup at 9:20 AM EDT (1 hours, 26 minutes remaining)...
2026-09-10 07:54:29 EDT [ORCHESTRATOR] [WAIT] Sleeping until pre-market warmup at 9:20 AM EDT (1 hours, 25 minutes remaining)...
2026-09-10 07:54:59 EDT [ORCHESTRATOR] [WAIT] Sleeping until pre-market warmup at 9:20 AM EDT (1 hours, 25 minutes remaining)...
2026-09-10 07:55:29 EDT [ORCHESTRATOR] [WAIT] Sleeping until pre-market warmup at 9:20 AM EDT (1 hours, 24 minutes remaining)...
2026-09-10 07:55:59 EDT [ORCHESTRATOR] [WAIT] Sleeping until pre-market warmup at 9:20 AM EDT (1 hours, 24 minutes remaining)...
2026-09-10 07:56:29 EDT [ORCHESTRATOR] [WAIT] Sleeping until pre-market warmup at 9:20 AM EDT (1 hours, 23 minutes remaining)...
2026-09-10 07:56:59 EDT [ORCHESTRATOR] [WAIT] Sleeping until pre-market warmup at 9:20 AM EDT (1 hours, 23 minutes remaining)...
2026-09-10 07:57:29 EDT [ORCHESTRATOR] [WAIT] Sleeping until pre-market warmup at 9:20 AM EDT (1 hours, 22 minutes remaining)...
2026-09-10 07:57:59 EDT [ORCHESTRATOR] [WAIT] Sleeping until pre-market warmup at 9:20 AM EDT (1 hours, 22 minutes remaining)...
2026-09-10 07:58:29 EDT [ORCHESTRATOR] [WAIT] Sleeping until pre-market warmup at 9:20 AM EDT (1 hours, 21 minutes remaining)...
2026-09-10 07:58:59 EDT [ORCHESTRATOR] [WAIT] Sleeping until pre-market warmup at 9:20 AM EDT (1 hours, 21 minutes remaining)...
2026-09-10 07:59:29 EDT [ORCHESTRATOR] [WAIT] Sleeping until pre-market warmup at 9:20 AM EDT (1 hours, 20 minutes remaining)...
2026-09-10 07:59:59 EDT [ORCHESTRATOR] [WAIT] Sleeping until pre-market warmup at 9:20 AM EDT (1 hours, 20 minutes remaining)...
2026-09-10 08:00:29 EDT [ORCHESTRATOR] [WAIT] Sleeping until pre-market warmup at 9:20 AM EDT (1 hours, 19 minutes remaining)...
2026-09-10 08:00:59 EDT [ORCHESTRATOR] [WAIT] Sleeping until pre-market warmup at 9:20 AM EDT (1 hours, 19 minutes remaining)...
2026-09-10 08:01:29 EDT [ORCHESTRATOR] [WAIT] Sleeping until pre-market warmup at 9:20 AM EDT (1 hours, 18 minutes remaining)...
2026-09-10 08:01:59 EDT [ORCHESTRATOR] [WAIT] Sleeping until pre-market warmup at 9:20 AM EDT (1 hours, 18 minutes remaining)...
2026-09-10 08:02:29 EDT [ORCHESTRATOR] [WAIT] Sleeping until pre-market warmup at 9:20 AM EDT (1 hours, 17 minutes remaining)...
2026-09-10 08:02:59 EDT [ORCHESTRATOR] [WAIT] Sleeping until pre-market warmup at 9:20 AM EDT (1 hours, 17 minutes remaining)...
2026-09-10 08:03:29 EDT [ORCHESTRATOR] [WAIT] Sleeping until pre-market warmup at 9:20 AM EDT (1 hours, 16 minutes remaining)...
2026-09-10 08:03:59 EDT [ORCHESTRATOR] [WAIT] Sleeping until pre-market warmup at 9:20 AM EDT (1 hours, 16 minutes remaining)...
2026-09-10 08:04:29 EDT [ORCHESTRATOR] [WAIT] Sleeping until pre-market warmup at 9:20 AM EDT (1 hours, 15 minutes remaining)...
2026-09-10 08:04:59 EDT [ORCHESTRATOR] [WAIT] Sleeping until pre-market warmup at 9:20 AM EDT (1 hours, 15 minutes remaining)...
2026-09-10 08:05:29 EDT [ORCHESTRATOR] [WAIT] Sleeping until pre-market warmup at 9:20 AM EDT (1 hours, 14 minutes remaining)...
2026-09-10 08:05:59 EDT [ORCHESTRATOR] [WAIT] Sleeping until pre-market warmup at 9:20 AM EDT (1 hours, 14 minutes remaining)...
2026-09-10 08:06:29 EDT [ORCHESTRATOR] [WAIT] Sleeping until pre-market warmup at 9:20 AM EDT (1 hours, 13 minutes remaining)...
2026-09-10 08:06:59 EDT [ORCHESTRATOR] [WAIT] Sleeping until pre-market warmup at 9:20 AM EDT (1 hours, 13 minutes remaining)...
2026-09-10 08:07:29 EDT [ORCHESTRATOR] [WAIT] Sleeping until pre-market warmup at 9:20 AM EDT (1 hours, 12 minutes remaining)...
2026-09-10 08:07:59 EDT [ORCHESTRATOR] [WAIT] Sleeping until pre-market warmup at 9:20 AM EDT (1 hours, 12 minutes remaining)...
2026-09-10 08:08:29 EDT [ORCHESTRATOR] [WAIT] Sleeping until pre-market warmup at 9:20 AM EDT (1 hours, 11 minutes remaining)...
2026-09-10 08:08:59 EDT [ORCHESTRATOR] [WAIT] Sleeping until pre-market warmup at 9:20 AM EDT (1 hours, 11 minutes remaining)...
2026-09-10 08:09:29 EDT [ORCHESTRATOR] [WAIT] Sleeping until pre-market warmup at 9:20 AM EDT (1 hours, 10 minutes remaining)...
2026-09-10 08:09:59 EDT [ORCHESTRATOR] [WAIT] Sleeping until pre-market warmup at 9:20 AM EDT (1 hours, 10 minutes remaining)...
2026-09-10 08:10:29 EDT [ORCHESTRATOR] [WAIT] Sleeping until pre-market warmup at 9:20 AM EDT (1 hours, 9 minutes remaining)...
2026-09-10 08:10:59 EDT [ORCHESTRATOR] [WAIT] Sleeping until pre-market warmup at 9:20 AM EDT (1 hours, 9 minutes remaining)...
2026-09-10 08:11:29 EDT [ORCHESTRATOR] [WAIT] Sleeping until pre-market warmup at 9:20 AM EDT (1 hours, 8 minutes remaining)...
2026-09-10 08:11:59 EDT [ORCHESTRATOR] [WAIT] Sleeping until pre-market warmup at 9:20 AM EDT (1 hours, 8 minutes remaining)...
2026-09-10 08:12:29 EDT [ORCHESTRATOR] [WAIT] Sleeping until pre-market warmup at 9:20 AM EDT (1 hours, 7 minutes remaining)...
2026-09-10 08:12:59 EDT [ORCHESTRATOR] [WAIT] Sleeping until pre-market warmup at 9:20 AM EDT (1 hours, 7 minutes remaining)...
2026-09-10 08:13:29 EDT [ORCHESTRATOR] [WAIT] Sleeping until pre-market warmup at 9:20 AM EDT (1 hours, 6 minutes remaining)...
2026-09-10 08:13:59 EDT [ORCHESTRATOR] [WAIT] Sleeping until pre-market warmup at 9:20 AM EDT (1 hours, 6 minutes remaining)...
2026-09-10 08:14:29 EDT [ORCHESTRATOR] [WAIT] Sleeping until pre-market warmup at 9:20 AM EDT (1 hours, 5 minutes remaining)...
2026-09-10 08:14:59 EDT [ORCHESTRATOR] [WAIT] Sleeping until pre-market warmup at 9:20 AM EDT (1 hours, 5 minutes remaining)...
2026-09-10 08:15:29 EDT [ORCHESTRATOR] [WAIT] Sleeping until pre-market warmup at 9:20 AM EDT (1 hours, 4 minutes remaining)...
2026-09-10 08:15:59 EDT [ORCHESTRATOR] [WAIT] Sleeping until pre-market warmup at 9:20 AM EDT (1 hours, 4 minutes remaining)...
2026-09-10 08:16:29 EDT [ORCHESTRATOR] [WAIT] Sleeping until pre-market warmup at 9:20 AM EDT (1 hours, 3 minutes remaining)...
2026-09-10 08:16:59 EDT [ORCHESTRATOR] [WAIT] Sleeping until pre-market warmup at 9:20 AM EDT (1 hours, 3 minutes remaining)...
2026-09-10 08:17:29 EDT [ORCHESTRATOR] [WAIT] Sleeping until pre-market warmup at 9:20 AM EDT (1 hours, 2 minutes remaining)...
2026-09-10 08:17:59 EDT [ORCHESTRATOR] [WAIT] Sleeping until pre-market warmup at 9:20 AM EDT (1 hours, 2 minutes remaining)...
2026-09-10 08:18:29 EDT [ORCHESTRATOR] [WAIT] Sleeping until pre-market warmup at 9:20 AM EDT (1 hours, 1 minutes remaining)...
2026-09-10 08:18:59 EDT [ORCHESTRATOR] [WAIT] Sleeping until pre-market warmup at 9:20 AM EDT (1 hours, 1 minutes remaining)...
2026-09-10 08:19:29 EDT [ORCHESTRATOR] [WAIT] Sleeping until pre-market warmup at 9:20 AM EDT (1 hours, 0 minutes remaining)...
2026-09-10 08:19:59 EDT [ORCHESTRATOR] [WAIT] Sleeping until pre-market warmup at 9:20 AM EDT (1 hours, 0 minutes remaining)...
2026-09-10 08:20:29 EDT [ORCHESTRATOR] [WAIT] Sleeping until pre-market warmup at 9:20 AM EDT (59 minutes, 30 seconds remaining)...
2026-09-10 08:20:59 EDT [ORCHESTRATOR] [WAIT] Sleeping until pre-market warmup at 9:20 AM EDT (59 minutes, 0 seconds remaining)...
2026-09-10 08:21:29 EDT [ORCHESTRATOR] [WAIT] Sleeping until pre-market warmup at 9:20 AM EDT (58 minutes, 30 seconds remaining)...
2026-09-10 08:21:59 EDT [ORCHESTRATOR] [WAIT] Sleeping until pre-market warmup at 9:20 AM EDT (58 minutes, 0 seconds remaining)...
2026-09-10 08:22:29 EDT [ORCHESTRATOR] [WAIT] Sleeping until pre-market warmup at 9:20 AM EDT (57 minutes, 30 seconds remaining)...
2026-09-10 08:22:59 EDT [ORCHESTRATOR] [WAIT] Sleeping until pre-market warmup at 9:20 AM EDT (57 minutes, 0 seconds remaining)...
2026-09-10 08:23:29 EDT [ORCHESTRATOR] [WAIT] Sleeping until pre-market warmup at 9:20 AM EDT (56 minutes, 30 seconds remaining)...
2026-09-10 08:23:59 EDT [ORCHESTRATOR] [WAIT] Sleeping until pre-market warmup at 9:20 AM EDT (56 minutes, 0 seconds remaining)...
2026-09-10 08:24:29 EDT [ORCHESTRATOR] [WAIT] Sleeping until pre-market warmup at 9:20 AM EDT (55 minutes, 30 seconds remaining)...
2026-09-10 08:24:59 EDT [ORCHESTRATOR] [WAIT] Sleeping until pre-market warmup at 9:20 AM EDT (55 minutes, 0 seconds remaining)...
2026-09-10 08:25:29 EDT [ORCHESTRATOR] [WAIT] Sleeping until pre-market warmup at 9:20 AM EDT (54 minutes, 30 seconds remaining)...
2026-09-10 08:25:59 EDT [ORCHESTRATOR] [WAIT] Sleeping until pre-market warmup at 9:20 AM EDT (54 minutes, 0 seconds remaining)...
2026-09-10 08:26:29 EDT [ORCHESTRATOR] [WAIT] Sleeping until pre-market warmup at 9:20 AM EDT (53 minutes, 30 seconds remaining)...
2026-09-10 08:26:59 EDT [ORCHESTRATOR] [WAIT] Sleeping until pre-market warmup at 9:20 AM EDT (53 minutes, 0 seconds remaining)...
2026-09-10 08:27:29 EDT [ORCHESTRATOR] [WAIT] Sleeping until pre-market warmup at 9:20 AM EDT (52 minutes, 30 seconds remaining)...
2026-09-10 08:27:59 EDT [ORCHESTRATOR] [WAIT] Sleeping until pre-market warmup at 9:20 AM EDT (52 minutes, 0 seconds remaining)...
2026-09-10 08:28:29 EDT [ORCHESTRATOR] [WAIT] Sleeping until pre-market warmup at 9:20 AM EDT (51 minutes, 30 seconds remaining)...
2026-09-10 08:28:59 EDT [ORCHESTRATOR] [WAIT] Sleeping until pre-market warmup at 9:20 AM EDT (51 minutes, 0 seconds remaining)...
2026-09-10 08:29:29 EDT [ORCHESTRATOR] [WAIT] Sleeping until pre-market warmup at 9:20 AM EDT (50 minutes, 30 seconds remaining)...
2026-09-10 08:29:59 EDT [ORCHESTRATOR] [WAIT] Sleeping until pre-market warmup at 9:20 AM EDT (50 minutes, 0 seconds remaining)...
2026-09-10 08:30:29 EDT [ORCHESTRATOR] [WAIT] Sleeping until pre-market warmup at 9:20 AM EDT (49 minutes, 30 seconds remaining)...
2026-09-10 08:30:59 EDT [ORCHESTRATOR] [WAIT] Sleeping until pre-market warmup at 9:20 AM EDT (49 minutes, 0 seconds remaining)...
2026-09-10 08:31:29 EDT [ORCHESTRATOR] [WAIT] Sleeping until pre-market warmup at 9:20 AM EDT (48 minutes, 30 seconds remaining)...
2026-09-10 08:31:59 EDT [ORCHESTRATOR] [WAIT] Sleeping until pre-market warmup at 9:20 AM EDT (48 minutes, 0 seconds remaining)...
2026-09-10 08:32:29 EDT [ORCHESTRATOR] [WAIT] Sleeping until pre-market warmup at 9:20 AM EDT (47 minutes, 30 seconds remaining)...
2026-09-10 08:32:59 EDT [ORCHESTRATOR] [WAIT] Sleeping until pre-market warmup at 9:20 AM EDT (47 minutes, 0 seconds remaining)...
2026-09-10 08:33:29 EDT [ORCHESTRATOR] [WAIT] Sleeping until pre-market warmup at 9:20 AM EDT (46 minutes, 30 seconds remaining)...
2026-09-10 08:33:59 EDT [ORCHESTRATOR] [WAIT] Sleeping until pre-market warmup at 9:20 AM EDT (46 minutes, 0 seconds remaining)...
2026-09-10 08:34:29 EDT [ORCHESTRATOR] [WAIT] Sleeping until pre-market warmup at 9:20 AM EDT (45 minutes, 30 seconds remaining)...
2026-09-10 08:34:59 EDT [ORCHESTRATOR] [WAIT] Sleeping until pre-market warmup at 9:20 AM EDT (45 minutes, 0 seconds remaining)...
2026-09-10 08:35:29 EDT [ORCHESTRATOR] [WAIT] Sleeping until pre-market warmup at 9:20 AM EDT (44 minutes, 30 seconds remaining)...
2026-09-10 08:35:59 EDT [ORCHESTRATOR] [WAIT] Sleeping until pre-market warmup at 9:20 AM EDT (44 minutes, 0 seconds remaining)...
2026-09-10 08:36:29 EDT [ORCHESTRATOR] [WAIT] Sleeping until pre-market warmup at 9:20 AM EDT (43 minutes, 30 seconds remaining)...
2026-09-10 08:36:59 EDT [ORCHESTRATOR] [WAIT] Sleeping until pre-market warmup at 9:20 AM EDT (43 minutes, 0 seconds remaining)...
2026-09-10 08:37:29 EDT [ORCHESTRATOR] [WAIT] Sleeping until pre-market warmup at 9:20 AM EDT (42 minutes, 30 seconds remaining)...
2026-09-10 08:37:59 EDT [ORCHESTRATOR] [WAIT] Sleeping until pre-market warmup at 9:20 AM EDT (42 minutes, 0 seconds remaining)...
2026-09-10 08:38:29 EDT [ORCHESTRATOR] [WAIT] Sleeping until pre-market warmup at 9:20 AM EDT (41 minutes, 30 seconds remaining)...
2026-09-10 08:38:59 EDT [ORCHESTRATOR] [WAIT] Sleeping until pre-market warmup at 9:20 AM EDT (41 minutes, 0 seconds remaining)...
2026-09-10 08:39:29 EDT [ORCHESTRATOR] [WAIT] Sleeping until pre-market warmup at 9:20 AM EDT (40 minutes, 30 seconds remaining)...
2026-09-10 08:39:59 EDT [ORCHESTRATOR] [WAIT] Sleeping until pre-market warmup at 9:20 AM EDT (40 minutes, 0 seconds remaining)...
2026-09-10 08:40:29 EDT [ORCHESTRATOR] [WAIT] Sleeping until pre-market warmup at 9:20 AM EDT (39 minutes, 30 seconds remaining)...
2026-09-10 08:40:59 EDT [ORCHESTRATOR] [WAIT] Sleeping until pre-market warmup at 9:20 AM EDT (39 minutes, 0 seconds remaining)...
2026-09-10 08:41:29 EDT [ORCHESTRATOR] [WAIT] Sleeping until pre-market warmup at 9:20 AM EDT (38 minutes, 30 seconds remaining)...
2026-09-10 08:41:59 EDT [ORCHESTRATOR] [WAIT] Sleeping until pre-market warmup at 9:20 AM EDT (38 minutes, 0 seconds remaining)...
2026-09-10 08:42:29 EDT [ORCHESTRATOR] [WAIT] Sleeping until pre-market warmup at 9:20 AM EDT (37 minutes, 30 seconds remaining)...
2026-09-10 08:42:59 EDT [ORCHESTRATOR] [WAIT] Sleeping until pre-market warmup at 9:20 AM EDT (37 minutes, 0 seconds remaining)...
2026-09-10 08:43:29 EDT [ORCHESTRATOR] [WAIT] Sleeping until pre-market warmup at 9:20 AM EDT (36 minutes, 30 seconds remaining)...
2026-09-10 08:43:59 EDT [ORCHESTRATOR] [WAIT] Sleeping until pre-market warmup at 9:20 AM EDT (36 minutes, 0 seconds remaining)...
2026-09-10 08:44:29 EDT [ORCHESTRATOR] [WAIT] Sleeping until pre-market warmup at 9:20 AM EDT (35 minutes, 30 seconds remaining)...
2026-09-10 08:44:59 EDT [ORCHESTRATOR] [WAIT] Sleeping until pre-market warmup at 9:20 AM EDT (35 minutes, 0 seconds remaining)...
2026-09-10 08:45:29 EDT [ORCHESTRATOR] [WAIT] Sleeping until pre-market warmup at 9:20 AM EDT (34 minutes, 30 seconds remaining)...
2026-09-10 08:45:59 EDT [ORCHESTRATOR] [WAIT] Sleeping until pre-market warmup at 9:20 AM EDT (34 minutes, 0 seconds remaining)...
2026-09-10 08:46:29 EDT [ORCHESTRATOR] [WAIT] Sleeping until pre-market warmup at 9:20 AM EDT (33 minutes, 30 seconds remaining)...
2026-09-10 08:46:59 EDT [ORCHESTRATOR] [WAIT] Sleeping until pre-market warmup at 9:20 AM EDT (33 minutes, 0 seconds remaining)...
2026-09-10 08:47:29 EDT [ORCHESTRATOR] [WAIT] Sleeping until pre-market warmup at 9:20 AM EDT (32 minutes, 30 seconds remaining)...
2026-09-10 08:47:59 EDT [ORCHESTRATOR] [WAIT] Sleeping until pre-market warmup at 9:20 AM EDT (32 minutes, 0 seconds remaining)...
2026-09-10 08:48:29 EDT [ORCHESTRATOR] [WAIT] Sleeping until pre-market warmup at 9:20 AM EDT (31 minutes, 30 seconds remaining)...
2026-09-10 08:48:59 EDT [ORCHESTRATOR] [WAIT] Sleeping until pre-market warmup at 9:20 AM EDT (31 minutes, 0 seconds remaining)...
2026-09-10 08:49:29 EDT [ORCHESTRATOR] [WAIT] Sleeping until pre-market warmup at 9:20 AM EDT (30 minutes, 30 seconds remaining)...
2026-09-10 08:49:59 EDT [ORCHESTRATOR] [WAIT] Sleeping until pre-market warmup at 9:20 AM EDT (30 minutes, 0 seconds remaining)...
2026-09-10 08:50:29 EDT [ORCHESTRATOR] [WAIT] Sleeping until pre-market warmup at 9:20 AM EDT (29 minutes, 30 seconds remaining)...
2026-09-10 08:50:59 EDT [ORCHESTRATOR] [WAIT] Sleeping until pre-market warmup at 9:20 AM EDT (29 minutes, 0 seconds remaining)...
2026-09-10 08:51:29 EDT [ORCHESTRATOR] [WAIT] Sleeping until pre-market warmup at 9:20 AM EDT (28 minutes, 30 seconds remaining)...
2026-09-10 08:51:59 EDT [ORCHESTRATOR] [WAIT] Sleeping until pre-market warmup at 9:20 AM EDT (28 minutes, 0 seconds remaining)...
2026-09-10 08:52:29 EDT [ORCHESTRATOR] [WAIT] Sleeping until pre-market warmup at 9:20 AM EDT (27 minutes, 30 seconds remaining)...
2026-09-10 08:52:59 EDT [ORCHESTRATOR] [WAIT] Sleeping until pre-market warmup at 9:20 AM EDT (27 minutes, 0 seconds remaining)...
2026-09-10 08:53:29 EDT [ORCHESTRATOR] [WAIT] Sleeping until pre-market warmup at 9:20 AM EDT (26 minutes, 30 seconds remaining)...
2026-09-10 08:53:59 EDT [ORCHESTRATOR] [WAIT] Sleeping until pre-market warmup at 9:20 AM EDT (26 minutes, 0 seconds remaining)...
2026-09-10 08:54:29 EDT [ORCHESTRATOR] [WAIT] Sleeping until pre-market warmup at 9:20 AM EDT (25 minutes, 30 seconds remaining)...
2026-09-10 08:54:59 EDT [ORCHESTRATOR] [WAIT] Sleeping until pre-market warmup at 9:20 AM EDT (25 minutes, 0 seconds remaining)...
2026-09-10 08:55:29 EDT [ORCHESTRATOR] [WAIT] Sleeping until pre-market warmup at 9:20 AM EDT (24 minutes, 30 seconds remaining)...
2026-09-10 08:55:59 EDT [ORCHESTRATOR] [WAIT] Sleeping until pre-market warmup at 9:20 AM EDT (24 minutes, 0 seconds remaining)...
2026-09-10 08:56:29 EDT [ORCHESTRATOR] [WAIT] Sleeping until pre-market warmup at 9:20 AM EDT (23 minutes, 30 seconds remaining)...
2026-09-10 08:56:59 EDT [ORCHESTRATOR] [WAIT] Sleeping until pre-market warmup at 9:20 AM EDT (23 minutes, 0 seconds remaining)...
2026-09-10 08:57:29 EDT [ORCHESTRATOR] [WAIT] Sleeping until pre-market warmup at 9:20 AM EDT (22 minutes, 30 seconds remaining)...
2026-09-10 08:57:59 EDT [ORCHESTRATOR] [WAIT] Sleeping until pre-market warmup at 9:20 AM EDT (22 minutes, 0 seconds remaining)...
2026-09-10 08:58:29 EDT [ORCHESTRATOR] [WAIT] Sleeping until pre-market warmup at 9:20 AM EDT (21 minutes, 30 seconds remaining)...
2026-09-10 08:58:59 EDT [ORCHESTRATOR] [WAIT] Sleeping until pre-market warmup at 9:20 AM EDT (21 minutes, 0 seconds remaining)...
2026-09-10 08:59:29 EDT [ORCHESTRATOR] [WAIT] Sleeping until pre-market warmup at 9:20 AM EDT (20 minutes, 30 seconds remaining)...
2026-09-10 08:59:59 EDT [ORCHESTRATOR] [WAIT] Sleeping until pre-market warmup at 9:20 AM EDT (20 minutes, 0 seconds remaining)...
2026-09-10 09:00:29 EDT [ORCHESTRATOR] [WAIT] Sleeping until pre-market warmup at 9:20 AM EDT (19 minutes, 30 seconds remaining)...
2026-09-10 09:00:59 EDT [ORCHESTRATOR] [WAIT] Sleeping until pre-market warmup at 9:20 AM EDT (19 minutes, 0 seconds remaining)...
2026-09-10 09:01:29 EDT [ORCHESTRATOR] [WAIT] Sleeping until pre-market warmup at 9:20 AM EDT (18 minutes, 30 seconds remaining)...
2026-09-10 09:01:59 EDT [ORCHESTRATOR] [WAIT] Sleeping until pre-market warmup at 9:20 AM EDT (18 minutes, 0 seconds remaining)...
2026-09-10 09:02:29 EDT [ORCHESTRATOR] [WAIT] Sleeping until pre-market warmup at 9:20 AM EDT (17 minutes, 30 seconds remaining)...
2026-09-10 09:02:59 EDT [ORCHESTRATOR] [WAIT] Sleeping until pre-market warmup at 9:20 AM EDT (17 minutes, 0 seconds remaining)...
2026-09-10 09:03:29 EDT [ORCHESTRATOR] [WAIT] Sleeping until pre-market warmup at 9:20 AM EDT (16 minutes, 30 seconds remaining)...
2026-09-10 09:03:59 EDT [ORCHESTRATOR] [WAIT] Sleeping until pre-market warmup at 9:20 AM EDT (16 minutes, 0 seconds remaining)...
2026-09-10 09:04:29 EDT [ORCHESTRATOR] [WAIT] Sleeping until pre-market warmup at 9:20 AM EDT (15 minutes, 30 seconds remaining)...
2026-09-10 09:04:59 EDT [ORCHESTRATOR] [WAIT] Sleeping until pre-market warmup at 9:20 AM EDT (15 minutes, 0 seconds remaining)...
2026-09-10 09:05:29 EDT [ORCHESTRATOR] [WAIT] Sleeping until pre-market warmup at 9:20 AM EDT (14 minutes, 30 seconds remaining)...
2026-09-10 09:05:59 EDT [ORCHESTRATOR] [WAIT] Sleeping until pre-market warmup at 9:20 AM EDT (14 minutes, 0 seconds remaining)...
2026-09-10 09:06:29 EDT [ORCHESTRATOR] [WAIT] Sleeping until pre-market warmup at 9:20 AM EDT (13 minutes, 30 seconds remaining)...
2026-09-10 09:06:59 EDT [ORCHESTRATOR] [WAIT] Sleeping until pre-market warmup at 9:20 AM EDT (13 minutes, 0 seconds remaining)...
2026-09-10 09:07:29 EDT [ORCHESTRATOR] [WAIT] Sleeping until pre-market warmup at 9:20 AM EDT (12 minutes, 30 seconds remaining)...
2026-09-10 09:07:59 EDT [ORCHESTRATOR] [WAIT] Sleeping until pre-market warmup at 9:20 AM EDT (12 minutes, 0 seconds remaining)...
2026-09-10 09:08:29 EDT [ORCHESTRATOR] [WAIT] Sleeping until pre-market warmup at 9:20 AM EDT (11 minutes, 30 seconds remaining)...
2026-09-10 09:08:59 EDT [ORCHESTRATOR] [WAIT] Sleeping until pre-market warmup at 9:20 AM EDT (11 minutes, 0 seconds remaining)...
2026-09-10 09:09:29 EDT [ORCHESTRATOR] [WAIT] Sleeping until pre-market warmup at 9:20 AM EDT (10 minutes, 30 seconds remaining)...
2026-09-10 09:09:59 EDT [ORCHESTRATOR] [WAIT] Sleeping until pre-market warmup at 9:20 AM EDT (10 minutes, 0 seconds remaining)...
2026-09-10 09:10:29 EDT [ORCHESTRATOR] [WAIT] Sleeping until pre-market warmup at 9:20 AM EDT (9 minutes, 30 seconds remaining)...
2026-09-10 09:10:59 EDT [ORCHESTRATOR] [WAIT] Sleeping until pre-market warmup at 9:20 AM EDT (9 minutes, 0 seconds remaining)...
2026-09-10 09:11:29 EDT [ORCHESTRATOR] [WAIT] Sleeping until pre-market warmup at 9:20 AM EDT (8 minutes, 30 seconds remaining)...
2026-09-10 09:11:59 EDT [ORCHESTRATOR] [WAIT] Sleeping until pre-market warmup at 9:20 AM EDT (8 minutes, 0 seconds remaining)...
2026-09-10 09:12:29 EDT [ORCHESTRATOR] [WAIT] Sleeping until pre-market warmup at 9:20 AM EDT (7 minutes, 30 seconds remaining)...
2026-09-10 09:12:59 EDT [ORCHESTRATOR] [WAIT] Sleeping until pre-market warmup at 9:20 AM EDT (7 minutes, 0 seconds remaining)...
2026-09-10 09:13:29 EDT [ORCHESTRATOR] [WAIT] Sleeping until pre-market warmup at 9:20 AM EDT (6 minutes, 30 seconds remaining)...
2026-09-10 09:13:59 EDT [ORCHESTRATOR] [WAIT] Sleeping until pre-market warmup at 9:20 AM EDT (6 minutes, 0 seconds remaining)...
2026-09-10 09:14:29 EDT [ORCHESTRATOR] [WAIT] Sleeping until pre-market warmup at 9:20 AM EDT (5 minutes, 30 seconds remaining)...
2026-09-10 09:14:59 EDT [ORCHESTRATOR] [WAIT] Sleeping until pre-market warmup at 9:20 AM EDT (5 minutes, 0 seconds remaining)...
2026-09-10 09:15:29 EDT [ORCHESTRATOR] [WAIT] Sleeping until pre-market warmup at 9:20 AM EDT (4 minutes, 30 seconds remaining)...
2026-09-10 09:15:59 EDT [ORCHESTRATOR] [WAIT] Sleeping until pre-market warmup at 9:20 AM EDT (4 minutes, 0 seconds remaining)...
2026-09-10 09:16:29 EDT [ORCHESTRATOR] [WAIT] Sleeping until pre-market warmup at 9:20 AM EDT (3 minutes, 30 seconds remaining)...
2026-09-10 09:16:59 EDT [ORCHESTRATOR] [WAIT] Sleeping until pre-market warmup at 9:20 AM EDT (3 minutes, 0 seconds remaining)...
2026-09-10 09:17:29 EDT [ORCHESTRATOR] [WAIT] Sleeping until pre-market warmup at 9:20 AM EDT (2 minutes, 30 seconds remaining)...
2026-09-10 09:17:59 EDT [ORCHESTRATOR] [WAIT] Sleeping until pre-market warmup at 9:20 AM EDT (2 minutes, 0 seconds remaining)...
2026-09-10 09:18:29 EDT [ORCHESTRATOR] [WAIT] Sleeping until pre-market warmup at 9:20 AM EDT (1 minutes, 30 seconds remaining)...
2026-09-10 09:18:59 EDT [ORCHESTRATOR] [WAIT] Sleeping until pre-market warmup at 9:20 AM EDT (1 minutes, 0 seconds remaining)...
2026-09-10 09:19:00 EDT [ORCHESTRATOR] [WAIT] Sleeping until pre-market warmup at 9:20 AM EDT (59 seconds remaining)...
2026-09-10 09:19:01 EDT [ORCHESTRATOR] [WAIT] Sleeping until pre-market warmup at 9:20 AM EDT (58 seconds remaining)...
2026-09-10 09:19:02 EDT [ORCHESTRATOR] [WAIT] Sleeping until pre-market warmup at 9:20 AM EDT (57 seconds remaining)...
2026-09-10 09:19:03 EDT [ORCHESTRATOR] [WAIT] Sleeping until pre-market warmup at 9:20 AM EDT (56 seconds remaining)...
2026-09-10 09:19:04 EDT [ORCHESTRATOR] [WAIT] Sleeping until pre-market warmup at 9:20 AM EDT (55 seconds remaining)...
2026-09-10 09:19:05 EDT [ORCHESTRATOR] [WAIT] Sleeping until pre-market warmup at 9:20 AM EDT (54 seconds remaining)...
2026-09-10 09:19:06 EDT [ORCHESTRATOR] [WAIT] Sleeping until pre-market warmup at 9:20 AM EDT (53 seconds remaining)...
2026-09-10 09:19:07 EDT [ORCHESTRATOR] [WAIT] Sleeping until pre-market warmup at 9:20 AM EDT (52 seconds remaining)...
2026-09-10 09:19:08 EDT [ORCHESTRATOR] [WAIT] Sleeping until pre-market warmup at 9:20 AM EDT (51 seconds remaining)...
2026-09-10 09:19:09 EDT [ORCHESTRATOR] [WAIT] Sleeping until pre-market warmup at 9:20 AM EDT (50 seconds remaining)...
2026-09-10 09:19:10 EDT [ORCHESTRATOR] [WAIT] Sleeping until pre-market warmup at 9:20 AM EDT (49 seconds remaining)...
2026-09-10 09:19:11 EDT [ORCHESTRATOR] [WAIT] Sleeping until pre-market warmup at 9:20 AM EDT (48 seconds remaining)...
2026-09-10 09:19:12 EDT [ORCHESTRATOR] [WAIT] Sleeping until pre-market warmup at 9:20 AM EDT (47 seconds remaining)...
2026-09-10 09:19:13 EDT [ORCHESTRATOR] [WAIT] Sleeping until pre-market warmup at 9:20 AM EDT (46 seconds remaining)...
2026-09-10 09:19:14 EDT [ORCHESTRATOR] [WAIT] Sleeping until pre-market warmup at 9:20 AM EDT (45 seconds remaining)...
2026-09-10 09:19:15 EDT [ORCHESTRATOR] [WAIT] Sleeping until pre-market warmup at 9:20 AM EDT (44 seconds remaining)...
2026-09-10 09:19:16 EDT [ORCHESTRATOR] [WAIT] Sleeping until pre-market warmup at 9:20 AM EDT (43 seconds remaining)...
2026-09-10 09:19:17 EDT [ORCHESTRATOR] [WAIT] Sleeping until pre-market warmup at 9:20 AM EDT (42 seconds remaining)...
2026-09-10 09:19:18 EDT [ORCHESTRATOR] [WAIT] Sleeping until pre-market warmup at 9:20 AM EDT (41 seconds remaining)...
2026-09-10 09:19:19 EDT [ORCHESTRATOR] [WAIT] Sleeping until pre-market warmup at 9:20 AM EDT (40 seconds remaining)...
2026-09-10 09:19:20 EDT [ORCHESTRATOR] [WAIT] Sleeping until pre-market warmup at 9:20 AM EDT (39 seconds remaining)...
2026-09-10 09:19:21 EDT [ORCHESTRATOR] [WAIT] Sleeping until pre-market warmup at 9:20 AM EDT (38 seconds remaining)...
2026-09-10 09:19:22 EDT [ORCHESTRATOR] [WAIT] Sleeping until pre-market warmup at 9:20 AM EDT (37 seconds remaining)...
2026-09-10 09:19:23 EDT [ORCHESTRATOR] [WAIT] Sleeping until pre-market warmup at 9:20 AM EDT (36 seconds remaining)...
2026-09-10 09:19:24 EDT [ORCHESTRATOR] [WAIT] Sleeping until pre-market warmup at 9:20 AM EDT (35 seconds remaining)...
2026-09-10 09:19:25 EDT [ORCHESTRATOR] [WAIT] Sleeping until pre-market warmup at 9:20 AM EDT (34 seconds remaining)...
2026-09-10 09:19:26 EDT [ORCHESTRATOR] [WAIT] Sleeping until pre-market warmup at 9:20 AM EDT (33 seconds remaining)...
2026-09-10 09:19:27 EDT [ORCHESTRATOR] [WAIT] Sleeping until pre-market warmup at 9:20 AM EDT (32 seconds remaining)...
2026-09-10 09:19:28 EDT [ORCHESTRATOR] [WAIT] Sleeping until pre-market warmup at 9:20 AM EDT (31 seconds remaining)...
2026-09-10 09:19:29 EDT [ORCHESTRATOR] [WAIT] Sleeping until pre-market warmup at 9:20 AM EDT (30 seconds remaining)...
2026-09-10 09:19:30 EDT [ORCHESTRATOR] [WAIT] Sleeping until pre-market warmup at 9:20 AM EDT (29 seconds remaining)...
2026-09-10 09:19:31 EDT [ORCHESTRATOR] [WAIT] Sleeping until pre-market warmup at 9:20 AM EDT (28 seconds remaining)...
2026-09-10 09:19:32 EDT [ORCHESTRATOR] [WAIT] Sleeping until pre-market warmup at 9:20 AM EDT (27 seconds remaining)...
2026-09-10 09:19:33 EDT [ORCHESTRATOR] [WAIT] Sleeping until pre-market warmup at 9:20 AM EDT (26 seconds remaining)...
2026-09-10 09:19:34 EDT [ORCHESTRATOR] [WAIT] Sleeping until pre-market warmup at 9:20 AM EDT (25 seconds remaining)...
2026-09-10 09:19:35 EDT [ORCHESTRATOR] [WAIT] Sleeping until pre-market warmup at 9:20 AM EDT (24 seconds remaining)...
2026-09-10 09:19:36 EDT [ORCHESTRATOR] [WAIT] Sleeping until pre-market warmup at 9:20 AM EDT (23 seconds remaining)...
2026-09-10 09:19:37 EDT [ORCHESTRATOR] [WAIT] Sleeping until pre-market warmup at 9:20 AM EDT (22 seconds remaining)...
2026-09-10 09:19:38 EDT [ORCHESTRATOR] [WAIT] Sleeping until pre-market warmup at 9:20 AM EDT (21 seconds remaining)...
2026-09-10 09:19:39 EDT [ORCHESTRATOR] [WAIT] Sleeping until pre-market warmup at 9:20 AM EDT (20 seconds remaining)...
2026-09-10 09:19:40 EDT [ORCHESTRATOR] [WAIT] Sleeping until pre-market warmup at 9:20 AM EDT (19 seconds remaining)...
2026-09-10 09:19:41 EDT [ORCHESTRATOR] [WAIT] Sleeping until pre-market warmup at 9:20 AM EDT (18 seconds remaining)...
2026-09-10 09:19:42 EDT [ORCHESTRATOR] [WAIT] Sleeping until pre-market warmup at 9:20 AM EDT (17 seconds remaining)...
2026-09-10 09:19:43 EDT [ORCHESTRATOR] [WAIT] Sleeping until pre-market warmup at 9:20 AM EDT (16 seconds remaining)...
2026-09-10 09:19:44 EDT [ORCHESTRATOR] [WAIT] Sleeping until pre-market warmup at 9:20 AM EDT (15 seconds remaining)...
2026-09-10 09:19:45 EDT [ORCHESTRATOR] [WAIT] Sleeping until pre-market warmup at 9:20 AM EDT (14 seconds remaining)...
2026-09-10 09:19:46 EDT [ORCHESTRATOR] [WAIT] Sleeping until pre-market warmup at 9:20 AM EDT (13 seconds remaining)...
2026-09-10 09:19:47 EDT [ORCHESTRATOR] [WAIT] Sleeping until pre-market warmup at 9:20 AM EDT (12 seconds remaining)...
2026-09-10 09:19:48 EDT [ORCHESTRATOR] [WAIT] Sleeping until pre-market warmup at 9:20 AM EDT (11 seconds remaining)...
2026-09-10 09:19:49 EDT [ORCHESTRATOR] [WAIT] Sleeping until pre-market warmup at 9:20 AM EDT (10 seconds remaining)...
2026-09-10 09:19:50 EDT [ORCHESTRATOR] [WAIT] Sleeping until pre-market warmup at 9:20 AM EDT (9 seconds remaining)...
2026-09-10 09:19:51 EDT [ORCHESTRATOR] [WAIT] Sleeping until pre-market warmup at 9:20 AM EDT (8 seconds remaining)...
2026-09-10 09:19:52 EDT [ORCHESTRATOR] [WAIT] Sleeping until pre-market warmup at 9:20 AM EDT (7 seconds remaining)...
2026-09-10 09:19:53 EDT [ORCHESTRATOR] [WAIT] Sleeping until pre-market warmup at 9:20 AM EDT (6 seconds remaining)...
2026-09-10 09:19:54 EDT [ORCHESTRATOR] [WAIT] Sleeping until pre-market warmup at 9:20 AM EDT (5 seconds remaining)...
2026-09-10 09:19:55 EDT [ORCHESTRATOR] [WAIT] Sleeping until pre-market warmup at 9:20 AM EDT (4 seconds remaining)...
2026-09-10 09:19:56 EDT [ORCHESTRATOR] [WAIT] Sleeping until pre-market warmup at 9:20 AM EDT (3 seconds remaining)...
2026-09-10 09:19:57 EDT [ORCHESTRATOR] [WAIT] Sleeping until pre-market warmup at 9:20 AM EDT (2 seconds remaining)...
2026-09-10 09:19:58 EDT [ORCHESTRATOR] [WAIT] Sleeping until pre-market warmup at 9:20 AM EDT (1 seconds remaining)...
2026-09-10 09:19:59 EDT [ORCHESTRATOR] [WAIT] Sleeping until pre-market warmup at 9:20 AM EDT (0 seconds remaining)...
2026-09-10 09:20:00 EDT [ORCHESTRATOR] ================= PHASE A =================
2026-09-10 09:20:00 EDT [ORCHESTRATOR] T-10m warmup: news ingestion + Ollama scoring
2026-09-10 09:20:00 EDT [ORCHESTRATOR] Phase AI mode: INGEST-ONLY (broker credentials withheld)
2026-09-10 09:20:00 EDT [ORCHESTRATOR] Starting: /home/harr-harr/Projects/ana_1/build/aiserv
2026-09-10 09:20:00 EDT [ORCHESTRATOR] AI server is listening on 127.0.0.1:58888
2026-09-10 09:20:00 EDT [ORCHESTRATOR] Starting: /home/harr-harr/Projects/ana_1/build/main_client
2026-09-10 09:20:00 EDT [ORCHESTRATOR] Crawler started (pid=845295)
2026-09-10 09:20:03 EDT [CRAWLER] [STATE] No history.txt found -- starting with empty history.
2026-09-10 09:20:03 EDT [CRAWLER] Starting Trading Crawler Engine...
2026-09-10 09:20:03 EDT [CRAWLER] [SYSTEM] Press Ctrl-C for a clean shutdown (history will be flushed).
2026-09-10 09:20:03 EDT [CRAWLER] [SYSTEM] Trading Crawler Engine Started with 8 workers.
2026-09-10 09:20:03 EDT [CRAWLER] [CRAWLER] Visiting: https://finance.yahoo.com/news/rss
2026-09-10 09:20:03 EDT [CRAWLER] [CRAWLER] Visiting: https://www.prnewswire.com/rss/news-releases-list.rss
2026-09-10 09:20:03 EDT [CRAWLER] [CRAWLER] Visiting: https://www.cnbc.com/id/100003114/device/rss/rss.html
2026-09-10 09:20:03 EDT [CRAWLER] Status line: HTTP/1.1 200 OK
2026-09-10 09:20:03 EDT [CRAWLER] [CRAWLER DONE] Processed: https://www.cnbc.com/id/100003114/device/rss/rss.html | Extracted Links: 30 | Dispatched to AI: NO
2026-09-10 09:20:03 EDT [CRAWLER] Status line: HTTP/1.1 200 OK
2026-09-10 09:20:03 EDT [CRAWLER] [CRAWLER DONE] Processed: https://www.prnewswire.com/rss/news-releases-list.rss | Extracted Links: 20 | Dispatched to AI: NO
2026-09-10 09:20:03 EDT [CRAWLER] [CRAWLER] Visiting: https://www.cnbc.com/2026/09/10/iran-us-oil-hormuz-supply-trump-military-brent-wti.html
2026-09-10 09:20:03 EDT [CRAWLER] Status line: HTTP/1.1 200 OK
2026-09-10 09:20:03 EDT [CRAWLER] [CRAWLER DONE] Processed: https://finance.yahoo.com/news/rss | Extracted Links: 25 | Dispatched to AI: NO
2026-09-10 09:20:03 EDT [CRAWLER] Status line: HTTP/1.1 200 OK
2026-09-10 09:20:03 EDT [CRAWLER] [DEBUG] URL: https://www.cnbc.com/2026/09/10/iran-us-oil-hormuz-supply-trump-military-brent-wti.html
2026-09-10 09:20:03 EDT [CRAWLER] [DEBUG] Article length: 2227
2026-09-10 09:20:03 EDT [CRAWLER] [DEBUG] First 1000 chars:
2026-09-10 09:20:03 EDT [CRAWLER] In this article
2026-09-10 09:20:03 EDT [CRAWLER] Crude oil prices jumped 4% on Thursday as the market braces for a prolonged war in the Persian Gulf after fighting between the U.S. and Iran sharply escalated this week.
2026-09-10 09:20:03 EDT [CRAWLER] U.S. West Texas Intermediate futures were up 4.3% to $100.19 per barrel by 9:14 a.m. ET, the highest level since May. Brent crude, the international benchmark, traded 4% higher to $105.28 a barrel.
2026-09-10 09:20:03 EDT [CRAWLER] Top White House advisors have discussed with President Donald Trump the possibility that the Iran war could drag on past Inauguration Day in January 2029, U.S. officials told The Wall Street Journal. 
2026-09-10 09:20:03 EDT [CRAWLER] The report contradicts Trump's claim on Wednesday that the war would end immediately after the midterm elections. He has asserted for months the conflict was drawing to a close, only for fighting to escalate. 
2026-09-10 09:20:03 EDT [CRAWLER] Trump claimed to reporters Wednesday that oil and gasoline prices would fall after the midterms. Retail gasoline prices hit a Labor Day record on Monday and diesel prices are expected to cross $6 per ga
2026-09-10 09:20:03 EDT [CRAWLER] [CASHTAGS] Loaded 244 company names from data/companies.csv
2026-09-10 09:20:03 EDT [CRAWLER] [TICKER MATCH] GS
2026-09-10 09:20:03 EDT [CRAWLER] [DISPATCH] Sent GS -> AI Server
2026-09-10 09:20:03 EDT [CRAWLER] Extracting
2026-09-10 09:20:03 EDT [CRAWLER] [CRAWLER DONE] Processed: https://www.cnbc.com/2026/09/10/iran-us-oil-hormuz-supply-trump-military-brent-wti.html | Extracted Links: 0 | Dispatched to AI: YES
2026-09-10 09:20:03 EDT [CRAWLER] [CRAWLER] Visiting: https://www.cnbc.com/2026/09/10/ppi-inflation-report-august-2026.html
2026-09-10 09:20:03 EDT [CRAWLER] Status line: HTTP/1.1 200 OK
2026-09-10 09:20:03 EDT [CRAWLER] [DEBUG] URL: https://www.cnbc.com/2026/09/10/ppi-inflation-report-august-2026.html
2026-09-10 09:20:03 EDT [CRAWLER] [DEBUG] Article length: 1487
2026-09-10 09:20:03 EDT [CRAWLER] [DEBUG] First 1000 chars:
2026-09-10 09:20:03 EDT [CRAWLER] U.S. wholesale prices rose in August, according to a report Thursday that could play a key role in the Federal Reserve's upcoming interest rate decision.
2026-09-10 09:20:03 EDT [CRAWLER] The producer price index, a measure of final-demand costs for goods and services, increased a seasonally adjusted 0.4% for the month, in line with the Dow Jones consensus, the Bureau of Labor Statistics reported Thursday. 
2026-09-10 09:20:03 EDT [CRAWLER] On an annual basis, that put PPI at 5.4%, still well above the Fed's 2% inflation target and 0.1 percentage point higher than expected. PPI rose 0.1% in July, a slight upward revision from the original estimate of no change.
2026-09-10 09:20:03 EDT [CRAWLER] Excluding food and energy, core PPI accelerated by 0.2%, against the forecast for a 0.3% increase. Core less trade services, another volatile category, was up 0.3%.
2026-09-10 09:20:03 EDT [CRAWLER] Stock market futures were negative following the report, the release of which coincided with U.S. crude oil prices topping $100 a barrel. Treasury yields moved sharply higher.
2026-09-10 09:20:03 EDT [CRAWLER] Energy prices in particular and goods prices overall were
2026-09-10 09:20:03 EDT [CRAWLER] [TICKER MATCH] TGT
2026-09-10 09:20:03 EDT [CRAWLER] [DISPATCH] Sent TGT -> AI Server
2026-09-10 09:20:03 EDT [CRAWLER] Extracting
2026-09-10 09:20:03 EDT [CRAWLER] [CRAWLER DONE] Processed: https://www.cnbc.com/2026/09/10/ppi-inflation-report-august-2026.html | Extracted Links: 0 | Dispatched to AI: YES
2026-09-10 09:20:03 EDT [CRAWLER] [CRAWLER] Visiting: https://www.cnbc.com/2026/09/10/us-treasurys-bonds-yield.html
2026-09-10 09:20:03 EDT [CRAWLER] Status line: HTTP/1.1 200 OK
2026-09-10 09:20:05 EDT [CRAWLER] [DEBUG] URL: https://www.cnbc.com/2026/09/10/us-treasurys-bonds-yield.html
2026-09-10 09:20:05 EDT [CRAWLER] [DEBUG] Article length: 1744
2026-09-10 09:20:05 EDT [CRAWLER] [DEBUG] First 1000 chars:
2026-09-10 09:20:05 EDT [CRAWLER] In this article
2026-09-10 09:20:05 EDT [CRAWLER] Treasury yields hit multiyear highs on Thursday as traders digested U.S. oil prices crossing $100 per barrel again, overshadowing a tame inflation report. 
2026-09-10 09:20:05 EDT [CRAWLER] The 10-year U.S. Treasury note yield — the key benchmark for mortgage borrowing, auto loans and credit card debt — was up more than 6 basis points at 4.906%. That's the highest level since November 2023. 
2026-09-10 09:20:05 EDT [CRAWLER] The 2-year Treasury note yield, which is typically more sensitive to short-term Federal Reserve interest rate decisions, hit a high of 4.501%, its highest trading level since July 2023. 
2026-09-10 09:20:05 EDT [CRAWLER] The longer-dated 30-year Treasury bond yield, which moves in line with broader geopolitical risks, was up more than 5 basis points at 5.337%. 
2026-09-10 09:20:05 EDT [CRAWLER] One basis point is equal to 0.01%, and yields and prices move in opposite directions.
2026-09-10 09:20:05 EDT [CRAWLER] U.S. yields increased on Wednesday, after Treasury Secretary Scott Bessent said the department will buy back $6 billion of longer-dated government bonds. That rise continued Thursday as U.S. oil pri
2026-09-10 09:20:05 EDT [CRAWLER] [TICKER MATCH] MACRO
2026-09-10 09:20:05 EDT [CRAWLER] [DISPATCH] Sent MACRO -> AI Server
2026-09-10 09:20:05 EDT [CRAWLER] Extracting
2026-09-10 09:20:05 EDT [CRAWLER] [CRAWLER DONE] Processed: https://www.cnbc.com/2026/09/10/us-treasurys-bonds-yield.html | Extracted Links: 0 | Dispatched to AI: YES
2026-09-10 09:20:05 EDT [CRAWLER] [CRAWLER] Visiting: https://www.cnbc.com/2026/09/10/trump-dividend-midterms-gop.html
2026-09-10 09:20:05 EDT [CRAWLER] Status line: HTTP/1.1 200 OK
2026-09-10 09:20:05 EDT [CRAWLER] [DEBUG] URL: https://www.cnbc.com/2026/09/10/trump-dividend-midterms-gop.html
2026-09-10 09:20:05 EDT [CRAWLER] [DEBUG] Article length: 3627
2026-09-10 09:20:05 EDT [CRAWLER] [DEBUG] First 1000 chars:
2026-09-10 09:20:05 EDT [CRAWLER] President Donald Trump on Wednesday night promised every adult American citizen a $5,000 "dividend" if the Republicans are victorious in the upcoming midterm elections. 
2026-09-10 09:20:05 EDT [CRAWLER] Americans will vote in the midterms in early November, with the Democrats currently projected to win control of the House of Representatives. 
2026-09-10 09:20:05 EDT [CRAWLER] Such a result would likely create barriers to Trump's legislative agenda and send a signal about public opinion on the president's policy mix throughout his second presidential term. 
2026-09-10 09:20:05 EDT [CRAWLER] "Here is my promise: if the Republicans win the House of Representatives and the United States Senate, both of them… because of our tremendous strength and success economically, I will issue a dividend to every adult citizen in the United States of America for $5,000," he told a crowd at the GOP's midterm convention in Dallas.
2026-09-10 09:20:05 EDT [CRAWLER] "I'm asking you to pretend that I'm on the ballot," he added.
2026-09-10 09:20:05 EDT [CRAWLER] The total proposed "Trump dividend" payout is estimated to cost more than $1 trillion — raising questions ab
2026-09-10 09:20:05 EDT [CRAWLER] [TICKER MATCH] MACRO
2026-09-10 09:20:05 EDT [CRAWLER] [DISPATCH] Sent MACRO -> AI Server
2026-09-10 09:20:05 EDT [CRAWLER] Extracting
2026-09-10 09:20:05 EDT [CRAWLER] [CRAWLER DONE] Processed: https://www.cnbc.com/2026/09/10/trump-dividend-midterms-gop.html | Extracted Links: 0 | Dispatched to AI: YES
2026-09-10 09:20:05 EDT [CRAWLER] [CRAWLER] Visiting: https://www.cnbc.com/2026/09/09/bessent-treasury-yields-buybacks-republican-convention.html
2026-09-10 09:20:05 EDT [CRAWLER] Status line: HTTP/1.1 200 OK
2026-09-10 09:20:05 EDT [CRAWLER] [DEBUG] URL: https://www.cnbc.com/2026/09/09/bessent-treasury-yields-buybacks-republican-convention.html
2026-09-10 09:20:05 EDT [CRAWLER] [DEBUG] Article length: 6867
2026-09-10 09:20:05 EDT [CRAWLER] [DEBUG] First 1000 chars:
2026-09-10 09:20:05 EDT [CRAWLER] In this article
2026-09-10 09:20:05 EDT [CRAWLER] Treasury Secretary Scott Bessent's push to calm the bond market is colliding with a more political role, as his Republican convention speech raises questions about the credibility he needs to manage U.S. debt markets.
2026-09-10 09:20:05 EDT [CRAWLER] Bessent's prime-time speech at the Republicans' midterm convention in Dallas on Wednesday marks the first time in 50 years that a sitting Treasury secretary has spoken at a national political convention. 
2026-09-10 09:20:05 EDT [CRAWLER] In his speech, Bessent put forward broad claims of economic success for the U.S. under President Donald Trump's second term, claiming "everything from GDP to factory payrolls is firing up." 
2026-09-10 09:20:05 EDT [CRAWLER] The Treasury Secretary also praised Trump, adding, "no one works harder for you, no one fights harder for you, and no president has asked his team and of himself to put American families back at the center of the American economy than Donald J. Trump."
2026-09-10 09:20:05 EDT [CRAWLER] He also took aim at the Democratic Party, saying "they brought this country to the brink of ruin" under former Presid
2026-09-10 09:20:05 EDT [CRAWLER] [TICKER MATCH] MACRO
2026-09-10 09:20:05 EDT [CRAWLER] [DISPATCH] Sent MACRO -> AI Server
2026-09-10 09:20:05 EDT [CRAWLER] Extracting
2026-09-10 09:20:08 EDT [CRAWLER] [CRAWLER DONE] Processed: https://www.cnbc.com/2026/09/09/bessent-treasury-yields-buybacks-republican-convention.html | Extracted Links: 0 | Dispatched to AI: YES
2026-09-10 09:20:08 EDT [CRAWLER] [CRAWLER] Visiting: https://www.cnbc.com/2026/09/10/openai-anthropic-ai-safety-slowdown-extinction.html
2026-09-10 09:20:08 EDT [CRAWLER] Status line: HTTP/1.1 200 OK
2026-09-10 09:20:08 EDT [CRAWLER] [DEBUG] URL: https://www.cnbc.com/2026/09/10/openai-anthropic-ai-safety-slowdown-extinction.html
2026-09-10 09:20:08 EDT [CRAWLER] [DEBUG] Article length: 5881
2026-09-10 09:20:08 EDT [CRAWLER] [DEBUG] First 1000 chars:
2026-09-10 09:20:08 EDT [CRAWLER] In this article
2026-09-10 09:20:08 EDT [CRAWLER] OpenAI and Anthropic researchers are ramping up calls for an AI slowdown and warning of existential risks to humanity after the resignation of a researcher at Anthropic fueled fresh scrutiny. 
2026-09-10 09:20:08 EDT [CRAWLER] The concerns started after Anthropic researcher Jacob Coxon said Tuesday that he was quitting the company as he accused Anthropic and rival OpenAI of "gambling with our lives." He added that those building AI believed that it could "kill us all by the end of the decade." Evan Hubinger, Anthropic's alignment lead, responded that he expects there is a more than 10% chance of that happening.
2026-09-10 09:20:08 EDT [CRAWLER] Since then, several employees at both AI labs have come out in support of calls to slow the pace of AI development as they stressed the risks of the technology. The public warnings are the culmination of growing concern globally about the capability of AI, following numerous cyberattacks and security incidents in recent months by rogue models developed by both OpenAI and Anthropic.
2026-09-10 09:20:08 EDT [CRAWLER] "In my persona
2026-09-10 09:20:08 EDT [CRAWLER] [TICKER MATCH] GOOGL
2026-09-10 09:20:08 EDT [CRAWLER] [DISPATCH] Sent GOOGL -> AI Server
2026-09-10 09:20:08 EDT [CRAWLER] Extracting
2026-09-10 09:20:08 EDT [CRAWLER] [CRAWLER DONE] Processed: https://www.cnbc.com/2026/09/10/openai-anthropic-ai-safety-slowdown-extinction.html | Extracted Links: 0 | Dispatched to AI: YES
2026-09-10 09:20:08 EDT [CRAWLER] [CRAWLER] Visiting: https://www.cnbc.com/2026/09/10/macys-m-q2-2026-earnings.html
2026-09-10 09:20:08 EDT [CRAWLER] Status line: HTTP/1.1 200 OK
2026-09-10 09:20:08 EDT [CRAWLER] [DEBUG] URL: https://www.cnbc.com/2026/09/10/macys-m-q2-2026-earnings.html
2026-09-10 09:20:08 EDT [CRAWLER] [DEBUG] Article length: 4101
2026-09-10 09:20:08 EDT [CRAWLER] [DEBUG] First 1000 chars:
2026-09-10 09:20:08 EDT [CRAWLER] In this article
2026-09-10 09:20:08 EDT [CRAWLER] Macy's on Thursday posted growth across the company in its fiscal second quarter and raised guidance as it continues its turnaround. 
2026-09-10 09:20:08 EDT [CRAWLER] The retailer said overall comparable sales rose 2.7% for the quarter, with comparable sales for its namesake brand up 1.1%. The company said that growth was largely driven by its so-called reimagined stores, locations it has revamped as one of the focuses of its turnaround.
2026-09-10 09:20:08 EDT [CRAWLER] Macy's said its higher-end store line Bloomingdale's saw an 11.3% increase in comparable sales, while beauty brand Bluemercury was up 6.2%.
2026-09-10 09:20:08 EDT [CRAWLER] "I think it's a different Macy's Inc. today," CEO Tony Spring told CNBC. "We're in a healthier position. We're catering to our customers while we're also becoming a more interesting investment option for our shareholders."
2026-09-10 09:20:08 EDT [CRAWLER] Spring added that Bloomingdale's has seen success by "doing innovative things" to remain "accessible and very differentiated" for a higher-end consumer. On the other side, Spring said the overhauled Macy's stores
2026-09-10 09:20:08 EDT [CRAWLER] [TICKER MATCH] MACRO
2026-09-10 09:20:08 EDT [CRAWLER] [DISPATCH] Sent MACRO -> AI Server
2026-09-10 09:20:08 EDT [CRAWLER] Extracting
2026-09-10 09:20:08 EDT [CRAWLER] [CRAWLER DONE] Processed: https://www.cnbc.com/2026/09/10/macys-m-q2-2026-earnings.html | Extracted Links: 0 | Dispatched to AI: YES
2026-09-10 09:20:08 EDT [CRAWLER] [CRAWLER] Visiting: https://www.cnbc.com/2026/09/10/nasdaq-invests-100-million-in-crypto-firm-eyes-2027-launch-of-tokenized-stocks.html
2026-09-10 09:20:08 EDT [CRAWLER] Status line: HTTP/1.1 200 OK
2026-09-10 09:20:08 EDT [CRAWLER] [DEBUG] URL: https://www.cnbc.com/2026/09/10/nasdaq-invests-100-million-in-crypto-firm-eyes-2027-launch-of-tokenized-stocks.html
2026-09-10 09:20:08 EDT [CRAWLER] [DEBUG] Article length: 2897
2026-09-10 09:20:08 EDT [CRAWLER] [DEBUG] First 1000 chars:
2026-09-10 09:20:08 EDT [CRAWLER] In this article
2026-09-10 09:20:08 EDT [CRAWLER] Nasdaq's venture capital arm is investing $100 million in Kraken parent Payward, partnering with the crypto firm to launch tokenized equities in 2027 and build a market infrastructure and surveillance technology to support them. 
2026-09-10 09:20:11 EDT [CRAWLER] The deal expands on a previously announced partnership between Nasdaq and Payward to test Nasdaq Equity Tokens (NETs). In this new phase, the companies will develop an infrastructure to distribute and trade tokenized stocks, which is the issue of digital representations of publicly traded securities, other assets or form of value on a blockchain network, Nasdaq said Thursday morning. 
2026-09-10 09:20:11 EDT [CRAWLER] 00006000
2026-09-10 09:20:11 EDT [CRAWLER] The partners expect to launch their tokenized equities in the second quarter of 2027. Holders of tokenized assets don't have outright ownership of the assets themselves.
2026-09-10 09:20:11 EDT [CRAWLER] Payward will also adopt Nasdaq's market-surveillance technology across its trading venues, including crypto and tokenized equities, as the Kraken exchange looks beyond cryptocurre
2026-09-10 09:20:11 EDT [CRAWLER] [TICKER MATCH] HOOD
2026-09-10 09:20:11 EDT [CRAWLER] [DISPATCH] Sent HOOD -> AI Server
2026-09-10 09:20:11 EDT [CRAWLER] Extracting
2026-09-10 09:20:11 EDT [CRAWLER] [CRAWLER DONE] Processed: https://www.cnbc.com/2026/09/10/nasdaq-invests-100-million-in-crypto-firm-eyes-2027-launch-of-tokenized-stocks.html | Extracted Links: 0 | Dispatched to AI: YES
2026-09-10 09:20:11 EDT [CRAWLER] [CRAWLER] Visiting: https://www.cnbc.com/2026/09/10/amazon-chatgptads-open-ai.html
2026-09-10 09:20:11 EDT [CRAWLER] Status line: HTTP/1.1 200 OK
2026-09-10 09:20:11 EDT [CRAWLER] [DEBUG] URL: https://www.cnbc.com/2026/09/10/amazon-chatgptads-open-ai.html
2026-09-10 09:20:11 EDT [CRAWLER] [DEBUG] Article length: 1829
2026-09-10 09:20:11 EDT [CRAWLER] [DEBUG] First 1000 chars:
2026-09-10 09:20:11 EDT [CRAWLER] In this article
2026-09-10 09:20:11 EDT [CRAWLER] Amazon on Thursday announced it's partnering with OpenAI to let its advertisers run ads in ChatGPT, starting with select brands in the U.S. 
2026-09-10 09:20:11 EDT [CRAWLER] It marks a vote of confidence from the world's largest online retailer in OpenAI's burgeoning ad business, which recently reached a $1 billion annualized revenue run rate. OpenAI started selling sponsored placements in ChatGPT in the U.S. in February, starting with retailers like Best Buy and Williams-Sonoma.
2026-09-10 09:20:11 EDT [CRAWLER] Amazon has heavily restricted access to its sprawling webstore from artificial intelligence platforms like ChatGPT, Anthropic's Claude and Google's Gemini, while investing in its own AI shopping tools. But in recent months, Amazon began quietly buying ads on ChatGPT, and it became the top retail company advertising on the platform between April and August, according to data from market intelligence firm Sensor Tower. 
2026-09-10 09:20:11 EDT [CRAWLER] By letting brands that advertise on Amazon run ads in ChatGPT, the Andy Jassy-led giant is acknowledging that 
2026-09-10 09:20:11 EDT [CRAWLER] [TICKER MATCH] AMZN,BBY,GOOGL
2026-09-10 09:20:11 EDT [CRAWLER] [DISPATCH] Sent AMZN,BBY,GOOGL -> AI Server
2026-09-10 09:20:11 EDT [CRAWLER] Extracting
2026-09-10 09:20:11 EDT [CRAWLER] [CRAWLER DONE] Processed: https://www.cnbc.com/2026/09/10/amazon-chatgptads-open-ai.html | Extracted Links: 0 | Dispatched to AI: YES
2026-09-10 09:20:11 EDT [CRAWLER] [CRAWLER] Visiting: https://www.cnbc.com/2026/09/09/bond-selloff-stock-boom-rebalancing.html
2026-09-10 09:20:11 EDT [CRAWLER] Status line: HTTP/1.1 200 OK
2026-09-10 09:20:11 EDT [CRAWLER] [DEBUG] URL: https://www.cnbc.com/2026/09/09/bond-selloff-stock-boom-rebalancing.html
2026-09-10 09:20:11 EDT [CRAWLER] [DEBUG] Article length: 6164
2026-09-10 09:20:11 EDT [CRAWLER] [DEBUG] First 1000 chars:
2026-09-10 09:20:11 EDT [CRAWLER] In this article
2026-09-10 09:20:11 EDT [CRAWLER] As global bonds sell off, stocks hover near all-time highs and investors grapple with geopolitical uncertainty, it may be a particularly good time for investors to consider rebalancing their portfolios, according to financial advisors. 
2026-09-10 09:20:11 EDT [CRAWLER] "I feel like it's one of the least sexy — but probably most useful — investment ideas around," said Jude Boudreaux, a certified financial planner based in New Orleans and member of CNBC's Financial Advisor Council. 
2026-09-10 09:20:11 EDT [CRAWLER] When investors rebalance, they bring their asset allocation back to a target level.
2026-09-10 09:20:11 EDT [CRAWLER] For example, investors may have determined that a mix of 60% stocks and 40% bonds — the classic 60/40 portfolio — is appropriate given their tolerance for market risk and the number of years until they retire.
2026-09-10 09:20:11 EDT [CRAWLER] But the market naturally throws those allocations out of whack over time. 
2026-09-10 09:20:11 EDT [CRAWLER] Stocks, which are the traditional growth engine of a portfolio, have boomed in recent years. 
2026-09-10 09:20:11 EDT [CRAWLER] The S&P 500 stock index saw returns of 24% in 2023, 23% in 2
2026-09-10 09:20:11 EDT [CRAWLER] [TICKER MATCH] TGT
2026-09-10 09:20:11 EDT [CRAWLER] [DISPATCH] Sent TGT -> AI Server
2026-09-10 09:20:11 EDT [CRAWLER] Extracting
2026-09-10 09:20:11 EDT [CRAWLER] [CRAWLER DONE] Processed: https://www.cnbc.com/2026/09/09/bond-selloff-stock-boom-rebalancing.html | Extracted Links: 0 | Dispatched to AI: YES
2026-09-10 09:20:11 EDT [CRAWLER] [CRAWLER] Visiting: https://www.cnbc.com/2026/09/10/oracle-options-are-doing-something-curious-heading-into-earnings.html
2026-09-10 09:20:11 EDT [CRAWLER] Status line: HTTP/1.1 200 OK
2026-09-10 09:20:11 EDT [CRAWLER] [DEBUG] URL: https://www.cnbc.com/2026/09/10/oracle-options-are-doing-something-curious-heading-into-earnings.html
2026-09-10 09:20:11 EDT [CRAWLER] [DEBUG] Article length: 4480
2026-09-10 09:20:11 EDT [CRAWLER] [DEBUG] First 1000 chars:
2026-09-10 09:20:11 EDT [CRAWLER] In this article
2026-09-10 09:20:11 EDT [CRAWLER] If ever there were a stock that captured the hopes and fear of the AI trade, it's Oracle. 
2026-09-10 09:20:14 EDT [CRAWLER] Shares have fallen 17% year to date and have lost over half their value from their 52-week highs. Still, options traders are betting on a big move when it reports earnings after the bell Thursday.  Current options prices are implying a move of around 11%. While this might sound like a lot, Oracle has had an average earnings move of 9.5% over the last three quarters. This 11% expected earnings move is elevated compared to recent realized moves, but only moderately. 
2026-09-10 09:20:14 EDT [CRAWLER] Looking further back to September of 2025 shows additional evidence why traders are pricing in such a large move. The stock famously shot up 35% when it reported earnings that day, blowing past investor expectations. That 11% range reflects a market weighing several things at once: Oracle's recent history of sharp post-earnings moves, memories of the September 2025 blowout, and the CPI report landing the following mo
2026-09-10 09:20:14 EDT [CRAWLER] [TICKER MATCH] AMZN,MSFT,ORCL
2026-09-10 09:20:14 EDT [CRAWLER] [DISPATCH] Sent AMZN,MSFT,ORCL -> AI Server
2026-09-10 09:20:14 EDT [CRAWLER] Extracting
2026-09-10 09:20:14 EDT [CRAWLER] [CRAWLER DONE] Processed: https://www.cnbc.com/2026/09/10/oracle-options-are-doing-something-curious-heading-into-earnings.html | Extracted Links: 0 | Dispatched to AI: YES
2026-09-10 09:20:14 EDT [CRAWLER] [CRAWLER] Visiting: https://www.cnbc.com/2026/09/10/nfl-commissioner-roger-goodell-international-future.html
2026-09-10 09:20:14 EDT [CRAWLER] Status line: HTTP/1.1 200 OK
2026-09-10 09:20:14 EDT [CRAWLER] [DEBUG] URL: https://www.cnbc.com/2026/09/10/nfl-commissioner-roger-goodell-international-future.html
2026-09-10 09:20:14 EDT [CRAWLER] [DEBUG] Article length: 4592
2026-09-10 09:20:14 EDT [CRAWLER] [DEBUG] First 1000 chars:
2026-09-10 09:20:14 EDT [CRAWLER] MELBOURNE, Australia — The NFL is making history this week with its first-ever regular-season game in Australia, but Commissioner Roger Goodell is already thinking well into the future. 
2026-09-10 09:20:14 EDT [CRAWLER] "Whether it's media, or whether it's labor, or whether it's our international plans or what we're doing with stadiums, all of that [requires] taking a 5-, 10-, 15-year look, and it's critical to do that," Goodell said in an exclusive interview with CNBC here ahead of the Week 1 game between the San Francisco 49ers and the Los Angeles Rams, set to kick off Thursday night at 8:35 pm ET. 
2026-09-10 09:20:14 EDT [CRAWLER] "If you're not, you're being irresponsible," he added. 
2026-09-10 09:20:14 EDT [CRAWLER] Earlier this month, Goodell, 67, signed a four-year contract extension that will keep him as the league's commissioner until March 2031. This year marks Goodell's 20th season on the job.
2026-09-10 09:20:14 EDT [CRAWLER] He has overseen significant growth and change for the most popular U.S. sports league, including the addition of a 17th regular season game and its sale of media rights to streami
2026-09-10 09:20:14 EDT [CRAWLER] [TICKER MATCH] NFLX
2026-09-10 09:20:14 EDT [CRAWLER] [DISPATCH] Sent NFLX -> AI Server
2026-09-10 09:20:14 EDT [CRAWLER] Extracting
2026-09-10 09:20:14 EDT [CRAWLER] [CRAWLER DONE] Processed: https://www.cnbc.com/2026/09/10/nfl-commissioner-roger-goodell-international-future.html | Extracted Links: 0 | Dispatched to AI: YES
2026-09-10 09:20:14 EDT [CRAWLER] [CRAWLER] Visiting: https://www.cnbc.com/2026/09/10/ecb-interest-rate-hike-lagarde-iran.html
2026-09-10 09:20:14 EDT [CRAWLER] Status line: HTTP/1.1 200 OK
2026-09-10 09:20:14 EDT [CRAWLER] [DEBUG] URL: https://www.cnbc.com/2026/09/10/ecb-interest-rate-hike-lagarde-iran.html
2026-09-10 09:20:14 EDT [CRAWLER] [DEBUG] Article length: 4372
2026-09-10 09:20:14 EDT [CRAWLER] [DEBUG] First 1000 chars:
2026-09-10 09:20:14 EDT [CRAWLER] The European Central Bank has voted to raise its key deposit rate by 25 basis points to 2.5% from 2.25% in a move widely expected by investors. 
2026-09-10 09:20:14 EDT [CRAWLER] But uncertainty around the U.S.-Iran war continues to cloud the outlook for the ECB's longer-term policy path, market watchers say, and investors will be watching closely for signals in policymakers' remarks later on Thursday.  
2026-09-10 09:20:14 EDT [CRAWLER] The ECB expects baseline inflation, excluding energy and food, to reach 2.5% in 2026, 2.6% in 2027 and 2.3% in 2028.
2026-09-10 09:20:14 EDT [CRAWLER] "The outlook remains highly uncertain, with risks to the upside for inflation and to the downside for economic growth," the ECB's Governing Council said, acknowledging a "broad range of outcomes" around growth and inflation as a result of the energy shock, including duration and second-round effects.
2026-09-10 09:20:14 EDT [CRAWLER] Markets priced in a 100% chance of the 25 basis points hike ahead of Thursday's meeting, according to LSEG data. 
2026-09-10 09:20:14 EDT [CRAWLER] ECB officials have said since the U.S.-Iran war broke out that they would take a meeting-by-m
2026-09-10 09:20:14 EDT [CRAWLER] [TICKER MATCH] DB,TGT
2026-09-10 09:20:14 EDT [CRAWLER] [DISPATCH] Sent DB,TGT -> AI Server
2026-09-10 09:20:14 EDT [CRAWLER] Extracting
2026-09-10 09:20:14 EDT [CRAWLER] [CRAWLER DONE] Processed: https://www.cnbc.com/2026/09/10/ecb-interest-rate-hike-lagarde-iran.html | Extracted Links: 0 | Dispatched to AI: YES
2026-09-10 09:20:16 EDT [CRAWLER] [CRAWLER] Visiting: https://www.cnbc.com/2026/09/10/wealthy-investors-oil-gas-assets.html
2026-09-10 09:20:16 EDT [CRAWLER] Status line: HTTP/1.1 200 OK
2026-09-10 09:20:16 EDT [CRAWLER] [DEBUG] URL: https://www.cnbc.com/2026/09/10/wealthy-investors-oil-gas-assets.html
2026-09-10 09:20:16 EDT [CRAWLER] [DEBUG] Article length: 3606
2026-09-10 09:20:16 EDT [CRAWLER] [DEBUG] First 1000 chars:
2026-09-10 09:20:16 EDT [CRAWLER] A version of this article first appeared in CNBC's Inside Wealth newsletter, a weekly guide to the high-net-worth investor and consumer. Sign up to receive future editions, straight to your inbox.
2026-09-10 09:20:16 EDT [CRAWLER] Ultra-high-net-worth investors and family offices are showing more interest in mineral rights and other oil and gas assets, driven by the energy pressures of the Iran war and the artificial-intelligence boom, according to investment advisors. But it has become harder to find deals at attractive valuations due to increased competition from institutional investors and private-equity firms, they said.
2026-09-10 09:20:16 EDT [CRAWLER] Family offices were able to make opportunistic plays in oil and gas in the years after the Covid pandemic as traditional investors backed away from the sector due to pressure from environmentally conscious stakeholders. 
2026-09-10 09:20:16 EDT [CRAWLER] Now, dealmaking in the space is seeing a resurgence, with oil and gas deal spend for the first half of 2026 hitting a two-year record, according to research and consulting firm W
2026-09-10 09:20:16 EDT [CRAWLER] [TICKER MATCH] BAC
2026-09-10 09:20:16 EDT [CRAWLER] [DISPATCH] Sent BAC -> AI Server
2026-09-10 09:20:16 EDT [CRAWLER] Extracting
2026-09-10 09:20:16 EDT [CRAWLER] [CRAWLER DONE] Processed: https://www.cnbc.com/2026/09/10/wealthy-investors-oil-gas-assets.html | Extracted Links: 0 | Dispatched to AI: YES
2026-09-10 09:20:16 EDT [CRAWLER] [CRAWLER] Visiting: https://www.cnbc.com/2026/09/10/coinbase-clarity-moov-banks-stablecoin.html
2026-09-10 09:20:16 EDT [CRAWLER] Status line: HTTP/1.1 200 OK
2026-09-10 09:20:16 EDT [CRAWLER] [DEBUG] URL: https://www.cnbc.com/2026/09/10/coinbase-clarity-moov-banks-stablecoin.html
2026-09-10 09:20:16 EDT [CRAWLER] [DEBUG] Article length: 3364
2026-09-10 09:20:16 EDT [CRAWLER] [DEBUG] First 1000 chars:
2026-09-10 09:20:16 EDT [CRAWLER] In this article
2026-09-10 09:20:16 EDT [CRAWLER] Coinbase is partnering with financial services provider Moov to increase access to stablecoin capabilities such as acceptance, settlement and real-time funding for community banks and credit unions ahead of a key vote on crypto legislation in the U.S. Senate next week. 
2026-09-10 09:20:16 EDT [CRAWLER] The partnership, shared exclusively with CNBC, comes just days before a crucial preliminary vote on the Senate floor to advance the Clarity Act. The bill, which has languished in Senate limbo for months, would set up a first-of-its-kind regulatory framework for cryptocurrencies and other types of digital assets. 
2026-09-10 09:20:16 EDT [CRAWLER] Coinbase and other parts of the crypto industry have pushed hard for the Senate to pass the bill. But the Clarity Act has run into opposition from banks, which are opposed to interest-like rewards offered on crypto exchanges and warn they could cause deposit flight from community banks and credit unions. The new partnership may help bridge the divide between community banks and crypto. 
2026-09-10 09:20:16 EDT [CRAWLER] Independ
2026-09-10 09:20:16 EDT [CRAWLER] [TICKER MATCH] COIN
2026-09-10 09:20:16 EDT [CRAWLER] [DISPATCH] Sent COIN -> AI Server
2026-09-10 09:20:16 EDT [CRAWLER] Extracting
2026-09-10 09:20:16 EDT [CRAWLER] [CRAWLER DONE] Processed: https://www.cnbc.com/2026/09/10/coinbase-clarity-moov-banks-stablecoin.html | Extracted Links: 0 | Dispatched to AI: YES
2026-09-10 09:20:16 EDT [CRAWLER] [CRAWLER] Visiting: https://www.cnbc.com/2026/09/10/rare-disease-is-taking-his-sight-access-to-a-treatment-is-hard-to-get.html
2026-09-10 09:20:16 EDT [CRAWLER] Status line: HTTP/1.1 200 OK
2026-09-10 09:20:16 EDT [CRAWLER] [DEBUG] URL: https://www.cnbc.com/2026/09/10/rare-disease-is-taking-his-sight-access-to-a-treatment-is-hard-to-get.html
2026-09-10 09:20:16 EDT [CRAWLER] [DEBUG] Article length: 11699
2026-09-10 09:20:16 EDT [CRAWLER] [DEBUG] First 1000 chars:
2026-09-10 09:20:16 EDT [CRAWLER] CNBC Cures is proudly underwritten by Alexion, AstraZeneca Rare Disease, whose support enables our journalism to elevate stories that advance research, innovation and patient care in rare diseases.
2026-09-10 09:20:16 EDT [CRAWLER] If any parents should be able to help their sick child, it's Judy and Courtney Stecker.
2026-09-10 09:20:16 EDT [CRAWLER] They've both worked for the Trump administration, giving them high-level connections in Washington and at the nation's top hospitals. Doctors diagnosed their son, Wheeler, with a rare brain disorder as an infant, early enough to slow its progress. Scientists have developed a drug that could help him.
2026-09-10 09:20:16 EDT [CRAWLER] And yet, seven years after Wheeler was born with a form of Batten disease, he still hasn't received that treatment. And time is running out. Wheeler is going blind.
2026-09-10 09:20:19 EDT [CRAWLER] Even as scientists make new breakthroughs for rare diseases and regulators promise to be more flexible in evaluating them, Wheeler's story underscores how many patients still fall through the cracks. They're excluded from clinical trials because o
2026-09-10 09:20:19 EDT [CRAWLER] [TICKER MATCH] AZN,DIS
2026-09-10 09:20:19 EDT [CRAWLER] [DISPATCH] Sent AZN,DIS -> AI Server
2026-09-10 09:20:19 EDT [CRAWLER] Extracting
2026-09-10 09:20:19 EDT [CRAWLER] [CRAWLER DONE] Processed: https://www.cnbc.com/2026/09/10/rare-disease-is-taking-his-sight-access-to-a-treatment-is-hard-to-get.html | Extracted Links: 0 | Dispatched to AI: YES
2026-09-10 09:20:19 EDT [CRAWLER] [CRAWLER] Visiting: https://www.cnbc.com/2026/09/09/apple-drops-its-folding-iphone-our-first-reaction-plus-the-other-key-launch-news.html
2026-09-10 09:20:19 EDT [CRAWLER] Status line: HTTP/1.1 200 OK
2026-09-10 09:20:19 EDT [CRAWLER] [DEBUG] URL: https://www.cnbc.com/2026/09/09/apple-drops-its-folding-iphone-our-first-reaction-plus-the-other-key-launch-news.html
2026-09-10 09:20:19 EDT [CRAWLER] [DEBUG] Article length: 8211
2026-09-10 09:20:19 EDT [CRAWLER] [DEBUG] First 1000 chars:
2026-09-10 09:20:19 EDT [CRAWLER] Apple drops its folding iPhone. Our first reaction, plus the other key launch newsSkip NavigationMarketsBusinessInvestingTechPolitics & PolicyVideoWatchlistInvesting ClubPROLivestreamMenuEvery weekday, the CNBC Investing Club with Jim Cramer releases the Homestretch — an actionable afternoon update, just in time for the last hour of trading on Wall Street. Stocks fell on Wednesday, putting the S & P 500 on track for its third straight down session. The market is running into the same issue that has capped gains for weeks — rising oil prices and bond yields. Due to the latest escalation of fighting between the U.S. and Iran, international benchmark Brent crude futures crossed above $101 a barrel for the first time since July, and U.S. standard WTI crude briefly crossed $96 and traded at its highest level since the beginning of June. Rising energy prices create a difficult environment for consumer and retail stocks. As prices rise at the pump, consumers have less money left to spend 
2026-09-10 09:20:19 EDT [CRAWLER] [TICKER MATCH] AAPL,BA,BCS,LLY,TJX
2026-09-10 09:20:19 EDT [CRAWLER] [DISPATCH] Sent AAPL,BA,BCS,LLY,TJX -> AI Server
2026-09-10 09:20:19 EDT [CRAWLER] Extracting
2026-09-10 09:20:19 EDT [CRAWLER] [CRAWLER DONE] Processed: https://www.cnbc.com/2026/09/09/apple-drops-its-folding-iphone-our-first-reaction-plus-the-other-key-launch-news.html | Extracted Links: 0 | Dispatched to AI: YES
2026-09-10 09:20:19 EDT [CRAWLER] [CRAWLER] Visiting: https://www.cnbc.com/2026/09/10/amazon-ariane-rocket-launch-space-spacex.html
2026-09-10 09:20:19 EDT [CRAWLER] Status line: HTTP/1.1 200 OK
2026-09-10 09:20:19 EDT [CRAWLER] [DEBUG] URL: https://www.cnbc.com/2026/09/10/amazon-ariane-rocket-launch-space-spacex.html
2026-09-10 09:20:19 EDT [CRAWLER] [DEBUG] Article length: 4556
2026-09-10 09:20:19 EDT [CRAWLER] [DEBUG] First 1000 chars:
2026-09-10 09:20:19 EDT [CRAWLER] In this article
2026-09-10 09:20:19 EDT [CRAWLER] Amazon has ordered six additional launches from Europe's Arianespace as it builds out a satellite network to challenge SpaceX's Starlink, handing the continent's space industry a major commercial boost as governments push for greater sovereign capabilities.
2026-09-10 09:20:19 EDT [CRAWLER] The Amazon Leo order, announced Wednesday at the International Space Summit in Paris, takes the total number of launches booked with Arianespace to 24. The company's owner, ArianeGroup is a joint venture between Airbus and Safran.
2026-09-10 09:20:19 EDT [CRAWLER] Long-term commitments from companies like Amazon provide Europe with the capabilities needed to deploy critical space infrastructure, Arianespace CEO David Cavaillolès said in a statement Wednesday.
2026-09-10 09:20:19 EDT [CRAWLER] The deal comes as European governments increase spending on sovereign space capabilities and private companies, including German rocket maker Isar Aerospace and spacecraft startup The Exploration Company, raise hundreds of millions of euros to scale their businesses.
2026-09-10 09:20:19 EDT [CRAWLER] But the summit also exposed
2026-09-10 09:20:19 EDT [CRAWLER] [TICKER MATCH] AMZN
2026-09-10 09:20:19 EDT [CRAWLER] [DISPATCH] Sent AMZN -> AI Server
2026-09-10 09:20:19 EDT [CRAWLER] Extracting
2026-09-10 09:20:19 EDT [CRAWLER] [CRAWLER DONE] Processed: https://www.cnbc.com/2026/09/10/amazon-ariane-rocket-launch-space-spacex.html | Extracted Links: 0 | Dispatched to AI: YES
2026-09-10 09:20:19 EDT [CRAWLER] [CRAWLER] Visiting: https://www.cnbc.com/2026/09/10/tsmc-august-revenue-chip-ai.html
2026-09-10 09:20:19 EDT [CRAWLER] Status line: HTTP/1.1 200 OK
2026-09-10 09:20:19 EDT [CRAWLER] [DEBUG] URL: https://www.cnbc.com/2026/09/10/tsmc-august-revenue-chip-ai.html
2026-09-10 09:20:19 EDT [CRAWLER] [DEBUG] Article length: 1801
2026-09-10 09:20:19 EDT [CRAWLER] [DEBUG] First 1000 chars:
2026-09-10 09:20:19 EDT [CRAWLER] In this article
2026-09-10 09:20:19 EDT [CRAWLER] Taiwan Semiconductor Manufacturing Co. reported record monthly revenue for August on Thursday, as demand for chips used in artificial intelligence applications remained strong.
2026-09-10 09:20:22 EDT [CRAWLER] The world's largest contract chipmaker posted revenue of $514.8 billion New Taiwan dollars ($16.35 billion) for last month, up 53.3% from a year earlier and 10.1% from July.
2026-09-10 09:20:22 EDT [CRAWLER] TSMC shares closed 0.61% lower on Thursday ahead of the revenue release. 
2026-09-10 09:20:22 EDT [CRAWLER] The company's monthly revenue has now risen for four straight months.
2026-09-10 09:20:22 EDT [CRAWLER] During its second-quarter earnings call in July, TSMC said AI-related demand continued to be "extremely robust."
2026-09-10 09:20:22 EDT [CRAWLER] The Taiwanese tech giant reported a more than 77% year-on-year jump in second-quarter profit and forecast third-quarter revenue between $44.6 billion and $45.8 billion.
2026-09-10 09:20:22 EDT [CRAWLER] TSMC has maintained its dominance in the global foundry market, with a 72.5% market share in the second quarter, according to a data released by TrendForce Wednesday. Strong demand for AI server processors k
2026-09-10 09:20:22 EDT [CRAWLER] [TICKER MATCH] ASML,TSM
2026-09-10 09:20:22 EDT [CRAWLER] [DISPATCH] Sent ASML,TSM -> AI Server
2026-09-10 09:20:22 EDT [CRAWLER] Extracting
2026-09-10 09:20:22 EDT [CRAWLER] [CRAWLER DONE] Processed: https://www.cnbc.com/2026/09/10/tsmc-august-revenue-chip-ai.html | Extracted Links: 0 | Dispatched to AI: YES
2026-09-10 09:20:22 EDT [CRAWLER] [CRAWLER] Visiting: https://www.cnbc.com/2026/09/09/trump-republicans-congress-stock-trading-ban-midterm-convention.html
2026-09-10 09:20:22 EDT [CRAWLER] Status line: HTTP/1.1 200 OK
2026-09-10 09:20:22 EDT [CRAWLER] [DEBUG] URL: https://www.cnbc.com/2026/09/09/trump-republicans-congress-stock-trading-ban-midterm-convention.html
2026-09-10 09:20:22 EDT [CRAWLER] [DEBUG] Article length: 2960
2026-09-10 09:20:22 EDT [CRAWLER] [DEBUG] First 1000 chars:
2026-09-10 09:20:22 EDT [CRAWLER] In this article
2026-09-10 09:20:22 EDT [CRAWLER] Republicans are using their midterm convention to make a congressional stock-trading ban part of their anti-corruption pitch — even as President Donald Trump's own investment accounts continue actively trading millions of dollars. 
2026-09-10 09:20:22 EDT [CRAWLER] Rep. Anna Paulina Luna, R-Fla., is one of at least two speakers expected to call for restrictions on congressional stock trading during the Dallas convention's opening day Wednesday, which includes a focus on "Government Integrity." 
2026-09-10 09:20:22 EDT [CRAWLER] Since returning to office, Trump has maintained an unusually large and active investment portfolio. 
2026-09-10 09:20:22 EDT [CRAWLER] Across eight accounts, he disclosed at least $858 million in assets and more than 21,000 trades in 2025, according to an earlier CNBC analysis of his annual financial disclosure. During his entire first term, he reported roughly 500 trades.
2026-09-10 09:20:22 EDT [CRAWLER] The activity has continued this year.
2026-09-10 09:20:22 EDT [CRAWLER] Trump disclosed 1,051 transactions in June alone, totaling between $78.1 million and $263.1 million. His accounts bought and sold stocks
2026-09-10 09:20:22 EDT [CRAWLER] [TICKER MATCH] MACRO
2026-09-10 09:20:22 EDT [CRAWLER] [DISPATCH] Sent MACRO -> AI Server
2026-09-10 09:20:22 EDT [CRAWLER] Extracting
2026-09-10 09:20:22 EDT [CRAWLER] [CRAWLER DONE] Processed: https://www.cnbc.com/2026/09/09/trump-republicans-congress-stock-trading-ban-midterm-convention.html | Extracted Links: 0 | Dispatched to AI: YES
2026-09-10 09:20:22 EDT [CRAWLER] [CRAWLER] Visiting: https://www.cnbc.com/2026/09/10/samsung-tries-to-draw-iphone-users-to-its-foldables-amid-apple-entry.html
2026-09-10 09:20:22 EDT [CRAWLER] Status line: HTTP/1.1 200 OK
2026-09-10 09:20:22 EDT [CRAWLER] [DEBUG] URL: https://www.cnbc.com/2026/09/10/samsung-tries-to-draw-iphone-users-to-its-foldables-amid-apple-entry.html
2026-09-10 09:20:22 EDT [CRAWLER] [DEBUG] Article length: 1657
2026-09-10 09:20:22 EDT [CRAWLER] [DEBUG] First 1000 chars:
2026-09-10 09:20:22 EDT [CRAWLER] Samsung is hoping to capitalize on renewed interest in foldable phones, luring customers just as Apple enters the market.
2026-09-10 09:20:22 EDT [CRAWLER] Globally, the share of iOS users switching to Samsung's latest Galaxy Z Fold8 series, launched in July, was 1.6 times that of the previous-generation Galaxy Z Fold7 and Flip7, a Samsung Electronics spokesperson told CNBC. Samsung pioneered the category with its first Galaxy Fold in 2019.
2026-09-10 09:20:22 EDT [CRAWLER] Apple unveiled its first foldable iPhone at a Wednesday launch event, marking one of its first major product introductions under new CEO John Ternus. 
2026-09-10 09:20:22 EDT [CRAWLER] In the U.S., 30% of Galaxy Z Flip8 buyers switched from competing smartphone brands, with most of those customers buying a foldable phone for the first time, the company said. It added that Galaxy Z Fold8 shoppers were particularly drawn to its thin and light design and inner display for multitasking and viewing content, while Fold8 Ultra shoppers favored its expansive screen and additional working space without the need for a separa
2026-09-10 09:20:22 EDT [CRAWLER] [TICKER MATCH] AAPL
2026-09-10 09:20:22 EDT [CRAWLER] [DISPATCH] Sent AAPL -> AI Server
2026-09-10 09:20:22 EDT [CRAWLER] Extracting
2026-09-10 09:20:22 EDT [CRAWLER] [CRAWLER DONE] Processed: https://www.cnbc.com/2026/09/10/samsung-tries-to-draw-iphone-users-to-its-foldables-amid-apple-entry.html | Extracted Links: 0 | Dispatched to AI: YES
2026-09-10 09:20:23 EDT [CRAWLER] [CRAWLER] Visiting: https://www.cnbc.com/2026/09/09/summer-box-theatrical-shifts.html
2026-09-10 09:20:23 EDT [CRAWLER] Status line: HTTP/1.1 200 OK
2026-09-10 09:20:23 EDT [CRAWLER] [DEBUG] URL: https://www.cnbc.com/2026/09/09/summer-box-theatrical-shifts.html
2026-09-10 09:20:23 EDT [CRAWLER] [DEBUG] Article length: 7061
2026-09-10 09:20:23 EDT [CRAWLER] [DEBUG] First 1000 chars:
2026-09-10 09:20:23 EDT [CRAWLER] In this article
2026-09-10 09:20:23 EDT [CRAWLER] Hollywood has a new summer record. 
2026-09-10 09:20:23 EDT [CRAWLER] The domestic box office tallied $4.76 billion in ticket sales during the period between May 1 and Sept. 7, the highest haul in cinematic history. 
2026-09-10 09:20:23 EDT [CRAWLER] The key moviegoing season, which starts the first weekend in May and runs through Labor Day weekend, is a pivotal piece of the theatrical calendar, typically responsible for 40% of the total annual domestic box office.
2026-09-10 09:20:23 EDT [CRAWLER] The previous summer record was cemented in 2013 when films including Disney and Marvel's "Iron Man 3," Illumination's "Despicable Me 2," Warner Bros.' "Man of Steel," Pixar's "Monsters University" and Universal's "Fast & Furious 6" led the period to $4.75 billion. 
2026-09-10 09:20:23 EDT [CRAWLER] The 2026 season was boosted by Sony's "Spider-Man: Brand New Day" and Universal's "The Odyssey," which together contributed more than $1.5 billion to the summer tally, or more than 30%. 
2026-09-10 09:20:23 EDT [CRAWLER] It was also helped by an extra week of ticket sales. In 2013, the summer began on May 3 and ended Sept. 2, a period that was sev
2026-09-10 09:20:23 EDT [CRAWLER] [TICKER MATCH] DIS,GS,SONY
2026-09-10 09:20:23 EDT [CRAWLER] [DISPATCH] Sent DIS,GS,SONY -> AI Server
2026-09-10 09:20:23 EDT [CRAWLER] Extracting
2026-09-10 09:20:23 EDT [CRAWLER] [CRAWLER DONE] Processed: https://www.cnbc.com/2026/09/09/summer-box-theatrical-shifts.html | Extracted Links: 0 | Dispatched to AI: YES
2026-09-10 09:20:23 EDT [CRAWLER] [CRAWLER] Visiting: https://www.cnbc.com/2026/09/10/fear-gauge-vix-hedges-volatility-stocks.html
2026-09-10 09:20:23 EDT [CRAWLER] Status line: HTTP/1.1 200 OK
2026-09-10 09:20:23 EDT [CRAWLER] [DEBUG] URL: https://www.cnbc.com/2026/09/10/fear-gauge-vix-hedges-volatility-stocks.html
2026-09-10 09:20:23 EDT [CRAWLER] [DEBUG] Article length: 2866
2026-09-10 09:20:23 EDT [CRAWLER] [DEBUG] First 1000 chars:
2026-09-10 09:20:23 EDT [CRAWLER] In this article
2026-09-10 09:20:23 EDT [CRAWLER] Investors are starting to seek more protection against stock market swings as a historically volatile period for markets approaches.
2026-09-10 09:20:23 EDT [CRAWLER] One sign of that nervousness is emerging in Cboe's VIX volatility index. The VIX, often referred to as Wall Street's "fear gauge," measures the level of volatility investors expect in the S&P 500 over the next 30 days, based on options prices. It tends to rise when investors become more anxious about the outlook and rush to protect their portfolios against sharp market moves, and fall when markets are calmer. A higher VIX therefore generally signals greater uncertainty or fear among investors.
2026-09-10 09:20:23 EDT [CRAWLER] September and October are typically among the months when the VIX jumps the most, after midyear drops. 
2026-09-10 09:20:23 EDT [CRAWLER] This seasonal proclivity, compounded by the upcoming U.S. midterm elections, interest-rate risk from oversupply dynamics, hawkish central bank impulses and an escalation in Middle East hostilities in recent days, may be bringing investors to seek p
2026-09-10 09:20:23 EDT [CRAWLER] [TICKER MATCH] MACRO
2026-09-10 09:20:23 EDT [CRAWLER] [DISPATCH] Sent MACRO -> AI Server
2026-09-10 09:20:23 EDT [CRAWLER] Extracting
2026-09-10 09:20:23 EDT [CRAWLER] [CRAWLER DONE] Processed: https://www.cnbc.com/2026/09/10/fear-gauge-vix-hedges-volatility-stocks.html | Extracted Links: 0 | Dispatched to AI: YES
2026-09-10 09:20:23 EDT [CRAWLER] [CRAWLER] Visiting: https://www.prnewswire.com/news-releases/personal-injury-law-firm-pays-15-000-toward-single-mothers-college-degree-with-bdj-rising-futures-scholarship-302874797.html
2026-09-10 09:20:23 EDT [CRAWLER] Status line: HTTP/1.1 200 OK
2026-09-10 09:20:23 EDT [CRAWLER] [DEBUG] URL: https://www.prnewswire.com/news-releases/personal-injury-law-firm-pays-15-000-toward-single-mothers-college-degree-with-bdj-rising-futures-scholarship-302874797.html
2026-09-10 09:20:23 EDT [CRAWLER] [DEBUG] Article length: 3466
2026-09-10 09:20:23 EDT [CRAWLER] [DEBUG] First 1000 chars:
2026-09-10 09:20:23 EDT [CRAWLER] LOS ANGELES, Sept. 10, 2026 /PRNewswire/ -- With the back-to-school season in full swing, BD&J – a personal injury firm representing clients in wrongful death, truck accidents, and more – has chosen to help one very special student achieve her career goals by providing $15,000 toward her school tuition and supplies. The 2026 Rising Futures Scholarship, a $15,000 scholarship presented by BD&J to assist adult students with completing their career training or educational programs, has been awarded to Dorothy "Dot" Jones – a single mother or two daughters, a small business owner, and a returning student attending College of the Desert's and Crafton Hills College's programs for radiology.
2026-09-10 09:20:25 EDT [CRAWLER] Dot Jones is a loving and devoted mother of two teenaged daughters, looking to advance her career and earning capacity so she can better support her family. Currently, Dot is a small business owner of a custom cake bakery called Dot's Cakes, but she has decided to take the leap into the more lucrativ
2026-09-10 09:20:25 EDT [CRAWLER] [TICKER MATCH] MACRO
2026-09-10 09:20:25 EDT [CRAWLER] [DISPATCH] Sent MACRO -> AI Server
2026-09-10 09:20:25 EDT [CRAWLER] Extracting
2026-09-10 09:20:25 EDT [CRAWLER] [CRAWLER DONE] Processed: https://www.prnewswire.com/news-releases/personal-injury-law-firm-pays-15-000-toward-single-mothers-college-degree-with-bdj-rising-futures-scholarship-302874797.html | Extracted Links: 0 | Dispatched to AI: YES
2026-09-10 09:20:25 EDT [CRAWLER] [CRAWLER] Visiting: https://www.cnbc.com/2026/09/09/trump-gop-convention-dallas-speakers.html
2026-09-10 09:20:25 EDT [CRAWLER] [CRAWLER] Visiting: https://www.prnewswire.com/news-releases/secure-passage-launches-24O7-managed-operational-intelligence-services-powered-by-truman-302874361.html
2026-09-10 09:20:25 EDT [CRAWLER] Status line: HTTP/1.1 200 OK
2026-09-10 09:20:25 EDT [CRAWLER] [DEBUG] URL: https://www.cnbc.com/2026/09/09/trump-gop-convention-dallas-speakers.html
2026-09-10 09:20:25 EDT [CRAWLER] [DEBUG] Article length: 2974
2026-09-10 09:20:25 EDT [CRAWLER] [DEBUG] First 1000 chars:
2026-09-10 09:20:25 EDT [CRAWLER] The Republican midterm convention kicked off Wednesday, with fewer than half of the candidates in the most competitive congressional races due to speak at the event that's intended to give the party's candidates a boost ahead of the November election.
2026-09-10 09:20:25 EDT [CRAWLER] A CNBC analysis of the 45 most competitive House and Senate races this year found 19 of the candidates are slated for speaking spots at the two-day convention in Dallas.
2026-09-10 09:20:25 EDT [CRAWLER] Among those who are due to precede President Donald Trump's keynotes both nights are GOP Senate candidates Michael Whatley from North Carolina and Ken Paxton from Texas, Sen. John Husted from Ohio and Rep. Mike Collins from Georgia are scheduled to speak Wednesday. All four candidates are either locked in tight races or trailing their Democratic opponents in the polls. 
2026-09-10 09:20:25 EDT [CRAWLER] On Thursday, the lineup includes incumbent Reps. Ryan Mackenzie, of Pennsylvania, and Mike Lawler, of New York, and Derek Merrin and Eric Flores, challengers to Democratic incumbents in Ohio and Texas, res
2026-09-10 09:20:25 EDT [CRAWLER] [TICKER MATCH] MACRO
2026-09-10 09:20:25 EDT [CRAWLER] [DISPATCH] Sent MACRO -> AI Server
2026-09-10 09:20:25 EDT [CRAWLER] Extracting
2026-09-10 09:20:25 EDT [CRAWLER] [CRAWLER DONE] Processed: https://www.cnbc.com/2026/09/09/trump-gop-convention-dallas-speakers.html | Extracted Links: 0 | Dispatched to AI: YES
2026-09-10 09:20:25 EDT [CRAWLER] Status line: HTTP/1.1 200 OK
2026-09-10 09:20:25 EDT [CRAWLER] [DEBUG] URL: https://www.prnewswire.com/news-releases/secure-passage-launches-24O7-managed-operational-intelligence-services-powered-by-truman-302874361.html
2026-09-10 09:20:25 EDT [CRAWLER] [DEBUG] Article length: 9188
2026-09-10 09:20:25 EDT [CRAWLER] [DEBUG] First 1000 chars:
2026-09-10 09:20:25 EDT [CRAWLER] New managed service unifies physical security, critical operational technology, autonomous fleets, and specialized drone intelligence through continuous human-led operations.
2026-09-10 09:20:25 EDT [CRAWLER] KANSAS CITY, Mo., Sept. 10, 2026 /PRNewswire/ -- Secure Passage today announced the availability of 24×7 Managed Operational Intelligence Services powered by Truman, the company's Identity-Driven Operational Control Plane for the physical world.
2026-09-10 09:20:25 EDT [CRAWLER] Delivered from Secure Passage's purpose-built, 20,000-square-foot Mission Operations Center in Kansas City, the new service provides organizations with continuous monitoring, investigation, and coordinated response across physical security, critical operational technology, autonomous systems, and distributed facilities.
2026-09-10 09:20:25 EDT [CRAWLER]               
2026-09-10 09:20:25 EDT [CRAWLER]             
2026-09-10 09:20:25 EDT [CRAWLER] Secure Passage's experienced operators use Truman to correlate information from existing cameras, access control systems, visitor management platforms, alarms, sensors, building-management systems, operational technology, robot
2026-09-10 09:20:25 EDT [CRAWLER] [TICKER MATCH] XYZ
2026-09-10 09:20:25 EDT [CRAWLER] [DISPATCH] Sent XYZ -> AI Server
2026-09-10 09:20:25 EDT [CRAWLER] Extracting
2026-09-10 09:20:25 EDT [CRAWLER] [CRAWLER DONE] Processed: https://www.prnewswire.com/news-releases/secure-passage-launches-24O7-managed-operational-intelligence-services-powered-by-truman-302874361.html | Extracted Links: 0 | Dispatched to AI: YES
2026-09-10 09:20:25 EDT [CRAWLER] [CRAWLER] Visiting: https://www.cnbc.com/2026/09/10/coinbase-ceo-brian-armstrongto-us-regulatory-clarity-regardless-of-clarity-act-vote-crypto.html
2026-09-10 09:20:25 EDT [CRAWLER] [CRAWLER] Visiting: https://www.prnewswire.com/news-releases/rision-magic-pro-now-available-for-pre-order-professional-grade-usb-c-thermal-imaging-in-your-pocket-302875359.html
2026-09-10 09:20:25 EDT [CRAWLER] Status line: HTTP/1.1 200 OK
2026-09-10 09:20:26 EDT [CRAWLER] [DEBUG] URL: https://www.cnbc.com/2026/09/10/coinbase-ceo-brian-armstrongto-us-regulatory-clarity-regardless-of-clarity-act-vote-crypto.html
2026-09-10 09:20:26 EDT [CRAWLER] [DEBUG] Article length: 3383
2026-09-10 09:20:26 EDT [CRAWLER] [DEBUG] First 1000 chars:
2026-09-10 09:20:26 EDT [CRAWLER] In this article
2026-09-10 09:20:26 EDT [CRAWLER] The Clarity Act, which seeks to establish a U.S. federal framework for digital assets, is likely to pass given broad support from crypto firms, law-enforcement groups and several banks, Coinbase CEO Brian Armstrong said. 
2026-09-10 09:20:26 EDT [CRAWLER] The legislation was ready to be supported by the Senate, Coinbase CEO Brian Armstrong told CNBC's "Squawk Box Asia" on Thursday, saying people he has spoken with are on board with the legislation. 
2026-09-10 09:20:26 EDT [CRAWLER] While Armstrong was upbeat about the prospects of the legislation getting the Senate's approval, he said even if that doesn't happen, the sector will get greater regulatory clarity. 
2026-09-10 09:20:26 EDT [CRAWLER] "Frankly, if it doesn't pass, it's also going to be a good outcome because the SEC and the CFTC have said that they're ready to publish rulemaking, and we're going to get regulatory clarity one way or another on the 15th or the day or two after," he said.
2026-09-10 09:20:26 EDT [CRAWLER] Coinbase has been a vocal supporter of the Clarity Act, which aims to define oversight of digital assets between the Securiti
2026-09-10 09:20:26 EDT [CRAWLER] [TICKER MATCH] COIN
2026-09-10 09:20:26 EDT [CRAWLER] [DISPATCH] Sent COIN -> AI Server
2026-09-10 09:20:26 EDT [CRAWLER] Extracting
2026-09-10 09:20:26 EDT [CRAWLER] [CRAWLER DONE] Processed: https://www.cnbc.com/2026/09/10/coinbase-ceo-brian-armstrongto-us-regulatory-clarity-regardless-of-clarity-act-vote-crypto.html | Extracted Links: 0 | Dispatched to AI: YES
2026-09-10 09:20:26 EDT [CRAWLER] [CRAWLER] Visiting: https://www.cnbc.com/2026/09/10/ant-international-visa-mastercard-ai-agent-payment-standard.html
2026-09-10 09:20:26 EDT [CRAWLER] Status line: HTTP/1.1 200 OK
2026-09-10 09:20:26 EDT [CRAWLER] [DEBUG] URL: https://www.prnewswire.com/news-releases/rision-magic-pro-now-available-for-pre-order-professional-grade-usb-c-thermal-imaging-in-your-pocket-302875359.html
2026-09-10 09:20:26 EDT [CRAWLER] [DEBUG] Article length: 3439
2026-09-10 09:20:26 EDT [CRAWLER] [DEBUG] First 1000 chars:
2026-09-10 09:20:26 EDT [CRAWLER] Featuring AI dual-spectrum fusion, intelligent analysis, and instant reporting, the RISION Magic Pro sets a new standard for home and commercial inspections.
2026-09-10 09:20:26 EDT [CRAWLER] HONG KONG, Sept. 10, 2026 /PRNewswire/ -- RISION, a global technology brand specializing in thermal imaging and intelligent sensing, today opened pre-orders for the RISION Magic Pro, the professional model in its Magic Series of USB-C thermal cameras, available from September 10th on RISION's official website.
2026-09-10 09:20:26 EDT [CRAWLER]               Announced on August 3 alongside the RISION Magic, the Magic Pro turns a smartphone, tablet or Windows computer into a full thermal inspection tool. It shares the Magic's 24-gram, battery-free USB-C design, AI BiSpectrix™ fusion and free RISION View apps, and adds the image detail needed to inspect, document and report on complex thermal scenes.
2026-09-10 09:20:26 EDT [CRAWLER] "With the Magic, we made thermal imaging accessible to anyone. With the Magic Pro, we give inspectors, tradespeople and demanding home users a tool they can rely on f
2026-09-10 09:20:26 EDT [CRAWLER] [TICKER MATCH] AMZN
2026-09-10 09:20:26 EDT [CRAWLER] [DISPATCH] Sent AMZN -> AI Server
2026-09-10 09:20:26 EDT [CRAWLER] Extracting
2026-09-10 09:20:26 EDT [CRAWLER] [CRAWLER DONE] Processed: https://www.prnewswire.com/news-releases/rision-magic-pro-now-available-for-pre-order-professional-grade-usb-c-thermal-imaging-in-your-pocket-302875359.html | Extracted Links: 0 | Dispatched to AI: YES
2026-09-10 09:20:26 EDT [CRAWLER] [CRAWLER] Visiting: https://www.prnewswire.com/news-releases/polymarket-appoints-warren-jenson-as-chief-financial-officer-302875360.html
2026-09-10 09:20:26 EDT [CRAWLER] Status line: HTTP/1.1 200 OK
2026-09-10 09:20:26 EDT [CRAWLER] [DEBUG] URL: https://www.cnbc.com/2026/09/10/ant-international-visa-mastercard-ai-agent-payment-standard.html
2026-09-10 09:20:26 EDT [CRAWLER] [DEBUG] Article length: 2832
2026-09-10 09:20:26 EDT [CRAWLER] [DEBUG] First 1000 chars:
2026-09-10 09:20:26 EDT [CRAWLER] Fintech company Ant International announced Thursday it has signed on Visa and Mastercard to collaborate on a new standard for payments made via AI agents, in a bet that they will be used more and more by consumers and businesses.
2026-09-10 09:20:26 EDT [CRAWLER] In a statement, the companies cited McKinsey projections expecting AI agents will handle $3 trillion to $5 trillion of global consumer commerce by 2030. But Jiang-Ming Yang, chief innovation officer of Ant International, told CNBC that AI agents' potential for hallucination meant "we need to make sure people feel safe."
2026-09-10 09:20:26 EDT [CRAWLER] "Trust is the foundation of the AI transformation," Yang told CNBC in an interview.
2026-09-10 09:20:28 EDT [CRAWLER] The new collaboration will focus on how the payment companies can "know your agent," Ant said in the announcement, which includes building common standards that link each agent to a valid entity, assess each agent's behavior and monitor them.
2026-09-10 09:20:28 EDT [CRAWLER] It's an effort to increase interoperability for users of the different systems.
2026-09-10 09:20:28 EDT [CRAWLER] "If [an] agent registers with Ant, they 
2026-09-10 09:20:28 EDT [CRAWLER] [TICKER MATCH] SBUX
2026-09-10 09:20:28 EDT [CRAWLER] [DISPATCH] Sent SBUX -> AI Server
2026-09-10 09:20:28 EDT [CRAWLER] Extracting
2026-09-10 09:20:28 EDT [CRAWLER] [CRAWLER DONE] Processed: https://www.cnbc.com/2026/09/10/ant-international-visa-mastercard-ai-agent-payment-standard.html | Extracted Links: 0 | Dispatched to AI: YES
2026-09-10 09:20:28 EDT [CRAWLER] Status line: HTTP/1.1 200 OK
2026-09-10 09:20:28 EDT [CRAWLER] [DEBUG] URL: https://www.prnewswire.com/news-releases/polymarket-appoints-warren-jenson-as-chief-financial-officer-302875360.html
2026-09-10 09:20:28 EDT [CRAWLER] [DEBUG] Article length: 3233
2026-09-10 09:20:28 EDT [CRAWLER] [DEBUG] First 1000 chars:
2026-09-10 09:20:28 EDT [CRAWLER] Former Amazon, NBC CFO and Dropbox, Ripple Board Member joins Polymarket as the company expands in the U.S. and globally
2026-09-10 09:20:28 EDT [CRAWLER] NEW YORK, Sept. 10, 2026 /PRNewswire/ -- Polymarket today named veteran finance executive Warren Jenson Chief Financial Officer. Jenson, who has previously served as CFO of Amazon, Electronic Arts, Delta Air Lines and NBC, will report to Founder and Chief Executive Officer Shayne Coplan.
2026-09-10 09:20:28 EDT [CRAWLER] The appointment comes as Polymarket scales its CFTC-regulated U.S. exchange, expands its global platform and adds senior leaders across the company. As CFO, Jenson will lead the company's finance organization, set financial and capital strategy, strengthen long-range planning and build the infrastructure to carry Polymarket into its next phase.
2026-09-10 09:20:28 EDT [CRAWLER] "Prediction markets are changing how the world gets information, and Polymarket is at the forefront of that industry," said Shayne Coplan, Founder and CEO of Polymarket. "We're assembling the team to match the opportunity in front of us. Warre
2026-09-10 09:20:28 EDT [CRAWLER] [TICKER MATCH] AMZN,EA
2026-09-10 09:20:28 EDT [CRAWLER] [DISPATCH] Sent AMZN,EA -> AI Server
2026-09-10 09:20:28 EDT [CRAWLER] Extracting
2026-09-10 09:20:28 EDT [CRAWLER] [CRAWLER DONE] Processed: https://www.prnewswire.com/news-releases/polymarket-appoints-warren-jenson-as-chief-financial-officer-302875360.html | Extracted Links: 0 | Dispatched to AI: YES
2026-09-10 09:20:28 EDT [CRAWLER] [CRAWLER] Visiting: https://www.cnbc.com/2026/09/10/china-crude-oil-iran-hormuz-war-trump-brent-prices-.html
2026-09-10 09:20:28 EDT [CRAWLER] Status line: HTTP/1.1 200 OK
2026-09-10 09:20:28 EDT [CRAWLER] [DEBUG] URL: https://www.cnbc.com/2026/09/10/china-crude-oil-iran-hormuz-war-trump-brent-prices-.html
2026-09-10 09:20:28 EDT [CRAWLER] [DEBUG] Article length: 3584
2026-09-10 09:20:28 EDT [CRAWLER] [DEBUG] First 1000 chars:
2026-09-10 09:20:28 EDT [CRAWLER] In this article
2026-09-10 09:20:28 EDT [CRAWLER] China's years of stockpiling of crude and subsequent pullback on oil purchases since the Middle East war erupted in late February helped the world avoid a far deeper energy crisis. But that buffer may face a test as Beijing shows signs of resuming purchases, according to economists.
2026-09-10 09:20:28 EDT [CRAWLER] "China kind of saved the day," and helped the world avoid the "doomsday scenario" when the Strait of Hormuz closure choked off 20% of global energy supply, Paul Gruenwald, global chief economist at S&P Global Ratings, said at a conference in Singapore on Thursday. 
2026-09-10 09:20:28 EDT [CRAWLER] The world's largest oil buyer has slashed its imports after the war broke out, tapping into its stockpiles, keeping a lid on global oil prices and safeguarding its economy. 
2026-09-10 09:20:28 EDT [CRAWLER] The U.S. Energy Information Administration estimates China holds 1.4 billion barrels of strategic crude oil inventories, compared with 825 million barrels in the U.S., as of December 2025, including commercial inventories. Its crude imports dropped below 8 mil
2026-09-10 09:20:28 EDT [CRAWLER] [TICKER MATCH] GS
2026-09-10 09:20:28 EDT [CRAWLER] [DISPATCH] Sent GS -> AI Server
2026-09-10 09:20:28 EDT [CRAWLER] Extracting
2026-09-10 09:20:28 EDT [CRAWLER] [CRAWLER DONE] Processed: https://www.cnbc.com/2026/09/10/china-crude-oil-iran-hormuz-war-trump-brent-prices-.html | Extracted Links: 0 | Dispatched to AI: YES
2026-09-10 09:20:28 EDT [CRAWLER] [CRAWLER] Visiting: https://www.prnewswire.com/news-releases/maywood-integrates-pitchbooks-private-market-intelligence-into-its-ai-workflows-302875361.html
2026-09-10 09:20:28 EDT [CRAWLER] [CRAWLER] Visiting: https://www.cnbc.com/2026/09/10/ryanair-airfare-prices-oil-iran-war.html
2026-09-10 09:20:28 EDT [CRAWLER] [CRAWLER] Visiting: https://www.prnewswire.com/news-releases/flip-electronics-announces-authorized-distribution-partnership-with-littelfuse-302874947.html
2026-09-10 09:20:28 EDT [CRAWLER] Status line: HTTP/1.1 200 OK
2026-09-10 09:20:29 EDT [ORCHESTRATOR] [WAIT] Sleeping until market open at 9:30 AM EDT (9 minutes, 30 seconds remaining)...
2026-09-10 09:20:29 EDT [CRAWLER] [DEBUG] URL: https://www.cnbc.com/2026/09/10/ryanair-airfare-prices-oil-iran-war.html
2026-09-10 09:20:29 EDT [CRAWLER] [DEBUG] Article length: 2084
2026-09-10 09:20:29 EDT [CRAWLER] [DEBUG] First 1000 chars:
2026-09-10 09:20:29 EDT [CRAWLER] In this article
2026-09-10 09:20:29 EDT [CRAWLER] Ryanair's CEO warned Thursday that airfare prices may see "significant" hikes if oil prices remain elevated as the surging cost of jet fuel continues to squeeze the airline industry. 
2026-09-10 09:20:29 EDT [CRAWLER] "We expect pricing ​to be ​very ⁠modestly down in the second quarter (from July ​to September), but ​the ⁠December and March quarters are entirely up in the ⁠air," Michael O'Leary told reporters ahead of the company's annual general meeting, according to comments reported by Reuters. 
2026-09-10 09:20:29 EDT [CRAWLER] "If ​oil prices remain high into next year, I think there ​will be a significant ​uplift in airfares, and we would ‌hope ⁠to avoid that," O'Leary added. 
2026-09-10 09:20:29 EDT [CRAWLER] CNBC has contacted Ryanair for comment on the statements.
2026-09-10 09:20:29 EDT [CRAWLER] Oil prices edged higher Thursday as worries over escalating tensions in the Middle East and their impact on energy supplies kept Brent crude above $100 a barrel. U.S. West Texas Interm
2026-09-10 09:20:29 EDT [CRAWLER] 00006000
2026-09-10 09:20:29 EDT [CRAWLER] ediate crude futures were up 1.4% to $97.4 per barrel. 
2026-09-10 09:20:29 EDT [CRAWLER] The jump in oil prices h
2026-09-10 09:20:29 EDT [CRAWLER] [TICKER MATCH] MACRO
2026-09-10 09:20:29 EDT [CRAWLER] [DISPATCH] Sent MACRO -> AI Server
2026-09-10 09:20:29 EDT [CRAWLER] Extracting
2026-09-10 09:20:29 EDT [CRAWLER] [CRAWLER DONE] Processed: https://www.cnbc.com/2026/09/10/ryanair-airfare-prices-oil-iran-war.html | Extracted Links: 0 | Dispatched to AI: YES
2026-09-10 09:20:29 EDT [CRAWLER] Status line: HTTP/1.1 200 OK
2026-09-10 09:20:29 EDT [CRAWLER] [DEBUG] URL: https://www.prnewswire.com/news-releases/maywood-integrates-pitchbooks-private-market-intelligence-into-its-ai-workflows-302875361.html
2026-09-10 09:20:29 EDT [CRAWLER] [DEBUG] Article length: 3132
2026-09-10 09:20:29 EDT [CRAWLER] [DEBUG] First 1000 chars:
2026-09-10 09:20:29 EDT [CRAWLER] NEW YORK, Sept. 10, 2026 /PRNewswire/ -- Maywood, the first finance-compliant proactive AI built for investment banking, accounting, corporate banking, and the broader financial services industry, today announced it has partnered with PitchBook, the leading private capital market intelligence platform, to integrate its data into Maywood's AI harness. The integration enables Maywood's agents to leverage the breadth of PitchBook's data to proactively track private companies, identify key signals, and help teams make more informed deal decisions.
2026-09-10 09:20:29 EDT [CRAWLER]               The integration enables Maverick, Maywood's proactive AI agent, to access and deliver best-in-class and trusted private company data covering 30+ key firmographic details through the PitchBook Essential Connector. Maverick's suggestions an
2026-09-10 09:20:29 EDT [CRAWLER] a5a
2026-09-10 09:20:29 EDT [CRAWLER] d actions for private companies are now tied to the most trusted private data source, giving senior dealmakers assurance and conviction in taking action. PitchBook data will be delivered di
2026-09-10 09:20:29 EDT [CRAWLER] [TICKER MATCH] MACRO
2026-09-10 09:20:29 EDT [CRAWLER] [DISPATCH] Sent MACRO -> AI Server
2026-09-10 09:20:29 EDT [CRAWLER] Extracting
2026-09-10 09:20:29 EDT [CRAWLER] [CRAWLER DONE] Processed: https://www.prnewswire.com/news-releases/maywood-integrates-pitchbooks-private-market-intelligence-into-its-ai-workflows-302875361.html | Extracted Links: 0 | Dispatched to AI: YES
2026-09-10 09:20:29 EDT [CRAWLER] [CRAWLER] Visiting: https://www.cnbc.com/2026/09/09/amazon-adds-cybersecurity-vet-ex-google-exec-kevin-mandia-to-board.html
2026-09-10 09:20:29 EDT [CRAWLER] [CRAWLER] Visiting: https://www.prnewswire.com/news-releases/inspiren-raises-70m-series-c-to-scale-physical-ai-for-senior-living-302874801.html
2026-09-10 09:20:29 EDT [CRAWLER] Status line: HTTP/1.1 200 OK
2026-09-10 09:20:29 EDT [CRAWLER] [DEBUG] URL: https://www.cnbc.com/2026/09/09/amazon-adds-cybersecurity-vet-ex-google-exec-kevin-mandia-to-board.html
2026-09-10 09:20:29 EDT [CRAWLER] [DEBUG] Article length: 1836
2026-09-10 09:20:29 EDT [CRAWLER] [DEBUG] First 1000 chars:
2026-09-10 09:20:29 EDT [CRAWLER] In this article
2026-09-10 09:20:29 EDT [CRAWLER] Amazon said Kevin Mandia, the founder and former CEO of cybersecurity company Mandiant, is joining its board of directors. 
2026-09-10 09:20:29 EDT [CRAWLER] In a blog post on Wednesday, Amazon referred to Mandia as a "widely recognized cybersecurity expert" with extensive experience "combating cyber threats" in the public and private sectors.
2026-09-10 09:20:29 EDT [CRAWLER] His appointment comes as companies grapple with new cybersecurity threats tied to artificial intelligence. OpenAI in July disclosed its autonomous agents successfully breached AI platform Hugging Face, while Anthropic in April took steps to limit the rollout of its Mythos AI model over concerns hackers could leverage it for cyberattacks.   
2026-09-10 09:20:30 EDT [CRAWLER] Mandia founded Mandiant in 2004 and sold the company to Google for $5.4 billion in 2022. He left Google in 2024, and last year launched a new startup called Armadin, which uses AI to identify network vulnerabilities. Mandia is also a general partner at Ballistic Ventures, a venture capital firm he co-founded.  
2026-09-10 09:20:30 EDT [CRAWLER] "Mandia is a glo
2026-09-10 09:20:30 EDT [CRAWLER] [TICKER MATCH] AMZN,GOOGL
2026-09-10 09:20:30 EDT [CRAWLER] [DISPATCH] Sent AMZN,GOOGL -> AI Server
2026-09-10 09:20:30 EDT [CRAWLER] Extracting
2026-09-10 09:20:30 EDT [CRAWLER] [CRAWLER DONE] Processed: https://www.cnbc.com/2026/09/09/amazon-adds-cybersecurity-vet-ex-google-exec-kevin-mandia-to-board.html | Extracted Links: 0 | Dispatched to AI: YES
2026-09-10 09:20:30 EDT [CRAWLER] [CRAWLER] Visiting: https://www.cnbc.com/2026/09/09/la-rams-kevin-demoff-australia.html
2026-09-10 09:20:30 EDT [CRAWLER] Status line: HTTP/1.1 200 OK
2026-09-10 09:20:30 EDT [CRAWLER] [DEBUG] URL: https://www.prnewswire.com/news-releases/flip-electronics-announces-authorized-distribution-partnership-with-littelfuse-302874947.html
2026-09-10 09:20:30 EDT [CRAWLER] [DEBUG] Article length: 3200
2026-09-10 09:20:30 EDT [CRAWLER] [DEBUG] First 1000 chars:
2026-09-10 09:20:30 EDT [CRAWLER] ALPHARETTA, Ga., Sept. 10, 2026 /PRNewswire/ -- Flip Electronics, a global authorized distributor specializing in hard-to-find, discontinued LTB, EOL, aged, and obsolete electronic components, today announced it has signed an authorized distribution partnership agreement with Littelfuse. Through this agreement, Flip Electronics will distribute an expansive portfolio of Littelfuse EOL, obsolete, aged, and excess devices, supporting innovation across industrial, military, aerospace, transportation, and medical markets.
2026-09-10 09:20:30 EDT [CRAWLER] 94b
2026-09-10 09:20:30 EDT [CRAWLER] "We are committed to supporting customers throughout the product lifecycle, and making our end-of-life (EOL) and obsolete product portfolio available through Flip Electronics is an important part of that commitment. Their customer-focused approach and dedication to addressing obsolescence and long-term supply chain challenges make them an ideal partner for supporting our legacy and EOL customer base." Said Crystal Sensenbrenner, Vice President of Global Distribution
2026-09-10 09:20:30 EDT [CRAWLER] [TICKER MATCH] MACRO
2026-09-10 09:20:30 EDT [CRAWLER] [DISPATCH] Sent MACRO -> AI Server
2026-09-10 09:20:30 EDT [CRAWLER] Extracting
2026-09-10 09:20:30 EDT [CRAWLER] [CRAWLER DONE] Processed: https://www.prnewswire.com/news-releases/flip-electronics-announces-authorized-distribution-partnership-with-littelfuse-302874947.html | Extracted Links: 0 | Dispatched to AI: YES
2026-09-10 09:20:30 EDT [CRAWLER] Status line: HTTP/1.1 200 OK
2026-09-10 09:20:30 EDT [CRAWLER] [DEBUG] URL: https://www.prnewswire.com/news-releases/inspiren-raises-70m-series-c-to-scale-physical-ai-for-senior-living-302874801.html
2026-09-10 09:20:30 EDT [CRAWLER] [DEBUG] Article length: 5808
2026-09-10 09:20:30 EDT [CRAWLER] [DEBUG] First 1000 chars:
2026-09-10 09:20:30 EDT [CRAWLER] $225 million raised to date at a valuation exceeding $500 million, funding technology that helps care teams act before resident needs become emergencies
2026-09-10 09:20:30 EDT [CRAWLER] NEW YORK, Sept. 10, 2026 /PRNewswire/ -- Inspiren, the leader in AI-powered solutions redefining senior living, today announced it has raised $70 million in Series C funding at a valuation exceeding $500 million. The round was led by NewView Capital
2026-09-10 09:20:30 EDT [CRAWLER] 48c
2026-09-10 09:20:30 EDT [CRAWLER] , with participation from Insight Partners, Primary Venture Partners, Scale Venture Partners, Vintage Investment Partners, Lightbank, Avenir Growth Capital, Story Ventures and Camber Creek. This brings Inspiren's total funding to $225 million, the most capital raised and the highest valuation to date for a technology company built specifically for senior living operators, communities and residents.
2026-09-10 09:20:30 EDT [CRAWLER] The 85-and-older population is the fastest-growing age group in North America, and the residents moving into senior living today are more clinically complex than ever before, putting pressu
2026-09-10 09:20:30 EDT [CRAWLER] [TICKER MATCH] SHOP
2026-09-10 09:20:30 EDT [CRAWLER] [DISPATCH] Sent SHOP -> AI Server
2026-09-10 09:20:30 EDT [CRAWLER] Extracting
2026-09-10 09:20:30 EDT [CRAWLER] [CRAWLER DONE] Processed: https://www.prnewswire.com/news-releases/inspiren-raises-70m-series-c-to-scale-physical-ai-for-senior-living-302874801.html | Extracted Links: 0 | Dispatched to AI: YES
2026-09-10 09:20:30 EDT [CRAWLER] [CRAWLER] Visiting: https://www.prnewswire.com/news-releases/former-california-gubernatorial-candidate-john-h-cox-launches-hear-the-people-a-bipartisan-movement-to-put-democracy-back-in-the-hands-of-the-people-302875259.html
2026-09-10 09:20:30 EDT [CRAWLER] Status line: HTTP/1.1 200 OK
2026-09-10 09:20:30 EDT [CRAWLER] [DEBUG] URL: https://www.cnbc.com/2026/09/09/la-rams-kevin-demoff-australia.html
2026-09-10 09:20:30 EDT [CRAWLER] [DEBUG] Article length: 3861
2026-09-10 09:20:30 EDT [CRAWLER] [DEBUG] First 1000 chars:
2026-09-10 09:20:32 EDT [CRAWLER] MELBOURNE, Australia — The Los Angeles Rams will play the first-ever regular-season NFL game Down Under this week, but the team has been quietly building its profile in the country for the past five years. 
2026-09-10 09:20:32 EDT [CRAWLER] "We basically have full activation rights here in many ways that we would ... in Los Angeles," Kevin Demoff, president of the Rams, told CNBC. "We consider this an extension of our city, our market, our brand." 
2026-09-10 09:20:32 EDT [CRAWLER] In 2021, the Rams purchased NFL marketing rights for the Australian market as part of the league's Global Markets Program. It allows the team to use logos and marks in the region and to partner with local brands in an effort to build fandom overseas. 
2026-09-10 09:20:32 EDT [CRAWLER] The NFL has been expanding its international reach, playing a record nine games outside the U.S. during the 2026 season. The game in Melbourne between the Rams and the San Francisco 49ers is set for the Melbourne Cricket Ground at 10:35 a.m. Melbourne time on Friday, or 8:35 p.m. ET on Thursday. 
2026-09-10 09:20:32 EDT [CRAWLER] Demoff said the Rams own the 
2026-09-10 09:20:32 EDT [CRAWLER] [TICKER MATCH] MACRO
2026-09-10 09:20:32 EDT [CRAWLER] [DISPATCH] Sent MACRO -> AI Server
2026-09-10 09:20:32 EDT [CRAWLER] Extracting
2026-09-10 09:20:32 EDT [CRAWLER] [CRAWLER DONE] Processed: https://www.cnbc.com/2026/09/09/la-rams-kevin-demoff-australia.html | Extracted Links: 0 | Dispatched to AI: YES
2026-09-10 09:20:32 EDT [CRAWLER] [CRAWLER] Visiting: https://www.prnewswire.com/news-releases/newport-healthcare-and-to-write-love-on-her-arms-twloha-mark-a-decade-of-partnership-for-suicide-prevention-302874661.html
2026-09-10 09:20:32 EDT [CRAWLER] Status line: HTTP/1.1 200 OK
2026-09-10 09:20:32 EDT [CRAWLER] [DEBUG] URL: https://www.prnewswire.com/news-releases/newport-healthcare-and-to-write-love-on-her-arms-twloha-mark-a-decade-of-partnership-for-suicide-prevention-302874661.html
2026-09-10 09:20:32 EDT [CRAWLER] [DEBUG] Article length: 5778
2026-09-10 09:20:32 EDT [CRAWLER] [DEBUG] First 1000 chars:
2026-09-10 09:20:32 EDT [CRAWLER] Collaboration coincides with TWLOHA's 20th anniversary and features a national suicide prevention awareness campaign and virtual film screening event
2026-09-10 09:20:32 EDT [CRAWLER] NASHVILLE, Tenn., Sept. 10, 2026 /PRNewswire/ -- Every person deserves access to support before a moment of crisis becomes a tragedy. That shared conviction is at the heart of Newport Healthcare's continued partnership with To Write Love on Her Arms (TWLOHA), now entering its 10th year. During Suicide Prevention Awareness Month this September, the organizations are again joining forces to spread messages of hope, connect people with help, and support access to lifesaving mental health treatment.
2026-09-10 09:20:32 EDT [CRAWLER] The partnership reaches two significant milestones in 2026: a decade of collaboration between Newport Healthcare and TWLOHA, and 20 years since the story that inspired TWLOHA first appeared online. This year's TWLOHA campaign theme, This Is Not the End of Your Story, reinforces a message central to both organizations: that pain does not define a p
2026-09-10 09:20:32 EDT [CRAWLER] [TICKER MATCH] MACRO
2026-09-10 09:20:32 EDT [CRAWLER] [DISPATCH] Sent MACRO -> AI Server
2026-09-10 09:20:32 EDT [CRAWLER] Extracting
2026-09-10 09:20:32 EDT [CRAWLER] [CRAWLER DONE] Processed: https://www.prnewswire.com/news-releases/newport-healthcare-and-to-write-love-on-her-arms-twloha-mark-a-decade-of-partnership-for-suicide-prevention-302874661.html | Extracted Links: 0 | Dispatched to AI: YES
2026-09-10 09:20:32 EDT [CRAWLER] [CRAWLER] Visiting: https://www.prnewswire.com/news-releases/quickplay-unveils-engagement-quality-score-powering-content-to-value-for-media-ecosystems-302875358.html
2026-09-10 09:20:32 EDT [CRAWLER] Status line: HTTP/1.1 200 OK
2026-09-10 09:20:32 EDT [CRAWLER] [DEBUG] URL: https://www.prnewswire.com/news-releases/quickplay-unveils-engagement-quality-score-powering-content-to-value-for-media-ecosystems-302875358.html
2026-09-10 09:20:32 EDT [CRAWLER] [DEBUG] Article length: 3656
2026-09-10 09:20:32 EDT [CRAWLER] [DEBUG] First 1000 chars:
2026-09-10 09:20:32 EDT [CRAWLER] New workflow-embedded intelligence tool scores every asset for engagement value, unlocking greater audience impact from existing streaming catalogs
2026-09-10 09:20:32 EDT [CRAWLER] AMSTERDAM, Sept. 10, 2026 /PRNewswire/ -- (IBC - Stand 5.G86) -- Quickplay, the Content to Value Operating System for media and entertainment, today announced the launch of its Engagement Quality Score (EQS) intelligence layer, which assigns a real-time, quantifiable value score to every asset and moment, helping media companies better monetize their catalogs. EQS connects content directly to value, giving operators a clear, quantifiable read on how valuable each asset is to their audience.
2026-09-10 09:20:35 EDT [CRAWLER]               One of the streaming industry's most expensive bottlenecks is the under-distribution of high-quality catalog assets. Quickplay's analysis reveals that roughly 42% of catalog content includes "hidden gems" that are currently unseen and under-utilized. Meanwhile, platform promotional power is often wasted on the roughly 15% of content that u
2026-09-10 09:20:35 EDT [CRAWLER] [TICKER MATCH] DIS,T,WBD
2026-09-10 09:20:35 EDT [CRAWLER] [DISPATCH] Sent DIS,T,WBD -> AI Server
2026-09-10 09:20:35 EDT [CRAWLER] Extracting
2026-09-10 09:20:35 EDT [CRAWLER] [CRAWLER DONE] Processed: https://www.prnewswire.com/news-releases/quickplay-unveils-engagement-quality-score-powering-content-to-value-for-media-ecosystems-302875358.html | Extracted Links: 0 | Dispatched to AI: YES
2026-09-10 09:20:35 EDT [CRAWLER] Status line: HTTP/1.1 200 OK
2026-09-10 09:20:35 EDT [CRAWLER] [DEBUG] URL: https://www.prnewswire.com/news-releases/former-california-gubernatorial-candidate-john-h-cox-launches-hear-the-people-a-bipartisan-movement-to-put-democracy-back-in-the-hands-of-the-people-302875259.html
2026-09-10 09:20:35 EDT [CRAWLER] [DEBUG] Article length: 10249
2026-09-10 09:20:35 EDT [CRAWLER] [DEBUG] First 1000 chars:
2026-09-10 09:20:35 EDT [CRAWLER] New national grassroots effort says America's political system is broken—and Republicans and Democrats have both played a role in breaking it
2026-09-10 09:20:35 EDT [CRAWLER] SAN DIEGO, Sept. 10, 2026 /PRNewswire/ -- Former California gubernatorial candidate and businessman John H. Cox today announced the launch of Hear the People, a bipartisan grassroots movement dedicated to fundamentally changing the way Americans are represented in Congress and giving ordinary citizens a greater voice in their government.
2026-09-10 09:20:35 EDT [CRAWLER] Hear the People begins with a simple premise: America does not have a people problem. It has a representation problem.
2026-09-10 09:20:35 EDT [CRAWLER] For decades, Americans have watched political divisions become deeper, campaigns become more expensive and Washington become increasingly disconnected from the communities it is supposed to represent. At the same time, many of the issues that matter most to families—from the rising cost of housing and healthcare to groceries, energy, childcare and the ability to save for the future—remain u
2026-09-10 09:20:35 EDT [CRAWLER] [TICKER MATCH] MACRO
2026-09-10 09:20:35 EDT [CRAWLER] [DISPATCH] Sent MACRO -> AI Server
2026-09-10 09:20:35 EDT [CRAWLER] Extracting
2026-09-10 09:20:35 EDT [CRAWLER] [CRAWLER DONE] Processed: https://www.prnewswire.com/news-releases/former-california-gubernatorial-candidate-john-h-cox-launches-hear-the-people-a-bipartisan-movement-to-put-democracy-back-in-the-hands-of-the-people-302875259.html | Extracted Links: 0 | Dispatched to AI: YES
2026-09-10 09:20:35 EDT [CRAWLER] [CRAWLER] Visiting: https://www.prnewswire.com/news-releases/elegoo-day-2026---construire-un-ecosysteme-plus-connecte-dans-lequel-les-idees-sont-concretisees-302875248.html
2026-09-10 09:20:35 EDT [CRAWLER] [CRAWLER] Visiting: https://www.prnewswire.com/news-releases/elegoo-day-2026-construyendo-un-ecosistema-mas-conectado-donde-las-ideas-se-hacen-realidad-302875330.html
2026-09-10 09:20:35 EDT [CRAWLER] Status line: HTTP/1.1 200 OK
2026-09-10 09:20:35 EDT [CRAWLER] [DEBUG] URL: https://www.prnewswire.com/news-releases/elegoo-day-2026---construire-un-ecosysteme-plus-connecte-dans-lequel-les-idees-sont-concretisees-302875248.html
2026-09-10 09:20:35 EDT [CRAWLER] [DEBUG] Article length: 7105
2026-09-10 09:20:35 EDT [CRAWLER] [DEBUG] First 1000 chars:
2026-09-10 09:20:35 EDT [CRAWLER] ELEGOO réunit sa communauté pour le lancement de son événement annuel, dans lequel figurent le $1 Million Creator Fund, le Make It Real Challenge, de nouveaux générateurs de modèles et des offres spéciales.
2026-09-10 09:20:35 EDT [CRAWLER] SHENZHEN, Chine, 10 septembre 2026
2026-09-10 09:20:35 EDT [CRAWLER] 970
2026-09-10 09:20:35 EDT [CRAWLER]  /PRNewswire/ -- ELEGOO, une marque dynamique dans le domaine de la fabrication intelligente à l'échelle mondiale, annonce aujourd'hui l'ELEGOO DAY 2026, son événement annuel dédié à la communauté, aux idées et aux possibilités qui façonnent l'avenir de l'impression 3D. La campagne de cette année met l'accent sur les efforts déployés par ELEGOO en vue de créer un écosystème plus connecté, qui aide chacun à transformer son inspiration en création et à avoir un impact concret sur le monde réel.
2026-09-10 09:20:35 EDT [CRAWLER]               Au cœur de l'ELEGOO DAY 2026 se trouve Nexprint, la communauté de modèles 3D en pleine expansion d'ELEGOO et sa plateforme créative. Grâce à des programmes d'incitation destinés aux créateurs, à des d
2026-09-10 09:20:35 EDT [CRAWLER] [TICKER MATCH] MACRO
2026-09-10 09:20:35 EDT [CRAWLER] [DISPATCH] Sent MACRO -> AI Server
2026-09-10 09:20:35 EDT [CRAWLER] Extracting
2026-09-10 09:20:35 EDT [CRAWLER] [CRAWLER DONE] Processed: https://www.prnewswire.com/news-releases/elegoo-day-2026---construire-un-ecosysteme-plus-connecte-dans-lequel-les-idees-sont-concretisees-302875248.html | Extracted Links: 0 | Dispatched to AI: YES
2026-09-10 09:20:35 EDT [CRAWLER] [CRAWLER] Visiting: https://www.prnewswire.com/news-releases/bioviva-secures-us-patent-for-htert-and-follistatin-344-gene-therapy-approach-to-age-related-disorders-302874790.html
2026-09-10 09:20:37 EDT [CRAWLER] Status line: HTTP/1.1 200 OK
2026-09-10 09:20:37 EDT [CRAWLER] [DEBUG] URL: https://www.prnewswire.com/news-releases/elegoo-day-2026-construyendo-un-ecosistema-mas-conectado-donde-las-ideas-se-hacen-realidad-302875330.html
2026-09-10 09:20:37 EDT [CRAWLER] [DEBUG] Article length: 6631
2026-09-10 09:20:37 EDT [CRAWLER] [DEBUG] First 1000 chars:
2026-09-10 09:20:37 EDT [CRAWLER] ELEGOO reúne a la comunidad con el lanzamiento de su celebración anual, que incluye el Fondo para Creadores mejorado de 1 millón de dólares, el desafío "Make It Real", nuevos generadores de modelos y ofertas especiales.
2026-09-10 09:20:37 EDT [CRAWLER] SHENZHEN, China, 10 de septiembre de 2026 /PRNewswire/ -- ELEGOO, una marca en rápido crecimiento dentro del sector global de la fabricación inteligente, anuncia hoy el ELEGOO DAY 2026, su celebración anual de la comunidad, las ideas y las posibilidades que están dando forma al futuro de la impresión 3D. La campaña de este año destaca los esfuerzos de ELEGOO por construir un ecosistema más conectado que ayude a las personas a transformar la inspiración en creaciones y en un impacto real en el mundo.
2026-09-10 09:20:37 EDT [CRAWLER]               El eje central de ELEGOO DAY 2026 es Nexprint, la plataforma creativa y comunidad de modelos 3D de ELEGOO en constante crecimiento. Mediante incentivos para creadores, desafíos creativos y generadores de modelos, Nexprint busca hacer más accesi
2026-09-10 09:20:37 EDT [CRAWLER] [TICKER MATCH] MACRO
2026-09-10 09:20:37 EDT [CRAWLER] [DISPATCH] Sent MACRO -> AI Server
2026-09-10 09:20:37 EDT [CRAWLER] Extracting
2026-09-10 09:20:37 EDT [CRAWLER] [CRAWLER DONE] Processed: https://www.prnewswire.com/news-releases/elegoo-day-2026-construyendo-un-ecosistema-mas-conectado-donde-las-ideas-se-hacen-realidad-302875330.html | Extracted Links: 0 | Dispatched to AI: YES
2026-09-10 09:20:37 EDT [CRAWLER] Status line: HTTP/1.1 200 OK
2026-09-10 09:20:37 EDT [CRAWLER] [DEBUG] URL: https://www.prnewswire.com/news-releases/bioviva-secures-us-patent-for-htert-and-follistatin-344-gene-therapy-approach-to-age-related-disorders-302874790.html
2026-09-10 09:20:37 EDT [CRAWLER] [DEBUG] Article length: 5118
2026-09-10 09:20:37 EDT [CRAWLER] [DEBUG] First 1000 chars:
2026-09-10 09:20:37 EDT [CRAWLER] U.S. Patent No. 12,653,907 protects a dual-gene therapeutic strategy targeting telomere maintenance, muscle biology and metabolic function
2026-09-10 09:20:37 EDT [CRAWLER] SEATTLE, Sept. 10, 2026 /PRNewswire/ -- BioViva USA Inc. today announced the issuance of U.S. Patent No. 12,653,907, titled Methods of Treating or Preventing Age-Related Disorders, covering therapeutic methods involving the combination of human telomerase reverse transcriptase (hTERT) and Follistatin-344 (FST).
2026-09-10 09:20:37 EDT [CRAWLER] The patent was issued by the United States Patent and Trademark Office on June 16, 2026, BioViva USA Inc. is the assignee. The patent represents an important addition to BioViva's intellectual-property portfolio focused on genetic approaches to age-related disorders.
2026-09-10 09:20:37 EDT [CRAWLER] A Dual-Gene Approach to Age-Related Biology
2026-09-10 09:20:37 EDT [CRAWLER] The patented technology combines two biological targets with complementary roles in aging biology.
2026-09-10 09:20:37 EDT [CRAWLER] hTERT, the catalytic component of telomerase, is involved in telomere maintenance. Telomeres protect the ends of chromosomes and are asso
2026-09-10 09:20:37 EDT [CRAWLER] [TICKER MATCH] MACRO
2026-09-10 09:20:37 EDT [CRAWLER] [DISPATCH] Sent MACRO -> AI Server
2026-09-10 09:20:37 EDT [CRAWLER] Extracting
2026-09-10 09:20:37 EDT [CRAWLER] [CRAWLER DONE] Processed: https://www.prnewswire.com/news-releases/bioviva-secures-us-patent-for-htert-and-follistatin-344-gene-therapy-approach-to-age-related-disorders-302874790.html | Extracted Links: 0 | Dispatched to AI: YES
2026-09-10 09:20:37 EDT [CRAWLER] [CRAWLER] Visiting: https://finance.yahoo.com/markets/stocks/articles/citigroup-c-gains-turnaround-momentum-130418499.html
2026-09-10 09:20:37 EDT [CRAWLER] [CRAWLER] Visiting: https://www.prnewswire.com/news-releases/elegoo-day-2026-building-a-more-connected-ecosystem-where-ideas-become-real-302874512.html
2026-09-10 09:20:37 EDT [CRAWLER] Status line: HTTP/1.1 200 OK
2026-09-10 09:20:37 EDT [CRAWLER] [DEBUG] URL: https://www.prnewswire.com/news-releases/elegoo-day-2026-building-a-more-connected-ecosystem-where-ideas-become-real-302874512.html
2026-09-10 09:20:37 EDT [CRAWLER] [DEBUG] Article length: 5324
2026-09-10 09:20:37 EDT [CRAWLER] [DEBUG] First 1000 chars:
2026-09-10 09:20:37 EDT [CRAWLER] ELEGOO brings community together with the launch of its annual celebration, featuring the enhanced $1 Million Creator Fund, Make It Real Challenge, new model generators and special offers.
2026-09-10 09:20:38 EDT [CRAWLER] SHENZHEN, China, Sept. 10, 2026 /PRNewswire/ -- ELEGOO, a rapidly developing brand in global smart manufacturing, today announces ELEGOO DAY 2026, its annual celebration of the community, ideas and possibilities shaping the future of 3D printing. This year's campaign highlights ELEGOO's efforts to build a more connected ecosystem that helps people turn inspiration into creation and real-world impact.
2026-09-10 09:20:38 EDT [CRAWLER]               At the center of ELEGOO DAY 2026 is Nexprint, ELEGOO's growing 3D model community and creative platform. Through creator incentives, creative challenges and model generators, Nexprint is designed to make 3D creation more accessible and help creators share, connect and grow.
2026-09-10 09:20:38 EDT [CRAWLER] Turning 2D Inspiration into 3D Reality
2026-09-10 09:20:38 EDT [CRAWLER] As part of ELEGOO DAY, Nexprint will launch the Make It Real Challenge from Se
2026-09-10 09:20:38 EDT [CRAWLER] [TICKER MATCH] XYZ
2026-09-10 09:20:38 EDT [CRAWLER] [DISPATCH] Sent XYZ -> AI Server
2026-09-10 09:20:38 EDT [CRAWLER] Extracting
2026-09-10 09:20:38 EDT [CRAWLER] [CRAWLER DONE] Processed: https://www.prnewswire.com/news-releases/elegoo-day-2026-building-a-more-connected-ecosystem-where-ideas-become-real-302874512.html | Extracted Links: 0 | Dispatched to AI: YES
2026-09-10 09:20:38 EDT [CRAWLER] [CRAWLER] Visiting: https://finance.yahoo.com/markets/stocks/articles/aerovironment-rises-5-first-international-130703291.html
2026-09-10 09:20:38 EDT [CRAWLER] [CRAWLER] Visiting: https://www.prnewswire.com/news-releases/elegoo-day-2026-building-a-more-connected-ecosystem-where-ideas-become-real-302874492.html
2026-09-10 09:20:38 EDT [CRAWLER] Status line: HTTP/1.1 200 OK
2026-09-10 09:20:38 EDT [CRAWLER] [DEBUG] URL: https://finance.yahoo.com/markets/stocks/articles/citigroup-c-gains-turnaround-momentum-130418499.html
2026-09-10 09:20:38 EDT [CRAWLER] [DEBUG] Article length: 3804
2026-09-10 09:20:38 EDT [CRAWLER] [DEBUG] First 1000 chars:
2026-09-10 09:20:38 EDT [CRAWLER] Barometer Capital Management, an independent asset and wealth management firm, released its second-quarter 2026 investor letter. The letter can be downloaded here. The second quarter experienced significant volatility driven by macro and headline risks. Concurrently, an upcoming Federal Reserve leadership transition contributed to policy uncertainty, and rising inflation concerns re-emerged, resulting in choppy, headline-driven price movements throughout the period. During the quarter, the firm adopted defensive postures in response to rising risks; however, the market showed resilience, absorbing shocks without following a clear downward trend. Although volatility challenged strategies aimed at capturing durable trends, emerging leadership in specific sectors provided hope. The Barometer Tactical Equity Pool reflected strength in Industrials, IT, and Financials, encouraging a patient approach aligned with robust areas. Industrials and Financials were the leading contributors to the Ba
2026-09-10 09:20:38 EDT [CRAWLER] [TICKER MATCH] C
2026-09-10 09:20:38 EDT [CRAWLER] [DISPATCH] Sent C -> AI Server
2026-09-10 09:20:38 EDT [CRAWLER] Extracting
2026-09-10 09:20:38 EDT [CRAWLER] [CRAWLER DONE] Processed: https://finance.yahoo.com/markets/stocks/articles/citigroup-c-gains-turnaround-momentum-130418499.html | Extracted Links: 0 | Dispatched to AI: YES
2026-09-10 09:20:38 EDT [CRAWLER] [CRAWLER] Visiting: https://finance.yahoo.com/markets/stocks/articles/robust-aftermarket-boosts-howmet-aerospace-125429022.html
2026-09-10 09:20:38 EDT [CRAWLER] [CRAWLER] Visiting: https://www.prnewswire.com/news-releases/olympus-announces-new-class-of-itind-center-of-excellence-program-physicians-302875301.html
2026-09-10 09:20:38 EDT [CRAWLER] Status line: HTTP/1.1 200 OK
2026-09-10 09:20:38 EDT [CRAWLER] Status line: HTTP/1.1 200 OK
2026-09-10 09:20:38 EDT [CRAWLER] [DEBUG] URL: https://www.prnewswire.com/news-releases/olympus-announces-new-class-of-itind-center-of-excellence-program-physicians-302875301.html
2026-09-10 09:20:38 EDT [CRAWLER] [DEBUG] Article length: 5186
2026-09-10 09:20:38 EDT [CRAWLER] [DEBUG] First 1000 chars:
2026-09-10 09:20:38 EDT [CRAWLER] Program Aims to Advance Minimally Invasive Treatment of Enlarged Prostate
2026-09-10 09:20:38 EDT [CRAWLER] CENTER VALLEY, Pa., Sept. 10, 2026 /PRNewswire/ -- Olympus Corp. of the Americas (Olympus) is pleased to announce the newest members of the iTind™ Center of Excellence (COE) Program, which is designed to enhance care, experience and outcomes for men suffering from symptoms associated with benign prostatic hyperplasia (BPH), known as enlarged prostate.
2026-09-10 09:20:38 EDT [CRAWLER]               The iTind Center of Excellence Program welcomes: John Klein, MD, a board-certified urologist with Potomac Urology; Tyler McClintock, MD, a board-certified urologist with Midtown Urology Associates; and Richard Roach, MD, a board-certified urologist with Advanced Urology Institute.
2026-09-10 09:20:38 EDT [CRAWLER] Urologists included in the iTind Center of Excellence Program achieve a required level of training with the iTind procedure, are experienced with the iTind procedure, and demonstrate a high level of commitment to caring for their BPH patients.
2026-09-10 09:20:38 EDT [CRAWLER] Members of the program must u
2026-09-10 09:20:38 EDT [CRAWLER] [TICKER MATCH] MACRO
2026-09-10 09:20:38 EDT [CRAWLER] [DISPATCH] Sent MACRO -> AI Server
2026-09-10 09:20:38 EDT [CRAWLER] Extracting
2026-09-10 09:20:39 EDT [CRAWLER] [CRAWLER DONE] Processed: https://www.prnewswire.com/news-releases/olympus-announces-new-class-of-itind-center-of-excellence-program-physicians-302875301.html | Extracted Links: 0 | Dispatched to AI: YES
2026-09-10 09:20:39 EDT [CRAWLER] [DEBUG] URL: https://finance.yahoo.com/markets/stocks/articles/aerovironment-rises-5-first-international-130703291.html
2026-09-10 09:20:39 EDT [CRAWLER] [DEBUG] Article length: 6572
2026-09-10 09:20:39 EDT [CRAWLER] [DEBUG] First 1000 chars:
2026-09-10 09:20:39 EDT [CRAWLER] AeroVironment surged 5% on a $50M international LOCUST laser order while Ondas slipped 1% and Unusual Machines held essentially flat.  
2026-09-10 09:20:39 EDT [CRAWLER] With JEDI down 1% and SPY off 0.3%, AeroVironment's rally is purely company-specific, powered by LOCUST's under-$10-per-shot cost edge over interceptor rivals like Kratos.  
2026-09-10 09:20:39 EDT [CRAWLER] CEO Wahid Nawabi frames LOCUST as a half-billion-dollar annual franchise, yet AVAV remains down 39% year to date despite today's move.  
2026-09-10 09:20:39 EDT [CRAWLER] Just released. Our analysts combed the entire stock market and named the ten best stocks to buy right now, and AeroVironment didn't make the cut. Enter your email to see the names that beat AVAV. The report is free. Enter your email and see if any of your stocks made the cut.  
2026-09-10 09:20:39 EDT [CRAWLER] AeroVironment (NASDAQ:AVAV) stock is up 5% to $147.90 in early Thursday trading after the company reported fiscal Q1 2027 results and announced its first international commercial order for the LOCUST laser weapon system. It's a company-specific move against a softer backdro
2026-09-10 09:20:39 EDT [CRAWLER] [TICKER MATCH] KTOS,TGT
2026-09-10 09:20:39 EDT [CRAWLER] [DISPATCH] Sent KTOS,TGT -> AI Server
2026-09-10 09:20:39 EDT [CRAWLER] Extracting
2026-09-10 09:20:39 EDT [CRAWLER] [CRAWLER DONE] Processed: https://finance.yahoo.com/markets/stocks/articles/aerovironment-rises-5-first-international-130703291.html | Extracted Links: 0 | Dispatched to AI: YES
2026-09-10 09:20:39 EDT [CRAWLER] [CRAWLER] Visiting: https://finance.yahoo.com/markets/stocks/articles/sector-wide-demand-pushes-caterpillar-125211892.html
2026-09-10 09:20:39 EDT [CRAWLER] Status line: HTTP/1.1 200 OK
2026-09-10 09:20:39 EDT [CRAWLER] [DEBUG] URL: https://www.prnewswire.com/news-releases/elegoo-day-2026-building-a-more-connected-ecosystem-where-ideas-become-real-302874492.html
2026-09-10 09:20:39 EDT [CRAWLER] [DEBUG] Article length: 5358
2026-09-10 09:20:39 EDT [CRAWLER] [DEBUG] First 1000 chars:
2026-09-10 09:20:39 EDT [CRAWLER] ELEGOO brings community 
2026-09-10 09:20:39 EDT [CRAWLER] 535
2026-09-10 09:20:39 EDT [CRAWLER] together with the launch of its annual celebration, featuring the enhanced $1 Million Creator Fund, Make It Real Challenge, new model generators and special offers.
2026-09-10 09:20:39 EDT [CRAWLER] SHENZHEN, China, Sept. 10, 2026 /PRNewswire/ -- ELEGOO, a rapidly developing brand in global smart manufacturing, today announces ELEGOO DAY 2026, its annual celebration of the community, ideas and possibilities shaping the future of 3D printing. This year's campaign highlights ELEGOO's efforts to build a more connected ecosystem that helps people turn inspiration into creation and real-world impact.
2026-09-10 09:20:39 EDT [CRAWLER]               At the center of ELEGOO DAY 2026 is Nexprint, ELEGOO's growing 3D model community and creative platform. Through creator incentives, creative challenges and model generators, Nexprint is designed to make 3D creation more accessible and help creators share, connect and grow.
2026-09-10 09:20:39 EDT [CRAWLER] Turning 2D Inspiration into 3D Reality
2026-09-10 09:20:39 EDT [CRAWLER] As part of ELEGOO DAY, Nexprint will launch the Make It Real Challenge 
2026-09-10 09:20:39 EDT [CRAWLER] [TICKER MATCH] XYZ
2026-09-10 09:20:39 EDT [CRAWLER] [DISPATCH] Sent XYZ -> AI Server
2026-09-10 09:20:39 EDT [CRAWLER] Extracting
2026-09-10 09:20:39 EDT [CRAWLER] [CRAWLER DONE] Processed: https://www.prnewswire.com/news-releases/elegoo-day-2026-building-a-more-connected-ecosystem-where-ideas-become-real-302874492.html | Extracted Links: 0 | Dispatched to AI: YES
2026-09-10 09:20:39 EDT [CRAWLER] [CRAWLER] Visiting: https://www.prnewswire.com/news-releases/nootropics-depot-sponsors-future-nutra-innovation-summit-302872917.html
2026-09-10 09:20:39 EDT [CRAWLER] Status line: HTTP/1.1 200 OK
2026-09-10 09:20:39 EDT [CRAWLER] [DEBUG] URL: https://www.prnewswire.com/news-releases/nootropics-depot-sponsors-future-nutra-innovation-summit-302872917.html
2026-09-10 09:20:39 EDT [CRAWLER] [DEBUG] Article length: 6124
2026-09-10 09:20:39 EDT [CRAWLER] [DEBUG] First 1000 chars:
2026-09-10 09:20:39 EDT [CRAWLER] TEMPE, Ariz., Sept. 10, 2026 /PRNewswire/ -- Nootropics Depot will serve as a headline sponsor of the Future Nutra Innovation Summit, or FNIS, taking place Sept. 9-11, 2026, at Margaritaville Lake Resort on Lake Conroe, Texas. Members of the ND team will deliver three educational presentations centered on analytical rigor, transparent quality standards, and the role of science in strengthening the dietary supplement industry.
2026-09-10 09:20:41 EDT [CRAWLER] The Future Nutra Innovation Summit gathers together experts, researchers, manufacturers, ingredient suppliers and industry leaders with a shared objective: advancing more credible, evidence-based nutrition and supplement practices. Produced by the Future Nutra Foundation, a 501(c)(3) nonprofit, FNIS emphasizes stronger ingredient standards, transparent verification and collaborative action to move the industry forward.
2026-09-10 09:20:41 EDT [CRAWLER] As a headline sponsor, Nootropics Depot will contribute to the conversation through three sessions focused on practical ways the industry can raise
2026-09-10 09:20:41 EDT [CRAWLER] [TICKER MATCH] MACRO
2026-09-10 09:20:41 EDT [CRAWLER] [DISPATCH] Sent MACRO -> AI Server
2026-09-10 09:20:41 EDT [CRAWLER] Extracting
2026-09-10 09:20:41 EDT [CRAWLER] [CRAWLER DONE] Processed: https://www.prnewswire.com/news-releases/nootropics-depot-sponsors-future-nutra-innovation-summit-302872917.html | Extracted Links: 0 | Dispatched to AI: YES
2026-09-10 09:20:41 EDT [CRAWLER] [CRAWLER] Visiting: https://finance.yahoo.com/markets/live/stock-market-today-thursday-september-10-dow-sp-500-nasdaq-083717303.html
2026-09-10 09:20:41 EDT [CRAWLER] [CRAWLER] Visiting: https://www.prnewswire.com/news-releases/activate-expands-down-under-with-first-australian-location-in-melbourne-302875354.html
2026-09-10 09:20:41 EDT [CRAWLER] Status line: HTTP/1.1 200 OK
2026-09-10 09:20:41 EDT [CRAWLER] Status line: HTTP/1.1 200 OK
2026-09-10 09:20:41 EDT [CRAWLER] [DEBUG] URL: https://www.prnewswire.com/news-releases/activate-expands-down-under-with-first-australian-location-in-melbourne-302875354.html
2026-09-10 09:20:41 EDT [CRAWLER] [DEBUG] Article length: 3060
2026-09-10 09:20:41 EDT [CRAWLER] [DEBUG] First 1000 chars:
2026-09-10 09:20:41 EDT [CRAWLER] WINNIPEG, MB, Sept. 10, 2026 /PRNewswire/ -- Activate, North America's fastest-growing entertainment experience and the original creator of active gaming, is expanding into Australia, with its first location set to open in Melbourne in early 2027.
2026-09-10 09:20:41 EDT [CRAWLER] Activate Melbourne (Highpoint) will open at Highpoint Shopping Centre, next to HOYTS Cinema in Maribyrnong, Victoria, marking the brand's official entry into the Australian market and bringing the original active gaming experience to Australian Players.
2026-09-10 09:20:41 EDT [CRAWLER]               
2026-09-10 09:20:41 EDT [CRAWLER]             
2026-09-10 09:20:41 EDT [CRAWLER] The venue will feature 12 immersive game rooms with more than 800 levels of challenges. RFID technology tracks each Player across rooms, allowing guests to level up, unlock achievements and earn Next Level Rewards. Each room features fast-paced physical and mental challenges that test speed, coordination and problem-solving, with teams of two to five taking on the games together.
2026-09-10 09:20:41 EDT [CRAWLER] Players can experience fan-favorite games including Mega Grid, Mega Laser, Strike and 
2026-09-10 09:20:41 EDT [CRAWLER] [TICKER MATCH] MACRO
2026-09-10 09:20:41 EDT [CRAWLER] [DISPATCH] Sent MACRO -> AI Server
2026-09-10 09:20:41 EDT [CRAWLER] Extracting
2026-09-10 09:20:41 EDT [CRAWLER] [DEBUG] URL: https://finance.yahoo.com/markets/stocks/articles/robust-aftermarket-boosts-howmet-aerospace-125429022.html
2026-09-10 09:20:41 EDT [CRAWLER] [DEBUG] Article length: 3727
2026-09-10 09:20:41 EDT [CRAWLER] [DEBUG] First 1000 chars:
2026-09-10 09:20:41 EDT [CRAWLER] Barometer Capital Management, an independent asset and wealth management firm, released its second-quarter 2026 investor letter. The letter can be downloaded here. The second quarter experienced significant volatility driven by macro and headline risks. Concurrently, an upcoming Federal Reserve leadership transition contributed to policy uncertainty, and rising inflation concerns re-emerged, resulting in choppy, headline-driven price movements throughout the period. During the quarter, the firm adopted defensive postures in response to rising risks; however, the market showed resilience, absorbing shocks without following a clear downward trend. Although volatility challenged strategies aimed at capturing durable trends, emerging leadership in specific sectors provided hope. The Barometer Tactical Equity Pool reflected strength in Industrials, IT, and Financials, encouraging a patient approach aligned with robust areas. Industrials and Financials were the leading contributors to the Ba
2026-09-10 09:20:41 EDT [CRAWLER] [TICKER MATCH] CAT
2026-09-10 09:20:41 EDT [CRAWLER] [DISPATCH] Sent CAT -> AI Server
2026-09-10 09:20:41 EDT [CRAWLER] Extracting
2026-09-10 09:20:41 EDT [CRAWLER] [CRAWLER DONE] Processed: https://www.prnewswire.com/news-releases/activate-expands-down-under-with-first-australian-location-in-melbourne-302875354.html | Extracted Links: 0 | Dispatched to AI: YES
2026-09-10 09:20:41 EDT [CRAWLER] [CRAWLER DONE] Processed: https://finance.yahoo.com/markets/stocks/articles/robust-aftermarket-boosts-howmet-aerospace-125429022.html | Extracted Links: 0 | Dispatched to AI: YES
2026-09-10 09:20:41 EDT [CRAWLER] Status line: HTTP/1.1 200 OK
2026-09-10 09:20:42 EDT [CRAWLER] [DEBUG] URL: https://finance.yahoo.com/markets/stocks/articles/sector-wide-demand-pushes-caterpillar-125211892.html
2026-09-10 09:20:42 EDT [CRAWLER] [DEBUG] Article length: 3710
2026-09-10 09:20:42 EDT [CRAWLER] [DEBUG] First 1000 chars:
2026-09-10 09:20:42 EDT [CRAWLER] Barometer Capital Management, an independent asset and wealth management firm, released its second-quarter 2026 investor letter. The letter can be downloaded here. The second quarter experienced significant volatility driven by macro and headline risks. Concurrently, an upcoming Federal Reserve leadership transition contributed to policy uncertainty, and rising inflation concerns re-emerged, resulting in choppy, headline-driven price movements throughout the period. During the quarter, the firm adopted defensive postures in response to rising risks; however, the market showed resilience, absorbing shocks without following a clear downward trend. Although volatility challenged strategies aimed at capturing durable trends, emerging leadership in specific sectors provided hope. The Barometer Tactical Equity Pool reflected strength in Industrials, IT, and Financials, encouraging a patient approach aligned with robust areas. Industrials and Financials were the leading contributors to the Ba
2026-09-10 09:20:42 EDT [CRAWLER] [TICKER MATCH] CAT
2026-09-10 09:20:42 EDT [CRAWLER] [DISPATCH] Sent CAT -> AI Server
2026-09-10 09:20:42 EDT [CRAWLER] Extracting
2026-09-10 09:20:42 EDT [CRAWLER] [CRAWLER DONE] Processed: https://finance.yahoo.com/markets/stocks/articles/sector-wide-demand-pushes-caterpillar-125211892.html | Extracted Links: 0 | Dispatched to AI: YES
2026-09-10 09:20:42 EDT [CRAWLER] [CRAWLER] Visiting: https://finance.yahoo.com/markets/options/articles/why-3-etf-portfolio-may-130702711.html
2026-09-10 09:20:42 EDT [CRAWLER] [CRAWLER] Visiting: https://www.prnewswire.com/news-releases/carl-s-jr-r-desata-la-revolucion-de-la-hamburguesa-con-hamburguesas-preparadas-al-momento-y-su-primera-oferta-por-tiempo-limitado-estrella-angus-maximus--827301022.html
2026-09-10 09:20:42 EDT [CRAWLER] [CRAWLER] Visiting: https://finance.yahoo.com/markets/stocks/articles/heavy-investment-sustains-nvidia-nvda-122851572.html
2026-09-10 09:20:42 EDT [CRAWLER] [CRAWLER] Visiting: https://www.prnewswire.com/news-releases/blast-media-print-opens-new-orange-county-location-bringing-large-format-print-and-signage-production-to-southern-california-302874365.html
2026-09-10 09:20:42 EDT [CRAWLER] Status line: HTTP/1.1 200 OK
2026-09-10 09:20:42 EDT [CRAWLER] [DEBUG] URL: https://www.prnewswire.com/news-releases/carl-s-jr-r-desata-la-revolucion-de-la-hamburguesa-con-hamburguesas-preparadas-al-momento-y-su-primera-oferta-por-tiempo-limitado-estrella-angus-maximus--827301022.html
2026-09-10 09:20:42 EDT [CRAWLER] [DEBUG] Article length: 5108
2026-09-10 09:20:42 EDT [CRAWLER] [DEBUG] First 1000 chars:
2026-09-10 09:20:42 EDT [CRAWLER] La primera oferta por tiempo limitado bajo el nuevo estándar de preparación al momento de la marca trae al menú una hamburguesa de un tercio de libra hecha con 100% carne Angus
2026-09-10 09:20:42 EDT [CRAWLER] FRANKLIN, Tenn., 10 de septiembre de 2026 /PRNewswire-HISPANIC PR WIRE/ -- Carl's Jr. Le pone un alto a las hamburguesas mediocres de comida rápida. Hoy, la marca lanza su Revolución de la Hamburguesa, una nueva iniciativa a nivel de toda la cadena que trae hamburguesas cocinadas al momento, más calientitas, más frescas y con un sabor irresistible con el debut de la Angus Maximus.
2026-09-10 09:20:42 EDT [CRAWLER]                
2026-09-10 09:20:42 EDT [CRAWLER]  Disponible por $5.99 por tiempo limitado en los restaurantes participantes, la Angus Maximus es el primer producto de oferta por tiempo limitado en lanzarse bajo la Revolución de la Hamburguesa. 
2026-09-10 09:20:42 EDT [CRAWLER]  Cuenta con dos medallones de carne 100% Angus a la parrilla de carbón, sazonados con la mezcla especial de Carl's Jr., queso americano derretido, cebolla en rodajas, pepinillos y salsa especial, todo servido en un p
2026-09-10 09:20:42 EDT [CRAWLER] [TICKER MATCH] META
2026-09-10 09:20:42 EDT [CRAWLER] [DISPATCH] Sent META -> AI Server
2026-09-10 09:20:42 EDT [CRAWLER] Extracting
2026-09-10 09:20:42 EDT [CRAWLER] [CRAWLER DONE] Processed: https://www.prnewswire.com/news-releases/carl-s-jr-r-desata-la-revolucion-de-la-hamburguesa-con-hamburguesas-preparadas-al-momento-y-su-primera-oferta-por-tiempo-limitado-estrella-angus-maximus--827301022.html | Extracted Links: 0 | Dispatched to AI: YES
2026-09-10 09:20:42 EDT [CRAWLER] Status line: HTTP/1.1 200 OK
2026-09-10 09:20:42 EDT [CRAWLER] [DEBUG] URL: https://finance.yahoo.com/markets/live/stock-market-today-thursday-september-10-dow-sp-500-nasdaq-083717303.html
2026-09-10 09:20:42 EDT [CRAWLER] [DEBUG] Article length: 6887
2026-09-10 09:20:42 EDT [CRAWLER] [DEBUG] First 1000 chars:
2026-09-10 09:20:42 EDT [CRAWLER] US stocks futures diverged on Thursday morning as a rally in oil prices took a breather and investors awaited wholesale inflation data and Oracle (ORCL) earnings.  
2026-09-10 09:20:44 EDT [CRAWLER] Futures on the Dow Jones Industrial Average (YM=F) rose 0.2%, while those on the S&P 500 (ES=F) traded near the flat line. Contracts for the Nasdaq-100 (NQ=F), meanwhile, slipped 0.3%.  
2026-09-10 09:20:44 EDT [CRAWLER] Stocks have cooled this week as oil prices topped $100 per barrel, a move that has helped support rising Treasury yields. The 10-year yield (^TNX) hit a three-year high on Wednesday after the Treasury Department announced it would buy up to $6 billion in longer-term debt.  
2026-09-10 09:20:44 EDT [CRAWLER] President Trump said Wednesday that oil prices may not come down until after the midterm elections two months away. The ongoing US-Iran war and disruptions in the Strait of Hormuz have raised concerns that an energy shock could flow into broader inflation and all but force the Federal Reserve to raise interest rates.  
2026-09-10 09:20:44 EDT [CRAWLER] On Thursday, wholesale inflation data showed produce
2026-09-10 09:20:44 EDT [CRAWLER] [TICKER MATCH] AAPL,ADBE,ORCL
2026-09-10 09:20:44 EDT [CRAWLER] [DISPATCH] Sent AAPL,ADBE,ORCL -> AI Server
2026-09-10 09:20:44 EDT [CRAWLER] Extracting
2026-09-10 09:20:44 EDT [CRAWLER] [CRAWLER DONE] Processed: https://finance.yahoo.com/markets/live/stock-market-today-thursday-september-10-dow-sp-500-nasdaq-083717303.html | Extracted Links: 0 | Dispatched to AI: YES
2026-09-10 09:20:44 EDT [CRAWLER] [CRAWLER] Visiting: https://finance.yahoo.com/markets/article/kevin-warshs-fed-strategy-risks-unproductive-volatility-in-markets-jan-hatzius-122727697.html
2026-09-10 09:20:44 EDT [CRAWLER] Status line: HTTP/1.1 200 OK
2026-09-10 09:20:44 EDT [CRAWLER] [DEBUG] URL: https://www.prnewswire.com/news-releases/blast-media-print-opens-new-orange-county-location-bringing-large-format-print-and-signage-production-to-southern-california-302874365.html
2026-09-10 09:20:44 EDT [CRAWLER] [DEBUG] Article length: 3383
2026-09-10 09:20:44 EDT [CRAWLER] [DEBUG] First 1000 chars:
2026-09-10 09:20:44 EDT [CRAWLER] New Fullerton facility extends same-day quoting and fast turnarounds to Los Angeles, the Inland Empire, North San Diego County, and the Bay Area
2026-09-10 09:20:44 EDT [CRAWLER] FULLERTON, Calif., Sept. 10, 2026 /PRNewswire/ -- Blast Media Print (Blast Media Inc.), a large-format printing and visual branding company founded in Vancouver, BC, has opened a new production location in Orange County, California. The facility gives Southern California businesses direct, local access to the same large-format print capabilities Blast Media has built its reputation on: banners, retail signage, window and wall graphics, vehicle wraps, UV direct printing, trade show displays and more.
2026-09-10 09:20:44 EDT [CRAWLER]               The new location is positioned to serve the region's busiest commercial markets, including Los Angeles, Orange County's retail and corporate corridors around South Coast Plaza and Irvine, the Anaheim Resort district, and the medical corridor in the City of Orange. It also extends coverage to the Inland Empire, North San Diego County,
2026-09-10 09:20:44 EDT [CRAWLER] [TICKER MATCH] MACRO
2026-09-10 09:20:44 EDT [CRAWLER] [DISPATCH] Sent MACRO -> AI Server
2026-09-10 09:20:44 EDT [CRAWLER] Extracting
2026-09-10 09:20:44 EDT [CRAWLER] [CRAWLER DONE] Processed: https://www.prnewswire.com/news-releases/blast-media-print-opens-new-orange-county-location-bringing-large-format-print-and-signage-production-to-southern-california-302874365.html | Extracted Links: 0 | Dispatched to AI: YES
2026-09-10 09:20:44 EDT [CRAWLER] [CRAWLER] Visiting: https://finance.yahoo.com/markets/stocks/articles/ai-bubble-burst-coming-history-130500245.html
2026-09-10 09:20:44 EDT [CRAWLER] Status line: HTTP/1.1 200 OK
2026-09-10 09:20:44 EDT [CRAWLER] [DEBUG] URL: https://finance.yahoo.com/markets/stocks/articles/heavy-investment-sustains-nvidia-nvda-122851572.html
2026-09-10 09:20:44 EDT [CRAWLER] [DEBUG] Article length: 3860
2026-09-10 09:20:44 EDT [CRAWLER] [DEBUG] First 1000 chars:
2026-09-10 09:20:44 EDT [CRAWLER] Barometer Capital Management, an independent asset and wealth management firm, released its second-quarter 2026 investor letter. The letter can be downloaded here. The second quarter experienced significant volatility driven by macro and headline risks. Concurrently, an upcoming Federal Reserve leadership transition contributed to policy uncertainty, and rising inflation concerns re-emerged, resulting in choppy, headline-driven price movements throughout the period. During the quarter, the firm adopted defensive postures in response to rising risks; however, the market showed resilience, absorbing shocks without following a clear downward trend. Although volatility challenged strategies aimed at capturing durable trends, emerging leadership in specific sectors provided hope. The Barometer Tactical Equity Pool reflected strength in Industrials, IT, and Financials, encouraging a patient approach aligned with robust areas. Industrials and Financials were the leading contributors to the Ba
2026-09-10 09:20:44 EDT [AI SERVER] [AI SERVER] Listening on 127.0.0.1:58888
2026-09-10 09:20:44 EDT [AI SERVER] [AI SERVER] Logging to trading_signals.csv
2026-09-10 09:20:44 EDT [AI SERVER] [AI SERVER] Broker: DISABLED (set APCA_API_KEY_ID / APCA_API_SECRET_KEY to enable trading)
2026-09-10 09:20:44 EDT [AI SERVER] [AI BATCH START] 1 ticker(s) for article (2227 chars): GS
2026-09-10 09:20:44 EDT [AI SERVER] [AI BATCH START] 1 ticker(s) for article (1487 chars): TGT
2026-09-10 09:20:44 EDT [AI SERVER] [AI BATCH START] 1 ticker(s) for article (1744 chars): MACRO
2026-09-10 09:20:44 EDT [AI SERVER] [AI BATCH START] 1 ticker(s) for article (3627 chars): MACRO
2026-09-10 09:20:44 EDT [AI SERVER] [AI BATCH START] 1 ticker(s) for article (6867 chars): MACRO
2026-09-10 09:20:44 EDT [AI SERVER] [AI BATCH START] 1 ticker(s) for article (5881 chars): GOOGL
2026-09-10 09:20:44 EDT [AI SERVER] [AI BATCH START] 1 ticker(s) for article (4101 chars): MACRO
2026-09-10 09:20:44 EDT [AI SERVER] [AI BATCH START] 1 ticker(s) for article (2897 chars): HOOD
2026-09-10 09:20:44 EDT [AI SERVER] [AI BATCH START] 3 ticker(s) for article (1829 chars): AMZN,BBY,GOOGL
2026-09-10 09:20:44 EDT [AI SERVER] [AI BATCH START] 1 ticker(s) for article (6164 chars): TGT
2026-09-10 09:20:44 EDT [AI SERVER] [AI BATCH START] 3 ticker(s) for article (4480 chars): AMZN,MSFT,ORCL
2026-09-10 09:20:44 EDT [AI SERVER] [AI BATCH START] 1 ticker(s) for article (4592 chars): NFLX
2026-09-10 09:20:44 EDT [AI SERVER] [AI BATCH START] 2 ticker(s) for article (4372 chars): DB,TGT
2026-09-10 09:20:44 EDT [AI SERVER] [AI BATCH START] 1 ticker(s) for article (3606 chars): BAC
2026-09-10 09:20:44 EDT [AI SERVER] [AI BATCH START] 1 ticker(s) for article (3364 chars): COIN
2026-09-10 09:20:44 EDT [AI SERVER] [AI BATCH START] 2 ticker(s) for article (11699 chars): AZN,DIS
2026-09-10 09:20:44 EDT [AI SERVER] [AI BATCH START] 5 ticker(s) for article (8211 chars): AAPL,BA,BCS,LLY,TJX
2026-09-10 09:20:44 EDT [AI SERVER] [AI BATCH START] 1 ticker(s) for article (4556 chars): AMZN
2026-09-10 09:20:44 EDT [AI SERVER] [AI BATCH START] 2 ticker(s) for article (1801 chars): ASML,TSM
2026-09-10 09:20:44 EDT [AI SERVER] [AI BATCH START] 1 ticker(s) for article (2960 chars): MACRO
2026-09-10 09:20:44 EDT [AI SERVER] [AI BATCH START] 1 ticker(s) for article (1657 chars): AAPL
2026-09-10 09:20:44 EDT [AI SERVER] [AI BATCH START] 3 ticker(s) for article (7061 chars): DIS,GS,SONY
2026-09-10 09:20:44 EDT [AI SERVER] [RESULT] 2026-09-10 13:20:23.123735754 | TGT -> NEUTRAL
2026-09-10 09:20:44 EDT [AI SERVER] [AI BATCH COMPLETE] Finished analyzing 1/1 tickers for article (Elapsed: 20511 ms).
2026-09-10 09:20:44 EDT [AI SERVER] [AI STATUS] Summary: 0 BULLISH (Traded), 0 BEARISH, 1 NEUTRAL.
2026-09-10 09:20:44 EDT [AI SERVER] [AI BATCH START] 1 ticker(s) for article (2866 chars): MACRO
2026-09-10 09:20:44 EDT [AI SERVER] [AI BATCH START] 1 ticker(s) for article (3466 chars): MACRO
2026-09-10 09:20:44 EDT [AI SERVER] [AI BATCH START] 1 ticker(s) for article (2974 chars): MACRO
2026-09-10 09:20:44 EDT [AI SERVER] [AI BATCH START] 1 ticker(s) for article (9188 chars): XYZ
2026-09-10 09:20:44 EDT [AI SERVER] [AI BATCH START] 1 ticker(s) for article (3383 chars): COIN
2026-09-10 09:20:44 EDT [AI SERVER] [AI BATCH START] 1 ticker(s) for article (3439 chars): AMZN
2026-09-10 09:20:44 EDT [AI SERVER] [AI BATCH START] 1 ticker(s) for article (2832 chars): SBUX
2026-09-10 09:20:44 EDT [AI SERVER] [AI BATCH START] 2 ticker(s) for article (3233 chars): AMZN,EA
2026-09-10 09:20:44 EDT [AI SERVER] [AI BATCH START] 1 ticker(s) for article (3584 chars): GS
2026-09-10 09:20:44 EDT [AI SERVER] [AI BATCH START] 1 ticker(s) for article (2084 chars): MACRO
2026-09-10 09:20:44 EDT [AI SERVER] [AI BATCH START] 1 ticker(s) for article (3132 chars): MACRO
2026-09-10 09:20:44 EDT [AI SERVER] [AI BATCH START] 2 ticker(s) for article (1836 chars): AMZN,GOOGL
2026-09-10 09:20:44 EDT [AI SERVER] [AI BATCH START] 1 ticker(s) for article (3200 chars): MACRO
2026-09-10 09:20:44 EDT [AI SERVER] [AI BATCH START] 1 ticker(s) for article (5808 chars): SHOP
2026-09-10 09:20:44 EDT [AI SERVER] [AI BATCH START] 1 ticker(s) for article (3861 chars): MACRO
2026-09-10 09:20:44 EDT [AI SERVER] [AI BATCH START] 1 ticker(s) for article (5778 chars): MACRO
2026-09-10 09:20:44 EDT [AI SERVER] [AI BATCH START] 3 ticker(s) for article (3656 chars): DIS,T,WBD
2026-09-10 09:20:44 EDT [AI SERVER] [AI BATCH START] 1 ticker(s) for article (10249 chars): MACRO
2026-09-10 09:20:44 EDT [AI SERVER] [AI BATCH START] 1 ticker(s) for article (7105 chars): MACRO
2026-09-10 09:20:44 EDT [AI SERVER] [AI BATCH START] 1 ticker(s) for article (6631 chars): MACRO
2026-09-10 09:20:44 EDT [AI SERVER] [AI BATCH START] 1 ticker(s) for article (5118 chars): MACRO
2026-09-10 09:20:44 EDT [AI SERVER] [AI BATCH START] 1 ticker(s) for article (5324 chars): XYZ
2026-09-10 09:20:44 EDT [AI SERVER] [AI BATCH START] 1 ticker(s) for article (3804 chars): C
2026-09-10 09:20:44 EDT [AI SERVER] [AI BATCH START] 1 ticker(s) for article (5186 chars): MACRO
2026-09-10 09:20:44 EDT [AI SERVER] [AI BATCH START] 2 ticker(s) for article (6572 chars): KTOS,TGT
2026-09-10 09:20:44 EDT [AI SERVER] [AI BATCH START] 1 ticker(s) for article (5358 chars): XYZ
2026-09-10 09:20:44 EDT [AI SERVER] [AI BATCH START] 1 ticker(s) for article (6124 chars): MACRO
2026-09-10 09:20:44 EDT [AI SERVER] [AI BATCH START] 1 ticker(s) for article (3060 chars): MACRO
2026-09-10 09:20:44 EDT [AI SERVER] [AI BATCH START] 1 ticker(s) for article (3727 chars): CAT
2026-09-10 09:20:44 EDT [AI SERVER] [AI BATCH START] 1 ticker(s) for article (3710 chars): CAT
2026-09-10 09:20:44 EDT [AI SERVER] [RESULT] 2026-09-10 13:20:42.601926603 | GS -> BULLISH
2026-09-10 09:20:44 EDT [BROKER TRADE] [AI BROKER] 2026-09-10 13:20:42.601926603 | GS | SKIP | no broker configured (set APCA_API_KEY_ID / APCA_API_SECRET_KEY)
2026-09-10 09:20:44 EDT [AI SERVER] [AI BATCH COMPLETE] Finished analyzing 1/1 tickers for article (Elapsed: 40908 ms).
2026-09-10 09:20:44 EDT [AI SERVER] [AI STATUS] Summary: 0 BULLISH (Traded), 0 BEARISH, 0 NEUTRAL.
2026-09-10 09:20:44 EDT [AI SERVER] [AI BATCH START] 1 ticker(s) for article (5108 chars): META
2026-09-10 09:20:44 EDT [AI SERVER] [AI BATCH START] 3 ticker(s) for article (6887 chars): AAPL,ADBE,ORCL
2026-09-10 09:20:44 EDT [AI SERVER] [AI BATCH START] 1 ticker(s) for article (3383 chars): MACRO
2026-09-10 09:20:47 EDT [CRAWLER] [TICKER MATCH] LRCX,NVDA
2026-09-10 09:20:47 EDT [CRAWLER] [DISPATCH] Sent LRCX,NVDA -> AI Server
2026-09-10 09:20:47 EDT [CRAWLER] Extracting
2026-09-10 09:20:47 EDT [CRAWLER] [CRAWLER DONE] Processed: https://finance.yahoo.com/markets/stocks/articles/heavy-investment-sustains-nvidia-nvda-122851572.html | Extracted Links: 0 | Dispatched to AI: YES
2026-09-10 09:20:47 EDT [CRAWLER] Status line: HTTP/1.1 200 OK
2026-09-10 09:20:47 EDT [CRAWLER] [DEBUG] URL: https://finance.yahoo.com/markets/options/articles/why-3-etf-portfolio-may-130702711.html
2026-09-10 09:20:47 EDT [CRAWLER] [DEBUG] Article length: 6315
2026-09-10 09:20:47 EDT [CRAWLER] [DEBUG] First 1000 chars:
2026-09-10 09:20:47 EDT [CRAWLER] A total US stock market, international, and bond ETF together cover thousands of securities across every major asset class worldwide.  
2026-09-10 09:20:47 EDT [CRAWLER] Broad market ETFs charge as little as 0.03% versus up to 1% for actively managed funds, saving thousands annually on a $750,000 portfolio.  
2026-09-10 09:20:47 EDT [CRAWLER] Most retirees struggle financially from excessive withdrawal rates or early Social Security claims, not from picking the wrong funds.  
2026-09-10 09:20:47 EDT [CRAWLER] Are you ahead, or behind on retirement? SmartAsset's free tool can match you with a financial advisor in minutes to help you answer that today. Each advisor has been carefully vetted, and must act in your best interests. Don't waste another minute; learn more here.  
2026-09-10 09:20:47 EDT [CRAWLER] Most retirees end up managing way more funds than they need to, and not because it produces better results, but because nobody ever sat them down and explained that it wasn't necessary. The financial industry is already complex, but a three-fund spreadsheet won't generate advisory fees while dozens of funds do.  
2026-09-10 09:20:47 EDT [CRAWLER] Pick
2026-09-10 09:20:47 EDT [CRAWLER] [TICKER MATCH] SCHW
2026-09-10 09:20:47 EDT [CRAWLER] [DISPATCH] Sent SCHW -> AI Server
2026-09-10 09:20:47 EDT [CRAWLER] Extracting
2026-09-10 09:20:47 EDT [CRAWLER] [CRAWLER DONE] Processed: https://finance.yahoo.com/markets/options/articles/why-3-etf-portfolio-may-130702711.html | Extracted Links: 0 | Dispatched to AI: YES
2026-09-10 09:20:47 EDT [CRAWLER] [CRAWLER] Visiting: https://finance.yahoo.com/markets/article/the-ai-investment-boom-wont-last-forever-goldman-sachs-chief-economist-jan-hatzius-warns-122546159.html
2026-09-10 09:20:47 EDT [CRAWLER] Status line: HTTP/1.1 200 OK
2026-09-10 09:20:47 EDT [CRAWLER] [DEBUG] URL: https://finance.yahoo.com/markets/article/kevin-warshs-fed-strategy-risks-unproductive-volatility-in-markets-jan-hatzius-122727697.html
2026-09-10 09:20:47 EDT [CRAWLER] [DEBUG] Article length: 3508
2026-09-10 09:20:47 EDT [CRAWLER] [DEBUG] First 1000 chars:
2026-09-10 09:20:47 EDT [CRAWLER] SAN FRANCISCO, Calif. — Fed Chairman Kevin Warsh's more secretive approach to policy guidance could come back to bite him.  
2026-09-10 09:20:47 EDT [CRAWLER] "I am in agreement that forward guidance about the path of the funds rate isn't needed in the current environment — that's really something that should be reserved for crisis situations where we're at or close to zero on the funds rate," Goldman Sachs chief economist Jan Hatzius told Yahoo Finance at the firm's Communacopia & Tech conference (video above). "Transparency about the thought process, I do think, is important. If investors understand how the Fed is going to react to new information, then they can anticipate those reactions that accelerate the transmission of monetary policy and that ultimately reduces the lags of monetary policy."  
2026-09-10 09:20:47 EDT [CRAWLER] Hatzius added, "I think markets are still going to try to figure out what the Fed is thinking, but they'll have less information, less of a basis on which to do that. And that's going to mean more volatility. I mean, v
2026-09-10 09:20:47 EDT [CRAWLER] [TICKER MATCH] GS,META,TGT
2026-09-10 09:20:47 EDT [CRAWLER] [DISPATCH] Sent GS,META,TGT -> AI Server
2026-09-10 09:20:47 EDT [CRAWLER] Extracting
2026-09-10 09:20:47 EDT [CRAWLER] [CRAWLER DONE] Processed: https://finance.yahoo.com/markets/article/kevin-warshs-fed-strategy-risks-unproductive-volatility-in-markets-jan-hatzius-122727697.html | Extracted Links: 0 | Dispatched to AI: YES
2026-09-10 09:20:47 EDT [CRAWLER] [CRAWLER] Visiting: https://finance.yahoo.com/markets/stocks/articles/lam-research-lrcx-benefits-memory-121558667.html
2026-09-10 09:20:47 EDT [CRAWLER] Status line: HTTP/1.1 200 OK
2026-09-10 09:20:47 EDT [CRAWLER] [DEBUG] URL: https://finance.yahoo.com/markets/stocks/articles/ai-bubble-burst-coming-history-130500245.html
2026-09-10 09:20:47 EDT [CRAWLER] [DEBUG] Article length: 5689
2026-09-10 09:20:47 EDT [CRAWLER] [DEBUG] First 1000 chars:
2026-09-10 09:20:47 EDT [CRAWLER] It seems like for several years, investors have been fretting about the artificial intelligence (AI) bubble and when it might burst. After all, companies have been investing hundreds of billions of dollars in AI infrastructure to the point that many of the tech giants that were once oozing with free cash flow are now producing negative free cash flow and halting capital distributions.  
2026-09-10 09:20:49 EDT [CRAWLER] Furthermore, many stocks trade at exorbitant valuations, and there are still questions about the extent of AI's capabilities and what could happen to the economy if AI advances as some bulls expect.  
2026-09-10 09:20:49 EDT [CRAWLER] Missed Nvidia in 2009? This Rare Signal Is Flashing Again. In 2009, a "Double Down" signal flashed for a little-known chipmaker called Nvidia. For the first time in years, that same "Total Conviction" signal is flashing for a company 1/100th the size of Nvidia. Continue »  
2026-09-10 09:20:49 EDT [CRAWLER] If an AI bubble is about to burst, history says this one move is crucial right now.  
2026-09-10 09:20:49 EDT [CRAWLER] The interesting thing about market crashes is t
2026-09-10 09:20:49 EDT [CRAWLER] [TICKER MATCH] NFLX,NVDA
2026-09-10 09:20:49 EDT [CRAWLER] [DISPATCH] Sent NFLX,NVDA -> AI Server
2026-09-10 09:20:49 EDT [CRAWLER] Extracting
2026-09-10 09:20:49 EDT [CRAWLER] [CRAWLER DONE] Processed: https://finance.yahoo.com/markets/stocks/articles/ai-bubble-burst-coming-history-130500245.html | Extracted Links: 0 | Dispatched to AI: YES
2026-09-10 09:20:49 EDT [CRAWLER] [CRAWLER] Visiting: https://finance.yahoo.com/markets/crypto/articles/bitcoin-400k-2030-still-reasonable-130427305.html
2026-09-10 09:20:49 EDT [CRAWLER] Status line: HTTP/1.1 200 OK
2026-09-10 09:20:49 EDT [CRAWLER] [DEBUG] URL: https://finance.yahoo.com/markets/article/the-ai-investment-boom-wont-last-forever-goldman-sachs-chief-economist-jan-hatzius-warns-122546159.html
2026-09-10 09:20:49 EDT [CRAWLER] [DEBUG] Article length: 5587
2026-09-10 09:20:49 EDT [CRAWLER] [DEBUG] First 1000 chars:
2026-09-10 09:20:49 EDT [CRAWLER]     
2026-09-10 09:20:49 EDT [CRAWLER]         
2026-09-10 09:20:49 EDT [CRAWLER]         
2026-09-10 09:20:49 EDT [CRAWLER]          
2026-09-10 09:20:49 EDT [CRAWLER] 	
2026-09-10 09:20:49 EDT [CRAWLER] 		
2026-09-10 09:20:49 EDT [CRAWLER] 		
2026-09-10 09:20:49 EDT [CRAWLER] 		
2026-09-10 09:20:49 EDT [CRAWLER] 		
2026-09-10 09:20:49 EDT [CRAWLER] 		
2026-09-10 09:20:49 EDT [CRAWLER] 		
2026-09-10 09:20:49 EDT [CRAWLER] 		
2026-09-10 09:20:49 EDT [CRAWLER] 		
2026-09-10 09:20:49 EDT [CRAWLER] 		
2026-09-10 09:20:49 EDT [CRAWLER] 		
2026-09-10 09:20:49 EDT [CRAWLER] 		
2026-09-10 09:20:49 EDT [CRAWLER] 		
2026-09-10 09:20:49 EDT [CRAWLER] 		
2026-09-10 09:20:49 EDT [CRAWLER] 		
2026-09-10 09:20:49 EDT [CRAWLER] 		
2026-09-10 09:20:49 EDT [CRAWLER] 		
2026-09-10 09:20:49 EDT [CRAWLER] 		
2026-09-10 09:20:49 EDT [CRAWLER] 		
2026-09-10 09:20:49 EDT [CRAWLER] 		
2026-09-10 09:20:49 EDT [CRAWLER] 		
2026-09-10 09:20:49 EDT [CRAWLER] 		
2026-09-10 09:20:49 EDT [CRAWLER] 		
2026-09-10 09:20:49 EDT [CRAWLER] 		
2026-09-10 09:20:49 EDT [CRAWLER] 		
2026-09-10 09:20:49 EDT [CRAWLER] 		
2026-09-10 09:20:49 EDT [CRAWLER] 		
2026-09-10 09:20:49 EDT [CRAWLER] 		
2026-09-10 09:20:49 EDT [CRAWLER] 		
2026-09-10 09:20:49 EDT [CRAWLER] 		
2026-09-10 09:20:49 EDT [CRAWLER] 		
2026-09-10 09:20:49 EDT [CRAWLER] 		
2026-09-10 09:20:49 EDT [CRAWLER] 		
2026-09-10 09:20:49 EDT [CRAWLER] 		
2026-09-10 09:20:49 EDT [CRAWLER] 		
2026-09-10 09:20:49 EDT [CRAWLER] 		
2026-09-10 09:20:49 EDT [CRAWLER] 		
2026-09-10 09:20:49 EDT [CRAWLER] 		
2026-09-10 09:20:49 EDT [CRAWLER] 		
2026-09-10 09:20:49 EDT [CRAWLER] 		
2026-09-10 09:20:49 EDT [CRAWLER] 		
2026-09-10 09:20:49 EDT [CRAWLER] 		
2026-09-10 09:20:49 EDT [CRAWLER] 		
2026-09-10 09:20:49 EDT [CRAWLER] 		
2026-09-10 09:20:49 EDT [CRAWLER] 		
2026-09-10 09:20:49 EDT [CRAWLER] 		
2026-09-10 09:20:49 EDT [CRAWLER] 		
2026-09-10 09:20:49 EDT [CRAWLER] 		
2026-09-10 09:20:49 EDT [CRAWLER] 		
2026-09-10 09:20:49 EDT [CRAWLER] 		
2026-09-10 09:20:49 EDT [CRAWLER] 		
2026-09-10 09:20:49 EDT [CRAWLER] 		
2026-09-10 09:20:49 EDT [CRAWLER] 		
2026-09-10 09:20:49 EDT [CRAWLER] 		
2026-09-10 09:20:49 EDT [CRAWLER] 		
2026-09-10 09:20:49 EDT [CRAWLER] 		
2026-09-10 09:20:49 EDT [CRAWLER] 		
2026-09-10 09:20:49 EDT [CRAWLER] 		
2026-09-10 09:20:49 EDT [CRAWLER] 		
2026-09-10 09:20:49 EDT [CRAWLER] 		
2026-09-10 09:20:49 EDT [CRAWLER] 		
2026-09-10 09:20:49 EDT [CRAWLER] 		
2026-09-10 09:20:49 EDT [CRAWLER] 		
2026-09-10 09:20:49 EDT [CRAWLER] 		
2026-09-10 09:20:49 EDT [CRAWLER] 		
2026-09-10 09:20:49 EDT [CRAWLER] 		
2026-09-10 09:20:49 EDT [CRAWLER] 		
2026-09-10 09:20:49 EDT [CRAWLER] 		
2026-09-10 09:20:49 EDT [CRAWLER] 		
2026-09-10 09:20:49 EDT [CRAWLER] 		
2026-09-10 09:20:49 EDT [CRAWLER] 		
2026-09-10 09:20:49 EDT [CRAWLER] 		
2026-09-10 09:20:49 EDT [CRAWLER] 		
2026-09-10 09:20:49 EDT [CRAWLER] 		
2026-09-10 09:20:49 EDT [CRAWLER] 		
2026-09-10 09:20:49 EDT [CRAWLER] 		
2026-09-10 09:20:49 EDT [CRAWLER] 		
2026-09-10 09:20:49 EDT [CRAWLER] 		
2026-09-10 09:20:49 EDT [CRAWLER] 		
2026-09-10 09:20:49 EDT [CRAWLER] 		
2026-09-10 09:20:49 EDT [CRAWLER] 		
2026-09-10 09:20:49 EDT [CRAWLER] 		
2026-09-10 09:20:49 EDT [CRAWLER] 		
2026-09-10 09:20:49 EDT [CRAWLER] 		
2026-09-10 09:20:49 EDT [CRAWLER] 		
2026-09-10 09:20:49 EDT [CRAWLER] 		
2026-09-10 09:20:49 EDT [CRAWLER] 		
2026-09-10 09:20:49 EDT [CRAWLER] 		
2026-09-10 09:20:49 EDT [CRAWLER] 		
2026-09-10 09:20:49 EDT [CRAWLER] 		
2026-09-10 09:20:49 EDT [CRAWLER] 		
2026-09-10 09:20:49 EDT [CRAWLER] 		
2026-09-10 09:20:49 EDT [CRAWLER] 		
2026-09-10 09:20:49 EDT [CRAWLER] 		
2026-09-10 09:20:49 EDT [CRAWLER] 		
2026-09-10 09:20:49 EDT [CRAWLER] 		
2026-09-10 09:20:49 EDT [CRAWLER] 		
2026-09-10 09:20:49 EDT [CRAWLER] 		
2026-09-10 09:20:49 EDT [CRAWLER] 		
2026-09-10 09:20:49 EDT [CRAWLER] 		
2026-09-10 09:20:49 EDT [CRAWLER] 		
2026-09-10 09:20:49 EDT [CRAWLER] 		
2026-09-10 09:20:49 EDT [CRAWLER] 		
2026-09-10 09:20:49 EDT [CRAWLER] 		
2026-09-10 09:20:49 EDT [CRAWLER] 		
2026-09-10 09:20:49 EDT [CRAWLER] 		
2026-09-10 09:20:49 EDT [CRAWLER] 		
2026-09-10 09:20:49 EDT [CRAWLER] 		
2026-09-10 09:20:49 EDT [CRAWLER] 		
2026-09-10 09:20:49 EDT [CRAWLER] 		
2026-09-10 09:20:49 EDT [CRAWLER] 		
2026-09-10 09:20:49 EDT [CRAWLER] 		
2026-09-10 09:20:49 EDT [CRAWLER] 		
2026-09-10 09:20:49 EDT [CRAWLER] 		
2026-09-10 09:20:49 EDT [CRAWLER] 		
2026-09-10 09:20:49 EDT [CRAWLER] 		
2026-09-10 09:20:49 EDT [CRAWLER] 		
2026-09-10 09:20:49 EDT [CRAWLER] 		
2026-09-10 09:20:49 EDT [CRAWLER] 		
2026-09-10 09:20:49 EDT [CRAWLER] 		
2026-09-10 09:20:49 EDT [CRAWLER] 		
2026-09-10 09:20:49 EDT [CRAWLER] 		
2026-09-10 09:20:49 EDT [CRAWLER] 		
2026-09-10 09:20:49 EDT [CRAWLER] 		
2026-09-10 09:20:49 EDT [CRAWLER] 		
2026-09-10 09:20:49 EDT [CRAWLER] 		
2026-09-10 09:20:49 EDT [CRAWLER] 		
2026-09-10 09:20:49 EDT [CRAWLER] 		
2026-09-10 09:20:49 EDT [CRAWLER] 		
2026-09-10 09:20:49 EDT [CRAWLER] 		
2026-09-10 09:20:49 EDT [CRAWLER] 		
2026-09-10 09:20:49 EDT [CRAWLER] 		
2026-09-10 09:20:49 EDT [CRAWLER] 		
2026-09-10 09:20:49 EDT [CRAWLER] 		
2026-09-10 09:20:49 EDT [CRAWLER] 		
2026-09-10 09:20:49 EDT [CRAWLER] 		
2026-09-10 09:20:49 EDT [CRAWLER] 		
2026-09-10 09:20:49 EDT [CRAWLER] 		
2026-09-10 09:20:49 EDT [CRAWLER] 		
2026-09-10 09:20:49 EDT [CRAWLER] 		
2026-09-10 09:20:49 EDT [CRAWLER] 		
2026-09-10 09:20:49 EDT [CRAWLER] 		
2026-09-10 09:20:49 EDT [CRAWLER] 		
2026-09-10 09:20:49 EDT [CRAWLER] 		
2026-09-10 09:20:49 EDT [CRAWLER] 		
2026-09-10 09:20:49 EDT [CRAWLER] 		
2026-09-10 09:20:49 EDT [CRAWLER] 		
2026-09-10 09:20:49 EDT [CRAWLER] 		
2026-09-10 09:20:49 EDT [CRAWLER] 		
2026-09-10 09:20:49 EDT [CRAWLER] 		
2026-09-10 09:20:49 EDT [CRAWLER] 		
2026-09-10 09:20:49 EDT [CRAWLER] 		
2026-09-10 09:20:49 EDT [CRAWLER] 		
2026-09-10 09:20:49 EDT [CRAWLER] 		
2026-09-10 09:20:49 EDT [CRAWLER] 		
2026-09-10 09:20:49 EDT [CRAWLER] 		
2026-09-10 09:20:49 EDT [CRAWLER] 		
2026-09-10 09:20:49 EDT [CRAWLER] 		
2026-09-10 09:20:49 EDT [CRAWLER] 		
2026-09-10 09:20:49 EDT [CRAWLER] 		
2026-09-10 09:20:49 EDT [CRAWLER] 		
2026-09-10 09:20:49 EDT [CRAWLER] 		
2026-09-10 09:20:49 EDT [CRAWLER] 		
2026-09-10 09:20:49 EDT [CRAWLER] 		
2026-09-10 09:20:49 EDT [CRAWLER] 		
2026-09-10 09:20:49 EDT [CRAWLER] 		
2026-09-10 09:20:49 EDT [CRAWLER] 		
2026-09-10 09:20:49 EDT [CRAWLER] 		
2026-09-10 09:20:49 EDT [CRAWLER] 		
2026-09-10 09:20:49 EDT [CRAWLER] 		
2026-09-10 09:20:49 EDT [CRAWLER] 		
2026-09-10 09:20:49 EDT [CRAWLER] 		
2026-09-10 09:20:49 EDT [CRAWLER] 		
2026-09-10 09:20:49 EDT [CRAWLER] 		
2026-09-10 09:20:49 EDT [CRAWLER] 		
2026-09-10 09:20:49 EDT [CRAWLER] 		
2026-09-10 09:20:49 EDT [CRAWLER] 		
2026-09-10 09:20:49 EDT [CRAWLER] 		
2026-09-10 09:20:49 EDT [CRAWLER] 		
2026-09-10 09:20:49 EDT [CRAWLER] 		
2026-09-10 09:20:49 EDT [CRAWLER] 		
2026-09-10 09:20:49 EDT [CRAWLER] 		
2026-09-10 09:20:49 EDT [CRAWLER] 		
2026-09-10 09:20:49 EDT [CRAWLER] 		
2026-09-10 09:20:49 EDT [CRAWLER] 		
2026-09-10 09:20:49 EDT [CRAWLER] 		
2026-09-10 09:20:49 EDT [CRAWLER] 		
2026-09-10 09:20:49 EDT [CRAWLER] 		
2026-09-10 09:20:49 EDT [CRAWLER] 		
2026-09-10 09:20:49 EDT [CRAWLER] 		
2026-09-10 09:20:49 EDT [CRAWLER] 		
2026-09-10 09:20:49 EDT [CRAWLER] 		
2026-09-10 09:20:49 EDT [CRAWLER] 		
2026-09-10 09:20:49 EDT [CRAWLER] 		
2026-09-10 09:20:49 EDT [CRAWLER] 		
2026-09-10 09:20:49 EDT [CRAWLER] 		
2026-09-10 09:20:49 EDT [CRAWLER] 		
2026-09-10 09:20:49 EDT [CRAWLER] 		
2026-09-10 09:20:49 EDT [CRAWLER] 		
2026-09-10 09:20:49 EDT [CRAWLER] 		
2026-09-10 09:20:49 EDT [CRAWLER] 		
2026-09-10 09:20:49 EDT [CRAWLER] 		
2026-09-10 09:20:49 EDT [CRAWLER] 		
2026-09-10 09:20:49 EDT [CRAWLER] 		
2026-09-10 09:20:49 EDT [CRAWLER] 		
2026-09-10 09:20:49 EDT [CRAWLER] 		
2026-09-10 09:20:49 EDT [CRAWLER] 		
2026-09-10 09:20:49 EDT [CRAWLER] 		
2026-09-10 09:20:49 EDT [CRAWLER] 		
2026-09-10 09:20:49 EDT [CRAWLER] 		
2026-09-10 09:20:49 EDT [CRAWLER] 		
2026-09-10 09:20:49 EDT [CRAWLER] 		
2026-09-10 09:20:49 EDT [CRAWLER] 		
2026-09-10 09:20:49 EDT [CRAWLER] 		
2026-09-10 09:20:49 EDT [CRAWLER] 		
2026-09-10 09:20:49 EDT [CRAWLER] 		
2026-09-10 09:20:49 EDT [CRAWLER] 		
2026-09-10 09:20:49 EDT [CRAWLER] 		
2026-09-10 09:20:49 EDT [CRAWLER] 		
2026-09-10 09:20:49 EDT [CRAWLER] 		The AI investment boom won't last forever, Goldman Sachs chief economist Jan Hatzius warns
2026-09-10 09:20:49 EDT [CRAWLER]   
2026-09-10 09:20:49 EDT [CRAWLER]     
2026-09-10 09:20:49 EDT [CRAWLER]     
2026-09-10 09:20:49 EDT [CRAWLER]         
2026-09-10 09:20:49 EDT [CRAWLER]                Oops, something went wrong                    Skip to navigation   Skip to main content   Skip to right column                                   The AI investment boom won't last
2026-09-10 09:20:49 EDT [CRAWLER] [TICKER MATCH] AMZN,GOOGL,GS,JPM,META,MSFT
2026-09-10 09:20:49 EDT [CRAWLER] [DISPATCH] Sent AMZN,GOOGL,GS,JPM,META,MSFT -> AI Server
2026-09-10 09:20:49 EDT [CRAWLER] Extracting
2026-09-10 09:20:49 EDT [CRAWLER] [CRAWLER DONE] Processed: https://finance.yahoo.com/markets/article/the-ai-investment-boom-wont-last-forever-goldman-sachs-chief-economist-jan-hatzius-warns-122546159.html | Extracted Links: 0 | Dispatched to AI: YES
2026-09-10 09:20:49 EDT [CRAWLER] [CRAWLER] Visiting: https://finance.yahoo.com/markets/stocks/articles/increasing-power-demand-amid-ai-120102178.html
2026-09-10 09:20:49 EDT [CRAWLER] Status line: HTTP/1.1 200 OK
2026-09-10 09:20:49 EDT [CRAWLER] [DEBUG] URL: https://finance.yahoo.com/markets/stocks/articles/lam-research-lrcx-benefits-memory-121558667.html
2026-09-10 09:20:49 EDT [CRAWLER] [DEBUG] Article length: 3888
2026-09-10 09:20:49 EDT [CRAWLER] [DEBUG] First 1000 chars:
2026-09-10 09:20:49 EDT [CRAWLER] Barometer Capital Management, an independent asset and wealth management firm, released its second-quarter 2026 investor letter. The letter can be downloaded here. The second quarter experienced significant volatility driven by macro and headline risks. Concurrently, an upcoming Federal Reserve leadership transition contributed to policy uncertainty, and rising inflation concerns re-emerged, resulting in choppy, headline-driven price movements throughout the period. During the quarter, the firm adopted defensive postures in response to rising risks; however, the market showed resilience, absorbing shocks without following a clear downward trend. Although volatility challenged strategies aimed at capturing durable trends, emerging leadership in specific sectors provided hope. The Barometer Tactical Equity Pool reflected strength in Industrials, IT, and Financials, encouraging a patient approach aligned with robust areas. Industrials and Financials were the leading contributors to the Ba
2026-09-10 09:20:49 EDT [CRAWLER] [TICKER MATCH] LRCX,NVDA
2026-09-10 09:20:49 EDT [CRAWLER] [DISPATCH] Sent LRCX,NVDA -> AI Server
2026-09-10 09:20:49 EDT [CRAWLER] Extracting
2026-09-10 09:20:49 EDT [CRAWLER] [CRAWLER DONE] Processed: https://finance.yahoo.com/markets/stocks/articles/lam-research-lrcx-benefits-memory-121558667.html | Extracted Links: 0 | Dispatched to AI: YES
2026-09-10 09:20:51 EDT [CRAWLER] [CRAWLER] Visiting: https://finance.yahoo.com/markets/stocks/articles/stocks-perform-fed-rate-decisions-120011505.html
2026-09-10 09:20:51 EDT [CRAWLER] Status line: HTTP/1.1 200 OK
2026-09-10 09:20:51 EDT [CRAWLER] [DEBUG] URL: https://finance.yahoo.com/markets/crypto/articles/bitcoin-400k-2030-still-reasonable-130427305.html
2026-09-10 09:20:51 EDT [CRAWLER] [DEBUG] Article length: 5978
2026-09-10 09:20:51 EDT [CRAWLER] [DEBUG] First 1000 chars:
2026-09-10 09:20:51 EDT [CRAWLER]     
2026-09-10 09:20:51 EDT [CRAWLER]         
2026-09-10 09:20:51 EDT [CRAWLER]         
2026-09-10 09:20:51 EDT [CRAWLER]          
2026-09-10 09:20:51 EDT [CRAWLER] 	
2026-09-10 09:20:51 EDT [CRAWLER] 		
2026-09-10 09:20:51 EDT [CRAWLER] 		
2026-09-10 09:20:51 EDT [CRAWLER] 		
2026-09-10 09:20:51 EDT [CRAWLER] 		
2026-09-10 09:20:51 EDT [CRAWLER] 		
2026-09-10 09:20:51 EDT [CRAWLER] 		
2026-09-10 09:20:51 EDT [CRAWLER] 		
2026-09-10 09:20:51 EDT [CRAWLER] 		
2026-09-10 09:20:51 EDT [CRAWLER] 		
2026-09-10 09:20:51 EDT [CRAWLER] 		
2026-09-10 09:20:51 EDT [CRAWLER] 		
2026-09-10 09:20:51 EDT [CRAWLER] 		
2026-09-10 09:20:51 EDT [CRAWLER] 		
2026-09-10 09:20:51 EDT [CRAWLER] 		
2026-09-10 09:20:51 EDT [CRAWLER] 		
2026-09-10 09:20:51 EDT [CRAWLER] 		
2026-09-10 09:20:51 EDT [CRAWLER] 		
2026-09-10 09:20:51 EDT [CRAWLER] 		
2026-09-10 09:20:51 EDT [CRAWLER] 		
2026-09-10 09:20:51 EDT [CRAWLER] 		
2026-09-10 09:20:51 EDT [CRAWLER] 		
2026-09-10 09:20:51 EDT [CRAWLER] 		
2026-09-10 09:20:51 EDT [CRAWLER] 		
2026-09-10 09:20:51 EDT [CRAWLER] 		
2026-09-10 09:20:51 EDT [CRAWLER] 		
2026-09-10 09:20:51 EDT [CRAWLER] 		
2026-09-10 09:20:51 EDT [CRAWLER] 		
2026-09-10 09:20:51 EDT [CRAWLER] 		
2026-09-10 09:20:51 EDT [CRAWLER] 		
2026-09-10 09:20:51 EDT [CRAWLER] 		
2026-09-10 09:20:51 EDT [CRAWLER] 		
2026-09-10 09:20:51 EDT [CRAWLER] 		
2026-09-10 09:20:51 EDT [CRAWLER] 		
2026-09-10 09:20:51 EDT [CRAWLER] 		
2026-09-10 09:20:51 EDT [CRAWLER] 		
2026-09-10 09:20:51 EDT [CRAWLER] 		
2026-09-10 09:20:51 EDT [CRAWLER] 		
2026-09-10 09:20:51 EDT [CRAWLER] 		
2026-09-10 09:20:51 EDT [CRAWLER] 		
2026-09-10 09:20:51 EDT [CRAWLER] 		
2026-09-10 09:20:51 EDT [CRAWLER] 		
2026-09-10 09:20:51 EDT [CRAWLER] 		
2026-09-10 09:20:51 EDT [CRAWLER] 		
2026-09-10 09:20:51 EDT [CRAWLER] 		
2026-09-10 09:20:51 EDT [CRAWLER] 		
2026-09-10 09:20:51 EDT [CRAWLER] 		
2026-09-10 09:20:51 EDT [CRAWLER] 		
2026-09-10 09:20:51 EDT [CRAWLER] 		
2026-09-10 09:20:51 EDT [CRAWLER] 		
2026-09-10 09:20:51 EDT [CRAWLER] 		
2026-09-10 09:20:51 EDT [CRAWLER] 		
2026-09-10 09:20:51 EDT [CRAWLER] 		
2026-09-10 09:20:51 EDT [CRAWLER] 		
2026-09-10 09:20:51 EDT [CRAWLER] 		
2026-09-10 09:20:51 EDT [CRAWLER] 		
2026-09-10 09:20:51 EDT [CRAWLER] 		
2026-09-10 09:20:51 EDT [CRAWLER] 		
2026-09-10 09:20:51 EDT [CRAWLER] 		
2026-09-10 09:20:51 EDT [CRAWLER] 		
2026-09-10 09:20:51 EDT [CRAWLER] 		
2026-09-10 09:20:51 EDT [CRAWLER] 		
2026-09-10 09:20:51 EDT [CRAWLER] 		
2026-09-10 09:20:51 EDT [CRAWLER] 		
2026-09-10 09:20:51 EDT [CRAWLER] 		
2026-09-10 09:20:51 EDT [CRAWLER] 		
2026-09-10 09:20:51 EDT [CRAWLER] 		
2026-09-10 09:20:51 EDT [CRAWLER] 		
2026-09-10 09:20:51 EDT [CRAWLER] 		
2026-09-10 09:20:51 EDT [CRAWLER] 		
2026-09-10 09:20:51 EDT [CRAWLER] 		
2026-09-10 09:20:51 EDT [CRAWLER] 		
2026-09-10 09:20:51 EDT [CRAWLER] 		
2026-09-10 09:20:51 EDT [CRAWLER] 		
2026-09-10 09:20:51 EDT [CRAWLER] 		
2026-09-10 09:20:51 EDT [CRAWLER] 		
2026-09-10 09:20:51 EDT [CRAWLER] 		
2026-09-10 09:20:51 EDT [CRAWLER] 		
2026-09-10 09:20:51 EDT [CRAWLER] 		
2026-09-10 09:20:51 EDT [CRAWLER] 		
2026-09-10 09:20:51 EDT [CRAWLER] 		
2026-09-10 09:20:51 EDT [CRAWLER] 		
2026-09-10 09:20:51 EDT [CRAWLER] 		
2026-09-10 09:20:51 EDT [CRAWLER] 		
2026-09-10 09:20:51 EDT [CRAWLER] 		
2026-09-10 09:20:51 EDT [CRAWLER] 		
2026-09-10 09:20:51 EDT [CRAWLER] 		
2026-09-10 09:20:51 EDT [CRAWLER] 		
2026-09-10 09:20:51 EDT [CRAWLER] 		
2026-09-10 09:20:51 EDT [CRAWLER] 		
2026-09-10 09:20:51 EDT [CRAWLER] 		
2026-09-10 09:20:51 EDT [CRAWLER] 		
2026-09-10 09:20:51 EDT [CRAWLER] 		
2026-09-10 09:20:51 EDT [CRAWLER] 		
2026-09-10 09:20:51 EDT [CRAWLER] 		
2026-09-10 09:20:51 EDT [CRAWLER] 		
2026-09-10 09:20:51 EDT [CRAWLER] 		
2026-09-10 09:20:51 EDT [CRAWLER] 		
2026-09-10 09:20:51 EDT [CRAWLER] 		
2026-09-10 09:20:51 EDT [CRAWLER] 		
2026-09-10 09:20:51 EDT [CRAWLER] 		
2026-09-10 09:20:51 EDT [CRAWLER] 		
2026-09-10 09:20:51 EDT [CRAWLER] 		
2026-09-10 09:20:51 EDT [CRAWLER] 		
2026-09-10 09:20:51 EDT [CRAWLER] 		
2026-09-10 09:20:51 EDT [CRAWLER] 		
2026-09-10 09:20:51 EDT [CRAWLER] 		
2026-09-10 09:20:51 EDT [CRAWLER] 		
2026-09-10 09:20:51 EDT [CRAWLER] 		
2026-09-10 09:20:51 EDT [CRAWLER] 		
2026-09-10 09:20:51 EDT [CRAWLER] 		
2026-09-10 09:20:51 EDT [CRAWLER] 		
2026-09-10 09:20:51 EDT [CRAWLER] 		
2026-09-10 09:20:51 EDT [CRAWLER] 		
2026-09-10 09:20:51 EDT [CRAWLER] 		
2026-09-10 09:20:51 EDT [CRAWLER] 		
2026-09-10 09:20:51 EDT [CRAWLER] 		
2026-09-10 09:20:51 EDT [CRAWLER] 		
2026-09-10 09:20:51 EDT [CRAWLER] 		
2026-09-10 09:20:51 EDT [CRAWLER] 		
2026-09-10 09:20:51 EDT [CRAWLER] 		
2026-09-10 09:20:51 EDT [CRAWLER] 		
2026-09-10 09:20:51 EDT [CRAWLER] 		
2026-09-10 09:20:51 EDT [CRAWLER] 		
2026-09-10 09:20:51 EDT [CRAWLER] 		
2026-09-10 09:20:51 EDT [CRAWLER] 		
2026-09-10 09:20:51 EDT [CRAWLER] 		
2026-09-10 09:20:51 EDT [CRAWLER] 		
2026-09-10 09:20:51 EDT [CRAWLER] 		
2026-09-10 09:20:51 EDT [CRAWLER] 		
2026-09-10 09:20:51 EDT [CRAWLER] 		
2026-09-10 09:20:51 EDT [CRAWLER] 		
2026-09-10 09:20:51 EDT [CRAWLER] 		
2026-09-10 09:20:51 EDT [CRAWLER] 		
2026-09-10 09:20:51 EDT [CRAWLER] 		
2026-09-10 09:20:51 EDT [CRAWLER] 		
2026-09-10 09:20:51 EDT [CRAWLER] 		
2026-09-10 09:20:51 EDT [CRAWLER] 		
2026-09-10 09:20:51 EDT [CRAWLER] 		
2026-09-10 09:20:51 EDT [CRAWLER] 		
2026-09-10 09:20:51 EDT [CRAWLER] 		
2026-09-10 09:20:51 EDT [CRAWLER] 		
2026-09-10 09:20:51 EDT [CRAWLER] 		
2026-09-10 09:20:51 EDT [CRAWLER] 		
2026-09-10 09:20:51 EDT [CRAWLER] 		
2026-09-10 09:20:51 EDT [CRAWLER] 		
2026-09-10 09:20:51 EDT [CRAWLER] 		
2026-09-10 09:20:51 EDT [CRAWLER] 		
2026-09-10 09:20:51 EDT [CRAWLER] 		
2026-09-10 09:20:51 EDT [CRAWLER] 		
2026-09-10 09:20:51 EDT [CRAWLER] 		
2026-09-10 09:20:51 EDT [CRAWLER] 		
2026-09-10 09:20:51 EDT [CRAWLER] 		
2026-09-10 09:20:51 EDT [CRAWLER] 		
2026-09-10 09:20:51 EDT [CRAWLER] 		
2026-09-10 09:20:51 EDT [CRAWLER] 		
2026-09-10 09:20:51 EDT [CRAWLER] 		
2026-09-10 09:20:51 EDT [CRAWLER] 		
2026-09-10 09:20:51 EDT [CRAWLER] 		
2026-09-10 09:20:51 EDT [CRAWLER] 		
2026-09-10 09:20:51 EDT [CRAWLER] 		
2026-09-10 09:20:51 EDT [CRAWLER] 		
2026-09-10 09:20:51 EDT [CRAWLER] 		
2026-09-10 09:20:51 EDT [CRAWLER] 		
2026-09-10 09:20:51 EDT [CRAWLER] 		
2026-09-10 09:20:51 EDT [CRAWLER] 		
2026-09-10 09:20:51 EDT [CRAWLER] 		
2026-09-10 09:20:51 EDT [CRAWLER] 		
2026-09-10 09:20:51 EDT [CRAWLER] 		
2026-09-10 09:20:51 EDT [CRAWLER] 		
2026-09-10 09:20:51 EDT [CRAWLER] 		
2026-09-10 09:20:51 EDT [CRAWLER] 		
2026-09-10 09:20:51 EDT [CRAWLER] 		
2026-09-10 09:20:51 EDT [CRAWLER] 		
2026-09-10 09:20:51 EDT [CRAWLER] 		
2026-09-10 09:20:51 EDT [CRAWLER] 		
2026-09-10 09:20:51 EDT [CRAWLER] 		
2026-09-10 09:20:51 EDT [CRAWLER] 		
2026-09-10 09:20:51 EDT [CRAWLER] 		
2026-09-10 09:20:51 EDT [CRAWLER] 		
2026-09-10 09:20:51 EDT [CRAWLER] 		
2026-09-10 09:20:51 EDT [CRAWLER] 		
2026-09-10 09:20:51 EDT [CRAWLER] 		
2026-09-10 09:20:51 EDT [CRAWLER] 		
2026-09-10 09:20:51 EDT [CRAWLER] 		
2026-09-10 09:20:51 EDT [CRAWLER] 		
2026-09-10 09:20:51 EDT [CRAWLER] 		
2026-09-10 09:20:51 EDT [CRAWLER] 		
2026-09-10 09:20:51 EDT [CRAWLER] 		
2026-09-10 09:20:51 EDT [CRAWLER] 		
2026-09-10 09:20:51 EDT [CRAWLER] 		
2026-09-10 09:20:51 EDT [CRAWLER] 		
2026-09-10 09:20:51 EDT [CRAWLER] 		
2026-09-10 09:20:51 EDT [CRAWLER] 		
2026-09-10 09:20:51 EDT [CRAWLER] 		
2026-09-10 09:20:51 EDT [CRAWLER] 		
2026-09-10 09:20:51 EDT [CRAWLER] 		
2026-09-10 09:20:51 EDT [CRAWLER] 		
2026-09-10 09:20:51 EDT [CRAWLER] 		
2026-09-10 09:20:51 EDT [CRAWLER] 		
2026-09-10 09:20:51 EDT [CRAWLER] 		
2026-09-10 09:20:51 EDT [CRAWLER] 		
2026-09-10 09:20:51 EDT [CRAWLER] 		
2026-09-10 09:20:51 EDT [CRAWLER] 		
2026-09-10 09:20:51 EDT [CRAWLER] 		
2026-09-10 09:20:51 EDT [CRAWLER] 		
2026-09-10 09:20:51 EDT [CRAWLER] 		
2026-09-10 09:20:51 EDT [CRAWLER] 		
2026-09-10 09:20:51 EDT [CRAWLER] 		
2026-09-10 09:20:51 EDT [CRAWLER] 		
2026-09-10 09:20:51 EDT [CRAWLER] 		
2026-09-10 09:20:51 EDT [CRAWLER] 		
2026-09-10 09:20:51 EDT [CRAWLER] 		
2026-09-10 09:20:51 EDT [CRAWLER] 		
2026-09-10 09:20:51 EDT [CRAWLER] 		
2026-09-10 09:20:51 EDT [CRAWLER] 		
2026-09-10 09:20:51 EDT [CRAWLER] 		
2026-09-10 09:20:51 EDT [CRAWLER] 		
2026-09-10 09:20:51 EDT [CRAWLER] 		
2026-09-10 09:20:51 EDT [CRAWLER] 		Bitcoin at $400K by 2030 Still 'Reasonable Target': Coinbase CEO  
2026-09-10 09:20:51 EDT [CRAWLER]     
2026-09-10 09:20:51 EDT [CRAWLER]     
2026-09-10 09:20:51 EDT [CRAWLER]         
2026-09-10 09:20:51 EDT [CRAWLER]                Oops, something went wrong                    Skip to navigation   Skip to main content   Skip to right column                                   Bitcoin at $400K by 2030 Still 'Reasonable Target': Coinbase
2026-09-10 09:20:51 EDT [CRAWLER] [TICKER MATCH] COIN,TGT
2026-09-10 09:20:51 EDT [CRAWLER] [DISPATCH] Sent COIN,TGT -> AI Server
2026-09-10 09:20:51 EDT [CRAWLER] Extracting
2026-09-10 09:20:51 EDT [CRAWLER] [CRAWLER DONE] Processed: https://finance.yahoo.com/markets/crypto/articles/bitcoin-400k-2030-still-reasonable-130427305.html | Extracted Links: 0 | Dispatched to AI: YES
2026-09-10 09:20:51 EDT [CRAWLER] Status line: HTTP/1.1 200 OK
2026-09-10 09:20:51 EDT [CRAWLER] [DEBUG] URL: https://finance.yahoo.com/markets/stocks/articles/increasing-power-demand-amid-ai-120102178.html
2026-09-10 09:20:51 EDT [CRAWLER] [DEBUG] Article length: 3491
2026-09-10 09:20:51 EDT [CRAWLER] [DEBUG] First 1000 chars:
2026-09-10 09:20:51 EDT [CRAWLER] American Century Investments, an investment management company, released its second-quarter 2026 investor letter for the "American Century Investments Focused Dynamic Growth Fund". The letter can be downloaded here. U.S. stocks advanced sharply with double-digit quarterly gains largely due to robust earnings, resilient economic data, and momentum in AI-related stocks. However, there was a slight pullback in June as momentum waned and investors anticipated potential interest rate hikes by the Federal Reserve. Growth and AI stocks outperformed value stocks, while large-cap companies generally surpassed small- and mid-cap stocks. Underperformance was noted in healthcare and communication services, while industrials, particularly in aerospace and defense, contributed positively to performance. The fund's investor class returned 16.38%, slightly below the Russell 1000 Growth Index's 16.74%. The investment approach focuses on bottom-up financial analysis to identify large-cap companies with 
2026-09-10 09:20:51 EDT [CRAWLER] [TICKER MATCH] ORCL
2026-09-10 09:20:51 EDT [CRAWLER] [DISPATCH] Sent ORCL -> AI Server
2026-09-10 09:20:51 EDT [CRAWLER] Extracting
2026-09-10 09:20:51 EDT [CRAWLER] [CRAWLER DONE] Processed: https://finance.yahoo.com/markets/stocks/articles/increasing-power-demand-amid-ai-120102178.html | Extracted Links: 0 | Dispatched to AI: YES
2026-09-10 09:20:51 EDT [CRAWLER] [CRAWLER] Visiting: https://finance.yahoo.com/markets/stocks/articles/nike-loses-spot-p-100-120000497.html
2026-09-10 09:20:51 EDT [CRAWLER] Status line: HTTP/1.1 200 OK
2026-09-10 09:20:51 EDT [CRAWLER] [DEBUG] URL: https://finance.yahoo.com/markets/stocks/articles/stocks-perform-fed-rate-decisions-120011505.html
2026-09-10 09:20:51 EDT [CRAWLER] [DEBUG] Article length: 4891
2026-09-10 09:20:51 EDT [CRAWLER] [DEBUG] First 1000 chars:
2026-09-10 09:20:51 EDT [CRAWLER] The Fed meets next week and there's more uncertainty than usual heading into the interest rate decision. Betting odds put the chance of a rate hike at a little over 60%. I gathered return data on the S&P 500 Index (SPX) on meeting days and the days that followed, going back to 2015. The table below summarizes the results.  
2026-09-10 09:20:54 EDT [CRAWLER] The SPX has averaged about the same return on Fed meeting days compared with a typical day. However, Fed meeting days have been positive less often but have shown more upside when stocks rise compared with typical days. In the week after Fed days, the SPX has underperformed. The index barely broke even on average, with just half of the returns positive. Typically, the SPX averages a return of 0.25%, with 61% of returns positive. For the time frames beyond one week, the returns following Fed days are close to normal.  
2026-09-10 09:20:54 EDT [CRAWLER] In the rest of the article, I'll break down the returns in this first table to align with the current market environment. Hopefully, this gives us som
2026-09-10 09:20:54 EDT [CRAWLER] [TICKER MATCH] MACRO
2026-09-10 09:20:54 EDT [CRAWLER] [DISPATCH] Sent MACRO -> AI Server
2026-09-10 09:20:54 EDT [CRAWLER] Extracting
2026-09-10 09:20:54 EDT [CRAWLER] [CRAWLER DONE] Processed: https://finance.yahoo.com/markets/stocks/articles/stocks-perform-fed-rate-decisions-120011505.html | Extracted Links: 0 | Dispatched to AI: YES
2026-09-10 09:20:54 EDT [CRAWLER] [CRAWLER] Visiting: https://finance.yahoo.com/markets/stocks/articles/netflix-nflx-shares-pressured-weak-115559393.html
2026-09-10 09:20:54 EDT [CRAWLER] [CRAWLER] Visiting: https://finance.yahoo.com/markets/stocks/articles/bullish-intel-corporation-intc-115408821.html
2026-09-10 09:20:54 EDT [CRAWLER] [CRAWLER] Visiting: https://finance.yahoo.com/markets/stocks/articles/exiting-insmed-insm-following-disappointing-115232758.html
2026-09-10 09:20:54 EDT [CRAWLER] Status line: HTTP/1.1 200 OK
2026-09-10 09:20:54 EDT [CRAWLER] [DEBUG] URL: https://finance.yahoo.com/markets/stocks/articles/netflix-nflx-shares-pressured-weak-115559393.html
2026-09-10 09:20:54 EDT [CRAWLER] [DEBUG] Article length: 6016
2026-09-10 09:20:54 EDT [CRAWLER] [DEBUG] First 1000 chars:
2026-09-10 09:20:54 EDT [CRAWLER]     
2026-09-10 09:20:54 EDT [CRAWLER]         
2026-09-10 09:20:54 EDT [CRAWLER]         
2026-09-10 09:20:54 EDT [CRAWLER]          
2026-09-10 09:20:54 EDT [CRAWLER] 	
2026-09-10 09:20:54 EDT [CRAWLER] 		
2026-09-10 09:20:54 EDT [CRAWLER] 		
2026-09-10 09:20:54 EDT [CRAWLER] 		
2026-09-10 09:20:54 EDT [CRAWLER] 		
2026-09-10 09:20:54 EDT [CRAWLER] 		
2026-09-10 09:20:54 EDT [CRAWLER] 		
2026-09-10 09:20:54 EDT [CRAWLER] 		
2026-09-10 09:20:54 EDT [CRAWLER] 		
2026-09-10 09:20:54 EDT [CRAWLER] 		
2026-09-10 09:20:54 EDT [CRAWLER] 		
2026-09-10 09:20:54 EDT [CRAWLER] 		
2026-09-10 09:20:54 EDT [CRAWLER] 		
2026-09-10 09:20:54 EDT [CRAWLER] 		
2026-09-10 09:20:54 EDT [CRAWLER] 		
2026-09-10 09:20:54 EDT [CRAWLER] 		
2026-09-10 09:20:54 EDT [CRAWLER] 		
2026-09-10 09:20:54 EDT [CRAWLER] 		
2026-09-10 09:20:54 EDT [CRAWLER] 		
2026-09-10 09:20:54 EDT [CRAWLER] 		
2026-09-10 09:20:54 EDT [CRAWLER] 		
2026-09-10 09:20:54 EDT [CRAWLER] 		
2026-09-10 09:20:54 EDT [CRAWLER] 		
2026-09-10 09:20:54 EDT [CRAWLER] 		
2026-09-10 09:20:54 EDT [CRAWLER] 		
2026-09-10 09:20:54 EDT [CRAWLER] 		
2026-09-10 09:20:54 EDT [CRAWLER] 		
2026-09-10 09:20:54 EDT [CRAWLER] 		
2026-09-10 09:20:54 EDT [CRAWLER] 		
2026-09-10 09:20:54 EDT [CRAWLER] 		
2026-09-10 09:20:54 EDT [CRAWLER] 		
2026-09-10 09:20:54 EDT [CRAWLER] 		
2026-09-10 09:20:54 EDT [CRAWLER] 		
2026-09-10 09:20:54 EDT [CRAWLER] 		
2026-09-10 09:20:54 EDT [CRAWLER] 		
2026-09-10 09:20:54 EDT [CRAWLER] 		
2026-09-10 09:20:54 EDT [CRAWLER] 		
2026-09-10 09:20:54 EDT [CRAWLER] 		
2026-09-10 09:20:54 EDT [CRAWLER] 		
2026-09-10 09:20:54 EDT [CRAWLER] 		
2026-09-10 09:20:54 EDT [CRAWLER] 		
2026-09-10 09:20:54 EDT [CRAWLER] 		
2026-09-10 09:20:54 EDT [CRAWLER] 		
2026-09-10 09:20:54 EDT [CRAWLER] 		
2026-09-10 09:20:54 EDT [CRAWLER] 		
2026-09-10 09:20:54 EDT [CRAWLER] 		
2026-09-10 09:20:54 EDT [CRAWLER] 		
2026-09-10 09:20:54 EDT [CRAWLER] 		
2026-09-10 09:20:54 EDT [CRAWLER] 		
2026-09-10 09:20:54 EDT [CRAWLER] 		
2026-09-10 09:20:54 EDT [CRAWLER] 		
2026-09-10 09:20:54 EDT [CRAWLER] 		
2026-09-10 09:20:54 EDT [CRAWLER] 		
2026-09-10 09:20:54 EDT [CRAWLER] 		
2026-09-10 09:20:54 EDT [CRAWLER] 		
2026-09-10 09:20:54 EDT [CRAWLER] 		
2026-09-10 09:20:54 EDT [CRAWLER] 		
2026-09-10 09:20:54 EDT [CRAWLER] 		
2026-09-10 09:20:54 EDT [CRAWLER] 		
2026-09-10 09:20:54 EDT [CRAWLER] 		
2026-09-10 09:20:54 EDT [CRAWLER] 		
2026-09-10 09:20:54 EDT [CRAWLER] 		
2026-09-10 09:20:54 EDT [CRAWLER] 		
2026-09-10 09:20:54 EDT [CRAWLER] 		
2026-09-10 09:20:54 EDT [CRAWLER] 		
2026-09-10 09:20:54 EDT [CRAWLER] 		
2026-09-10 09:20:54 EDT [CRAWLER] 		
2026-09-10 09:20:54 EDT [CRAWLER] 		
2026-09-10 09:20:54 EDT [CRAWLER] 		
2026-09-10 09:20:54 EDT [CRAWLER] 		
2026-09-10 09:20:54 EDT [CRAWLER] 		
2026-09-10 09:20:54 EDT [CRAWLER] 		
2026-09-10 09:20:54 EDT [CRAWLER] 		
2026-09-10 09:20:54 EDT [CRAWLER] 		
2026-09-10 09:20:54 EDT [CRAWLER] 		
2026-09-10 09:20:54 EDT [CRAWLER] 		
2026-09-10 09:20:54 EDT [CRAWLER] 		
2026-09-10 09:20:54 EDT [CRAWLER] 		
2026-09-10 09:20:54 EDT [CRAWLER] 		
2026-09-10 09:20:54 EDT [CRAWLER] 		
2026-09-10 09:20:54 EDT [CRAWLER] 		
2026-09-10 09:20:54 EDT [CRAWLER] 		
2026-09-10 09:20:54 EDT [CRAWLER] 		
2026-09-10 09:20:54 EDT [CRAWLER] 		
2026-09-10 09:20:54 EDT [CRAWLER] 		
2026-09-10 09:20:54 EDT [CRAWLER] 		
2026-09-10 09:20:54 EDT [CRAWLER] 		
2026-09-10 09:20:54 EDT [CRAWLER] 		
2026-09-10 09:20:54 EDT [CRAWLER] 		
2026-09-10 09:20:54 EDT [CRAWLER] 		
2026-09-10 09:20:54 EDT [CRAWLER] 		
2026-09-10 09:20:54 EDT [CRAWLER] 		
2026-09-10 09:20:54 EDT [CRAWLER] 		
2026-09-10 09:20:54 EDT [CRAWLER] 		
2026-09-10 09:20:54 EDT [CRAWLER] 		
2026-09-10 09:20:54 EDT [CRAWLER] 		
2026-09-10 09:20:54 EDT [CRAWLER] 		
2026-09-10 09:20:54 EDT [CRAWLER] 		
2026-09-10 09:20:54 EDT [CRAWLER] 		
2026-09-10 09:20:54 EDT [CRAWLER] 		
2026-09-10 09:20:54 EDT [CRAWLER] 		
2026-09-10 09:20:54 EDT [CRAWLER] 		
2026-09-10 09:20:54 EDT [CRAWLER] 		
2026-09-10 09:20:54 EDT [CRAWLER] 		
2026-09-10 09:20:54 EDT [CRAWLER] 		
2026-09-10 09:20:54 EDT [CRAWLER] 		
2026-09-10 09:20:54 EDT [CRAWLER] 		
2026-09-10 09:20:54 EDT [CRAWLER] 		
2026-09-10 09:20:54 EDT [CRAWLER] 		
2026-09-10 09:20:54 EDT [CRAWLER] 		
2026-09-10 09:20:54 EDT [CRAWLER] 		
2026-09-10 09:20:54 EDT [CRAWLER] 		
2026-09-10 09:20:54 EDT [CRAWLER] 		
2026-09-10 09:20:54 EDT [CRAWLER] 		
2026-09-10 09:20:54 EDT [CRAWLER] 		
2026-09-10 09:20:54 EDT [CRAWLER] 		
2026-09-10 09:20:54 EDT [CRAWLER] 		
2026-09-10 09:20:54 EDT [CRAWLER] 		
2026-09-10 09:20:54 EDT [CRAWLER] 		
2026-09-10 09:20:54 EDT [CRAWLER] 		
2026-09-10 09:20:54 EDT [CRAWLER] 		
2026-09-10 09:20:54 EDT [CRAWLER] 		
2026-09-10 09:20:54 EDT [CRAWLER] 		
2026-09-10 09:20:54 EDT [CRAWLER] 		
2026-09-10 09:20:54 EDT [CRAWLER] 		
2026-09-10 09:20:54 EDT [CRAWLER] 		
2026-09-10 09:20:54 EDT [CRAWLER] 		
2026-09-10 09:20:54 EDT [CRAWLER] 		
2026-09-10 09:20:54 EDT [CRAWLER] 		
2026-09-10 09:20:54 EDT [CRAWLER] 		
2026-09-10 09:20:54 EDT [CRAWLER] 		
2026-09-10 09:20:54 EDT [CRAWLER] 		
2026-09-10 09:20:54 EDT [CRAWLER] 		
2026-09-10 09:20:54 EDT [CRAWLER] 		
2026-09-10 09:20:54 EDT [CRAWLER] 		
2026-09-10 09:20:54 EDT [CRAWLER] 		
2026-09-10 09:20:54 EDT [CRAWLER] 		
2026-09-10 09:20:54 EDT [CRAWLER] 		
2026-09-10 09:20:54 EDT [CRAWLER] 		
2026-09-10 09:20:54 EDT [CRAWLER] 		
2026-09-10 09:20:54 EDT [CRAWLER] 		
2026-09-10 09:20:54 EDT [CRAWLER] 		
2026-09-10 09:20:54 EDT [CRAWLER] 		
2026-09-10 09:20:54 EDT [CRAWLER] 		
2026-09-10 09:20:54 EDT [CRAWLER] 		
2026-09-10 09:20:54 EDT [CRAWLER] 		
2026-09-10 09:20:54 EDT [CRAWLER] 		
2026-09-10 09:20:54 EDT [CRAWLER] 		
2026-09-10 09:20:54 EDT [CRAWLER] 		
2026-09-10 09:20:54 EDT [CRAWLER] 		
2026-09-10 09:20:54 EDT [CRAWLER] 		
2026-09-10 09:20:54 EDT [CRAWLER] 		
2026-09-10 09:20:54 EDT [CRAWLER] 		
2026-09-10 09:20:54 EDT [CRAWLER] 		
2026-09-10 09:20:54 EDT [CRAWLER] 		
2026-09-10 09:20:54 EDT [CRAWLER] 		
2026-09-10 09:20:54 EDT [CRAWLER] 		
2026-09-10 09:20:54 EDT [CRAWLER] 		
2026-09-10 09:20:54 EDT [CRAWLER] 		
2026-09-10 09:20:54 EDT [CRAWLER] 		
2026-09-10 09:20:54 EDT [CRAWLER] 		
2026-09-10 09:20:54 EDT [CRAWLER] 		
2026-09-10 09:20:54 EDT [CRAWLER] 		
2026-09-10 09:20:54 EDT [CRAWLER] 		
2026-09-10 09:20:54 EDT [CRAWLER] 		
2026-09-10 09:20:54 EDT [CRAWLER] 		
2026-09-10 09:20:54 EDT [CRAWLER] 		
2026-09-10 09:20:54 EDT [CRAWLER] 		
2026-09-10 09:20:54 EDT [CRAWLER] 		
2026-09-10 09:20:54 EDT [CRAWLER] 		
2026-09-10 09:20:54 EDT [CRAWLER] 		
2026-09-10 09:20:54 EDT [CRAWLER] 		
2026-09-10 09:20:54 EDT [CRAWLER] 		
2026-09-10 09:20:54 EDT [CRAWLER] 		
2026-09-10 09:20:54 EDT [CRAWLER] 		
2026-09-10 09:20:54 EDT [CRAWLER] 		
2026-09-10 09:20:54 EDT [CRAWLER] 		
2026-09-10 09:20:54 EDT [CRAWLER] 		
2026-09-10 09:20:54 EDT [CRAWLER] 		
2026-09-10 09:20:54 EDT [CRAWLER] 		
2026-09-10 09:20:54 EDT [CRAWLER] 		
2026-09-10 09:20:54 EDT [CRAWLER] 		
2026-09-10 09:20:54 EDT [CRAWLER] 		
2026-09-10 09:20:54 EDT [CRAWLER] 		
2026-09-10 09:20:54 EDT [CRAWLER] 		
2026-09-10 09:20:54 EDT [CRAWLER] 		
2026-09-10 09:20:54 EDT [CRAWLER] 		
2026-09-10 09:20:54 EDT [CRAWLER] 		
2026-09-10 09:20:54 EDT [CRAWLER] 		
2026-09-10 09:20:54 EDT [CRAWLER] 		
2026-09-10 09:20:54 EDT [CRAWLER] 		
2026-09-10 09:20:54 EDT [CRAWLER] 		
2026-09-10 09:20:54 EDT [CRAWLER] 		
2026-09-10 09:20:54 EDT [CRAWLER] 		
2026-09-10 09:20:54 EDT [CRAWLER] 		
2026-09-10 09:20:54 EDT [CRAWLER] 		
2026-09-10 09:20:54 EDT [CRAWLER] 		
2026-09-10 09:20:54 EDT [CRAWLER] 		
2026-09-10 09:20:54 EDT [CRAWLER] 		
2026-09-10 09:20:54 EDT [CRAWLER] 		
2026-09-10 09:20:54 EDT [CRAWLER] 		
2026-09-10 09:20:54 EDT [CRAWLER] 		
2026-09-10 09:20:54 EDT [CRAWLER] 		
2026-09-10 09:20:54 EDT [CRAWLER] 		
2026-09-10 09:20:54 EDT [CRAWLER] 		
2026-09-10 09:20:54 EDT [CRAWLER] 		
2026-09-10 09:20:54 EDT [CRAWLER] 		
2026-09-10 09:20:54 EDT [CRAWLER] 		
2026-09-10 09:20:54 EDT [CRAWLER] 		
2026-09-10 09:20:54 EDT [CRAWLER] 		
2026-09-10 09:20:54 EDT [CRAWLER] 		
2026-09-10 09:20:54 EDT [CRAWLER] 		
2026-09-10 09:20:54 EDT [CRAWLER] 		
2026-09-10 09:20:54 EDT [CRAWLER] 		
2026-09-10 09:20:54 EDT [CRAWLER] 		
2026-09-10 09:20:54 EDT [CRAWLER] 		
2026-09-10 09:20:54 EDT [CRAWLER] 		
2026-09-10 09:20:54 EDT [CRAWLER] 		
2026-09-10 09:20:54 EDT [CRAWLER] 		
2026-09-10 09:20:54 EDT [CRAWLER] 		Netflix (NFLX) Shares Pressured by Weak Q2 Outlook  
2026-09-10 09:20:54 EDT [CRAWLER]     
2026-09-10 09:20:54 EDT [CRAWLER]     
2026-09-10 09:20:54 EDT [CRAWLER]         
2026-09-10 09:20:54 EDT [CRAWLER]                Oops, something went wrong                    Skip to navigation   Skip to main content   Skip to right column                                   Netflix (NFLX) Shares Pressured by Weak Q2 Outlook          Soumya Eswaran
2026-09-10 09:20:54 EDT [CRAWLER] [TICKER MATCH] GOOGL,NFLX,XYZ
2026-09-10 09:20:54 EDT [CRAWLER] [DISPATCH] Sent GOOGL,NFLX,XYZ -> AI Server
2026-09-10 09:20:54 EDT [CRAWLER] Extracting
2026-09-10 09:20:54 EDT [CRAWLER] [CRAWLER DONE] Processed: https://finance.yahoo.com/markets/stocks/articles/netflix-nflx-shares-pressured-weak-115559393.html | Extracted Links: 0 | Dispatched to AI: YES
2026-09-10 09:20:54 EDT [CRAWLER] Status line: HTTP/1.1 200 OK
2026-09-10 09:20:54 EDT [CRAWLER] [DEBUG] URL: https://finance.yahoo.com/markets/stocks/articles/nike-loses-spot-p-100-120000497.html
2026-09-10 09:20:54 EDT [CRAWLER] [DEBUG] Article length: 5915
2026-09-10 09:20:54 EDT [CRAWLER] [DEBUG] First 1000 chars:
2026-09-10 09:20:54 EDT [CRAWLER] Nike used to be a trendsetter. Today, it's praying for a turnaround.​  
2026-09-10 09:20:54 EDT [CRAWLER] This once unquestioned "blue-chip" sportswear brand has steadily become one of the market's biggest losers. Since hitting its peak of about $179 per share in 2021, Nike's shares fell nearly 80% to a fresh 52-week low of $36.85 this year. Translated into market cap, that's a loss of over $200 billion.​  
2026-09-10 09:20:54 EDT [CRAWLER] Jeff Bezos backs a platform that lets anyone invest in rental homes for as little as $100 — 6 ways to build wealth like a landlord without actually being one  
2026-09-10 09:20:54 EDT [CRAWLER] Dave Ramsey warns nearly 50% of Americans are making 1 big Social Security mistake. Here's what it is and 3 simple steps to fix it ASAP  
2026-09-10 09:20:54 EDT [CRAWLER] The tax breaks in Trump's 'big beautiful bill' expire after 2028. Here are 4 moves to make before the window closes  
2026-09-10 09:20:54 EDT [CRAWLER] This fall is so bad that S&P Global is now dropping Nike from its most prestigious roster. After an 18-year streak, S&P Dow Jones Indices says Nike will no longer be in the S&P 100, which tracks the le
2026-09-10 09:20:54 EDT [CRAWLER] [TICKER MATCH] HON,LULU,NKE,PANW,SPG
2026-09-10 09:20:54 EDT [CRAWLER] [DISPATCH] Sent HON,LULU,NKE,PANW,SPG -> AI Server
2026-09-10 09:20:54 EDT [CRAWLER] Extracting
2026-09-10 09:20:54 EDT [CRAWLER] [CRAWLER DONE] Processed: https://finance.yahoo.com/markets/stocks/articles/nike-loses-spot-p-100-120000497.html | Extracted Links: 0 | Dispatched to AI: YES
2026-09-10 09:20:54 EDT [CRAWLER] [CRAWLER] Visiting: https://finance.yahoo.com/markets/stocks/articles/palantir-stock-soared-more-1-130043651.html
2026-09-10 09:20:54 EDT [CRAWLER] Status line: HTTP/1.1 200 OK
2026-09-10 09:20:54 EDT [CRAWLER] [DEBUG] URL: https://finance.yahoo.com/markets/stocks/articles/bullish-intel-corporation-intc-115408821.html
2026-09-10 09:20:54 EDT [CRAWLER] [DEBUG] Article length: 6175
2026-09-10 09:20:54 EDT [CRAWLER] [DEBUG] First 1000 chars:
2026-09-10 09:20:54 EDT [CRAWLER]     
2026-09-10 09:20:54 EDT [CRAWLER]         
2026-09-10 09:20:54 EDT [CRAWLER]         
2026-09-10 09:20:54 EDT [CRAWLER]          
2026-09-10 09:20:54 EDT [CRAWLER] 	
2026-09-10 09:20:54 EDT [CRAWLER] 		
2026-09-10 09:20:54 EDT [CRAWLER] 		
2026-09-10 09:20:54 EDT [CRAWLER] 		
2026-09-10 09:20:54 EDT [CRAWLER] 		
2026-09-10 09:20:54 EDT [CRAWLER] 		
2026-09-10 09:20:54 EDT [CRAWLER] 		
2026-09-10 09:20:54 EDT [CRAWLER] 		
2026-09-10 09:20:54 EDT [CRAWLER] 		
2026-09-10 09:20:54 EDT [CRAWLER] 		
2026-09-10 09:20:54 EDT [CRAWLER] 		
2026-09-10 09:20:54 EDT [CRAWLER] 		
2026-09-10 09:20:54 EDT [CRAWLER] 		
2026-09-10 09:20:54 EDT [CRAWLER] 		
2026-09-10 09:20:54 EDT [CRAWLER] 		
2026-09-10 09:20:54 EDT [CRAWLER] 		
2026-09-10 09:20:54 EDT [CRAWLER] 		
2026-09-10 09:20:54 EDT [CRAWLER] 		
2026-09-10 09:20:54 EDT [CRAWLER] 		
2026-09-10 09:20:54 EDT [CRAWLER] 		
2026-09-10 09:20:54 EDT [CRAWLER] 		
2026-09-10 09:20:54 EDT [CRAWLER] 		
2026-09-10 09:20:57 EDT [CRAWLER] 		
2026-09-10 09:20:57 EDT [CRAWLER] 		
2026-09-10 09:20:57 EDT [CRAWLER] 		
2026-09-10 09:20:57 EDT [CRAWLER] 		
2026-09-10 09:20:57 EDT [CRAWLER] 		
2026-09-10 09:20:57 EDT [CRAWLER] 		
2026-09-10 09:20:57 EDT [CRAWLER] 		
2026-09-10 09:20:57 EDT [CRAWLER] 		
2026-09-10 09:20:57 EDT [CRAWLER] 		
2026-09-10 09:20:57 EDT [CRAWLER] 		
2026-09-10 09:20:57 EDT [CRAWLER] 		
2026-09-10 09:20:57 EDT [CRAWLER] 		
2026-09-10 09:20:57 EDT [CRAWLER] 		
2026-09-10 09:20:57 EDT [CRAWLER] 		
2026-09-10 09:20:57 EDT [CRAWLER] 		
2026-09-10 09:20:57 EDT [CRAWLER] 		
2026-09-10 09:20:57 EDT [CRAWLER] 		
2026-09-10 09:20:57 EDT [CRAWLER] 		
2026-09-10 09:20:57 EDT [CRAWLER] 		
2026-09-10 09:20:57 EDT [CRAWLER] 		
2026-09-10 09:20:57 EDT [CRAWLER] 		
2026-09-10 09:20:57 EDT [CRAWLER] 		
2026-09-10 09:20:57 EDT [CRAWLER] 		
2026-09-10 09:20:57 EDT [CRAWLER] 		
2026-09-10 09:20:57 EDT [CRAWLER] 		
2026-09-10 09:20:57 EDT [CRAWLER] 		
2026-09-10 09:20:57 EDT [CRAWLER] 		
2026-09-10 09:20:57 EDT [CRAWLER] 		
2026-09-10 09:20:57 EDT [CRAWLER] 		
2026-09-10 09:20:57 EDT [CRAWLER] 		
2026-09-10 09:20:57 EDT [CRAWLER] 		
2026-09-10 09:20:57 EDT [CRAWLER] 		
2026-09-10 09:20:57 EDT [CRAWLER] 		
2026-09-10 09:20:57 EDT [CRAWLER] 		
2026-09-10 09:20:57 EDT [CRAWLER] 		
2026-09-10 09:20:57 EDT [CRAWLER] 		
2026-09-10 09:20:57 EDT [CRAWLER] 		
2026-09-10 09:20:57 EDT [CRAWLER] 		
2026-09-10 09:20:57 EDT [CRAWLER] 		
2026-09-10 09:20:57 EDT [CRAWLER] 		
2026-09-10 09:20:57 EDT [CRAWLER] 		
2026-09-10 09:20:57 EDT [CRAWLER] 		
2026-09-10 09:20:57 EDT [CRAWLER] 		
2026-09-10 09:20:57 EDT [CRAWLER] 		
2026-09-10 09:20:57 EDT [CRAWLER] 		
2026-09-10 09:20:57 EDT [CRAWLER] 		
2026-09-10 09:20:57 EDT [CRAWLER] 		
2026-09-10 09:20:57 EDT [CRAWLER] 		
2026-09-10 09:20:57 EDT [CRAWLER] 		
2026-09-10 09:20:57 EDT [CRAWLER] 		
2026-09-10 09:20:57 EDT [CRAWLER] 		
2026-09-10 09:20:57 EDT [CRAWLER] 		
2026-09-10 09:20:57 EDT [CRAWLER] 		
2026-09-10 09:20:57 EDT [CRAWLER] 		
2026-09-10 09:20:57 EDT [CRAWLER] 		
2026-09-10 09:20:57 EDT [CRAWLER] 		
2026-09-10 09:20:57 EDT [CRAWLER] 		
2026-09-10 09:20:57 EDT [CRAWLER] 		
2026-09-10 09:20:57 EDT [CRAWLER] 		
2026-09-10 09:20:57 EDT [CRAWLER] 		
2026-09-10 09:20:57 EDT [CRAWLER] 		
2026-09-10 09:20:57 EDT [CRAWLER] 		
2026-09-10 09:20:57 EDT [CRAWLER] 		
2026-09-10 09:20:57 EDT [CRAWLER] 		
2026-09-10 09:20:57 EDT [CRAWLER] 		
2026-09-10 09:20:57 EDT [CRAWLER] 		
2026-09-10 09:20:57 EDT [CRAWLER] 		
2026-09-10 09:20:57 EDT [CRAWLER] 		
2026-09-10 09:20:57 EDT [CRAWLER] 		
2026-09-10 09:20:57 EDT [CRAWLER] 		
2026-09-10 09:20:57 EDT [CRAWLER] 		
2026-09-10 09:20:57 EDT [CRAWLER] 		
2026-09-10 09:20:57 EDT [CRAWLER] 		
2026-09-10 09:20:57 EDT [CRAWLER] 		
2026-09-10 09:20:57 EDT [CRAWLER] 		
2026-09-10 09:20:57 EDT [CRAWLER] 		
2026-09-10 09:20:57 EDT [CRAWLER] 		
2026-09-10 09:20:57 EDT [CRAWLER] 		
2026-09-10 09:20:57 EDT [CRAWLER] 		
2026-09-10 09:20:57 EDT [CRAWLER] 		
2026-09-10 09:20:57 EDT [CRAWLER] 		
2026-09-10 09:20:57 EDT [CRAWLER] 		
2026-09-10 09:20:57 EDT [CRAWLER] 		
2026-09-10 09:20:57 EDT [CRAWLER] 		
2026-09-10 09:20:57 EDT [CRAWLER] 		
2026-09-10 09:20:57 EDT [CRAWLER] 		
2026-09-10 09:20:57 EDT [CRAWLER] 		
2026-09-10 09:20:57 EDT [CRAWLER] 		
2026-09-10 09:20:57 EDT [CRAWLER] 		
2026-09-10 09:20:57 EDT [CRAWLER] 		
2026-09-10 09:20:57 EDT [CRAWLER] 		
2026-09-10 09:20:57 EDT [CRAWLER] 		
2026-09-10 09:20:57 EDT [CRAWLER] 		
2026-09-10 09:20:57 EDT [CRAWLER] 		
2026-09-10 09:20:57 EDT [CRAWLER] 		
2026-09-10 09:20:57 EDT [CRAWLER] 		
2026-09-10 09:20:57 EDT [CRAWLER] 		
2026-09-10 09:20:57 EDT [CRAWLER] 		
2026-09-10 09:20:57 EDT [CRAWLER] 		
2026-09-10 09:20:57 EDT [CRAWLER] 		
2026-09-10 09:20:57 EDT [CRAWLER] 		
2026-09-10 09:20:57 EDT [CRAWLER] 		
2026-09-10 09:20:57 EDT [CRAWLER] 		
2026-09-10 09:20:57 EDT [CRAWLER] 		
2026-09-10 09:20:57 EDT [CRAWLER] 		
2026-09-10 09:20:57 EDT [CRAWLER] 		
2026-09-10 09:20:57 EDT [CRAWLER] 		
2026-09-10 09:20:57 EDT [CRAWLER] 		
2026-09-10 09:20:57 EDT [CRAWLER] 		
2026-09-10 09:20:57 EDT [CRAWLER] 		
2026-09-10 09:20:57 EDT [CRAWLER] 		
2026-09-10 09:20:57 EDT [CRAWLER] 		
2026-09-10 09:20:57 EDT [CRAWLER] 		
2026-09-10 09:20:57 EDT [CRAWLER] 		
2026-09-10 09:20:57 EDT [CRAWLER] 		
2026-09-10 09:20:57 EDT [CRAWLER] 		
2026-09-10 09:20:57 EDT [CRAWLER] 		
2026-09-10 09:20:57 EDT [CRAWLER] 		
2026-09-10 09:20:57 EDT [CRAWLER] 		
2026-09-10 09:20:57 EDT [CRAWLER] 		
2026-09-10 09:20:57 EDT [CRAWLER] 		
2026-09-10 09:20:57 EDT [CRAWLER] 		
2026-09-10 09:20:57 EDT [CRAWLER] 		
2026-09-10 09:20:57 EDT [CRAWLER] 		
2026-09-10 09:20:57 EDT [CRAWLER] 		
2026-09-10 09:20:57 EDT [CRAWLER] 		
2026-09-10 09:20:57 EDT [CRAWLER] 		
2026-09-10 09:20:57 EDT [CRAWLER] 		
2026-09-10 09:20:57 EDT [CRAWLER] 		
2026-09-10 09:20:57 EDT [CRAWLER] 		
2026-09-10 09:20:57 EDT [CRAWLER] 		
2026-09-10 09:20:57 EDT [CRAWLER] 		
2026-09-10 09:20:57 EDT [CRAWLER] 		
2026-09-10 09:20:57 EDT [CRAWLER] 		
2026-09-10 09:20:57 EDT [CRAWLER] 		
2026-09-10 09:20:57 EDT [CRAWLER] 		
2026-09-10 09:20:57 EDT [CRAWLER] 		
2026-09-10 09:20:57 EDT [CRAWLER] 		
2026-09-10 09:20:57 EDT [CRAWLER] 		
2026-09-10 09:20:57 EDT [CRAWLER] 		
2026-09-10 09:20:57 EDT [CRAWLER] 		
2026-09-10 09:20:57 EDT [CRAWLER] 		
2026-09-10 09:20:57 EDT [CRAWLER] 		
2026-09-10 09:20:57 EDT [CRAWLER] 		
2026-09-10 09:20:57 EDT [CRAWLER] 		
2026-09-10 09:20:57 EDT [CRAWLER] 		
2026-09-10 09:20:57 EDT [CRAWLER] 		
2026-09-10 09:20:57 EDT [CRAWLER] 		
2026-09-10 09:20:57 EDT [CRAWLER] 		
2026-09-10 09:20:57 EDT [CRAWLER] 		
2026-09-10 09:20:57 EDT [CRAWLER] 		
2026-09-10 09:20:57 EDT [CRAWLER] 		
2026-09-10 09:20:57 EDT [CRAWLER] 		
2026-09-10 09:20:57 EDT [CRAWLER] 		
2026-09-10 09:20:57 EDT [CRAWLER] 		
2026-09-10 09:20:57 EDT [CRAWLER] 		
2026-09-10 09:20:57 EDT [CRAWLER] 		
2026-09-10 09:20:57 EDT [CRAWLER] 		
2026-09-10 09:20:57 EDT [CRAWLER] 		
2026-09-10 09:20:57 EDT [CRAWLER] 		
2026-09-10 09:20:57 EDT [CRAWLER] 		
2026-09-10 09:20:57 EDT [CRAWLER] 		
2026-09-10 09:20:57 EDT [CRAWLER] 		
2026-09-10 09:20:57 EDT [CRAWLER] 		
2026-09-10 09:20:57 EDT [CRAWLER] 		
2026-09-10 09:20:57 EDT [CRAWLER] 		
2026-09-10 09:20:57 EDT [CRAWLER] 		
2026-09-10 09:20:57 EDT [CRAWLER] 		
2026-09-10 09:20:57 EDT [CRAWLER] 		
2026-09-10 09:20:57 EDT [CRAWLER] 		
2026-09-10 09:20:57 EDT [CRAWLER] 		
2026-09-10 09:20:57 EDT [CRAWLER] 		
2026-09-10 09:20:57 EDT [CRAWLER] 		
2026-09-10 09:20:57 EDT [CRAWLER] 		
2026-09-10 09:20:57 EDT [CRAWLER] 		
2026-09-10 09:20:57 EDT [CRAWLER] 		
2026-09-10 09:20:57 EDT [CRAWLER] 		
2026-09-10 09:20:57 EDT [CRAWLER] 		
2026-09-10 09:20:57 EDT [CRAWLER] 		
2026-09-10 09:20:57 EDT [CRAWLER] 		
2026-09-10 09:20:57 EDT [CRAWLER] 		
2026-09-10 09:20:57 EDT [CRAWLER] 		
2026-09-10 09:20:57 EDT [CRAWLER] 		
2026-09-10 09:20:57 EDT [CRAWLER] 		
2026-09-10 09:20:57 EDT [CRAWLER] 		
2026-09-10 09:20:57 EDT [CRAWLER] 		
2026-09-10 09:20:57 EDT [CRAWLER] 		
2026-09-10 09:20:57 EDT [CRAWLER] 		
2026-09-10 09:20:57 EDT [CRAWLER] 		
2026-09-10 09:20:57 EDT [CRAWLER] 		
2026-09-10 09:20:57 EDT [CRAWLER] 		
2026-09-10 09:20:57 EDT [CRAWLER] 		
2026-09-10 09:20:57 EDT [CRAWLER] 		
2026-09-10 09:20:57 EDT [CRAWLER] 		
2026-09-10 09:20:57 EDT [CRAWLER] 		
2026-09-10 09:20:57 EDT [CRAWLER] 		
2026-09-10 09:20:57 EDT [CRAWLER] 		
2026-09-10 09:20:57 EDT [CRAWLER] 		Should You Be Bullish on Intel Corporation (INTC)?  
2026-09-10 09:20:57 EDT [CRAWLER]     
2026-09-10 09:20:57 EDT [CRAWLER]     
2026-09-10 09:20:57 EDT [CRAWLER]         
2026-09-10 09:20:57 EDT [CRAWLER]                Oops, something went wrong                    Skip to navigation   Skip to main content   Skip to right column                                   Should You Be Bullish on Intel Corporation (INTC)?          Soumya Eswaran
2026-09-10 09:20:57 EDT [CRAWLER] [TICKER MATCH] AMD,ARM,INTC,NVDA
2026-09-10 09:20:57 EDT [CRAWLER] [DISPATCH] Sent AMD,ARM,INTC,NVDA -> AI Server
2026-09-10 09:20:57 EDT [CRAWLER] Extracting
2026-09-10 09:20:57 EDT [CRAWLER] [CRAWLER DONE] Processed: https://finance.yahoo.com/markets/stocks/articles/bullish-intel-corporation-intc-115408821.html | Extracted Links: 0 | Dispatched to AI: YES
2026-09-10 09:20:57 EDT [CRAWLER] [CRAWLER] Visiting: https://finance.yahoo.com/markets/stocks/articles/backlog-strength-space-demand-lift-114744565.html
2026-09-10 09:20:57 EDT [CRAWLER] Status line: HTTP/1.1 200 OK
2026-09-10 09:20:57 EDT [CRAWLER] [DEBUG] URL: https://finance.yahoo.com/markets/stocks/articles/exiting-insmed-insm-following-disappointing-115232758.html
2026-09-10 09:20:57 EDT [CRAWLER] [DEBUG] Article length: 3504
2026-09-10 09:20:57 EDT [CRAWLER] [DEBUG] First 1000 chars:
2026-09-10 09:20:57 EDT [CRAWLER] American Century Investments, an investment management company, released its second-quarter 2026 investor letter for the "American Century Investments Focused Dynamic Growth Fund". The letter can be downloaded here. U.S. stocks advanced sharply with double-digit quarterly gains largely due to robust earnings, resilient economic data, and momentum in AI-related stocks. However, there was a slight pullback in June as momentum waned and investors anticipated potential interest rate hikes by the Federal Reserve. Growth and AI stocks outperformed value stocks, while large-cap companies generally surpassed small- and mid-cap stocks. Underperformance was noted in healthcare and communication services, while industrials, particularly in aerospace and defense, contributed positively to performance. The fund's investor class returned 16.38%, slightly below the Russell 1000 Growth Index's 16.74%. The investment approach focuses on bottom-up financial analysis to identify large-cap companies with 
2026-09-10 09:20:57 EDT [CRAWLER] [TICKER MATCH] MACRO
2026-09-10 09:20:57 EDT [CRAWLER] [DISPATCH] Sent MACRO -> AI Server
2026-09-10 09:20:57 EDT [CRAWLER] Extracting
2026-09-10 09:20:57 EDT [CRAWLER] [CRAWLER DONE] Processed: https://finance.yahoo.com/markets/stocks/articles/exiting-insmed-insm-following-disappointing-115232758.html | Extracted Links: 0 | Dispatched to AI: YES
2026-09-10 09:20:57 EDT [CRAWLER] [CRAWLER] Visiting: https://finance.yahoo.com/markets/stocks/articles/why-alnylam-pharmaceuticals-alny-declined-114412272.html
2026-09-10 09:20:57 EDT [CRAWLER] Status line: HTTP/1.1 200 OK
2026-09-10 09:20:57 EDT [CRAWLER] [DEBUG] URL: https://finance.yahoo.com/markets/stocks/articles/palantir-stock-soared-more-1-130043651.html
2026-09-10 09:20:57 EDT [CRAWLER] [DEBUG] Article length: 5113
2026-09-10 09:20:57 EDT [CRAWLER] [DEBUG] First 1000 chars:
2026-09-10 09:20:57 EDT [CRAWLER] PLTR has surged 1,693% since its 2020 IPO, yet Q2 U.S. commercial revenue exploded 149% while shares sit 4% below their year-start price.  
2026-09-10 09:20:57 EDT [CRAWLER] Reaching $250 requires just 47% more upside and no multiple expansion, only EPS catching up to a FY2027 estimate of $2.31.  
2026-09-10 09:20:57 EDT [CRAWLER] FY2026 EPS estimates jumped from $1.46 to $1.60 in 90 days with 25 upward analyst revisions and zero downward, signaling Wall Street is still chasing Palantir's momentum.  
2026-09-10 09:20:57 EDT [CRAWLER] Just released. Our analysts combed the entire stock market and named the ten best stocks to buy right now, and Palantir didn't make the cut. Enter your email to see the names that beat PLTR. The report is free. Enter your email and see if any of your stocks made the cut.  
2026-09-10 09:20:57 EDT [CRAWLER] Palantir (NASDAQ:PLTR) has become the defining name in enterprise AI. The stock is up 1,692.63% since its 2020 direct listing, yet shares are actually down 4.19% year to date.  
2026-09-10 09:20:57 EDT [CRAWLER] Meanwhile, Q2 revenue grew 92.83% year over year and U.S. commercial revenue exploded 149%. CEO Alex Karp call
2026-09-10 09:20:57 EDT [CRAWLER] [TICKER MATCH] GOOGL,PLTR,TGT
2026-09-10 09:20:59 EDT [CRAWLER] [DISPATCH] Sent GOOGL,PLTR,TGT -> AI Server
2026-09-10 09:20:59 EDT [CRAWLER] Extracting
2026-09-10 09:20:59 EDT [CRAWLER] [CRAWLER DONE] Processed: https://finance.yahoo.com/markets/stocks/articles/palantir-stock-soared-more-1-130043651.html | Extracted Links: 0 | Dispatched to AI: YES
2026-09-10 09:20:59 EDT [CRAWLER] [CRAWLER] Visiting: https://finance.yahoo.com/markets/articles/automate-finances-simple-three-account-130010755.html
2026-09-10 09:20:59 EDT [CRAWLER] Status line: HTTP/1.1 200 OK
2026-09-10 09:20:59 EDT [CRAWLER] [DEBUG] URL: https://finance.yahoo.com/markets/stocks/articles/backlog-strength-space-demand-lift-114744565.html
2026-09-10 09:20:59 EDT [CRAWLER] [DEBUG] Article length: 3517
2026-09-10 09:20:59 EDT [CRAWLER] [DEBUG] First 1000 chars:
2026-09-10 09:20:59 EDT [CRAWLER] American Century Investments, an investment management company, released its first-quarter 2026 investor letter for the "American Century Investments Focused Dynamic Growth Fund". The letter can be downloaded here. U.S. stocks advanced sharply with double-digit quarterly gains largely due to robust earnings, resilient economic data, and momentum in AI-related stocks. However, there was a slight pullback in June as momentum waned and investors anticipated potential interest rate hikes by the Federal Reserve. Growth and AI stocks outperformed value stocks, while large-cap companies generally surpassed small- and mid-cap stocks. Underperformance was noted in healthcare and communication services, while industrials, particularly in aerospace and defense, contributed positively to performance. The fund's investor class returned 16.38%, slightly below the Russell 1000 Growth Index's 16.74%. The investment approach focuses on bottom-up financial analysis to identify large-cap companies with l
2026-09-10 09:20:59 EDT [CRAWLER] [TICKER MATCH] MACRO
2026-09-10 09:20:59 EDT [CRAWLER] [DISPATCH] Sent MACRO -> AI Server
2026-09-10 09:20:59 EDT [CRAWLER] Extracting
2026-09-10 09:20:59 EDT [CRAWLER] [CRAWLER DONE] Processed: https://finance.yahoo.com/markets/stocks/articles/backlog-strength-space-demand-lift-114744565.html | Extracted Links: 0 | Dispatched to AI: YES
2026-09-10 09:20:59 EDT [CRAWLER] [CRAWLER] Visiting: https://finance.yahoo.com/markets/stocks/articles/onespan-ospn-subscription-growth-masks-060149983.html
2026-09-10 09:20:59 EDT [CRAWLER] Status line: HTTP/1.1 200 OK
2026-09-10 09:20:59 EDT [CRAWLER] Status line: HTTP/1.1 200 OK
2026-09-10 09:20:59 EDT [CRAWLER] [DEBUG] URL: https://finance.yahoo.com/markets/stocks/articles/why-alnylam-pharmaceuticals-alny-declined-114412272.html
2026-09-10 09:20:59 EDT [CRAWLER] [DEBUG] Article length: 3693
2026-09-10 09:20:59 EDT [CRAWLER] [DEBUG] First 1000 chars:
2026-09-10 09:20:59 EDT [CRAWLER] American Century Investments, an investment management company, released its second-quarter 2026 investor letter for the "American Century Investments Focused Dynamic Growth Fund". The letter can be downloaded here. U.S. stocks advanced sharply with double-digit quarterly gains largely due to robust earnings, resilient economic data, and momentum in AI-related stocks. However, there was a slight pullback in June as momentum waned and investors anticipated potential interest rate hikes by the Federal Reserve. Growth and AI stocks outperformed value stocks, while large-cap companies generally surpassed small- and mid-cap stocks. Underperformance was noted in healthcare and communication services, while industrials, particularly in aerospace and defense, contributed positively to performance. The fund's investor class returned 16.38%, slightly below the Russell 1000 Growth Index's 16.74%. The investment approach focuses on bottom-up financial analysis to identify large-cap companies with 
2026-09-10 09:20:59 EDT [CRAWLER] [TICKER MATCH] MACRO
2026-09-10 09:20:59 EDT [CRAWLER] [DISPATCH] Sent MACRO -> AI Server
2026-09-10 09:20:59 EDT [CRAWLER] Extracting
2026-09-10 09:20:59 EDT [CRAWLER] [DEBUG] URL: https://finance.yahoo.com/markets/articles/automate-finances-simple-three-account-130010755.html
2026-09-10 09:20:59 EDT [CRAWLER] [DEBUG] Article length: 6874
2026-09-10 09:20:59 EDT [CRAWLER] [DEBUG] First 1000 chars:
2026-09-10 09:20:59 EDT [CRAWLER] Split your money into three accounts for spending, bills, and savings so each dollar has a dedicated purpose and cannot be accidentally misused.  
2026-09-10 09:20:59 EDT [CRAWLER] Pay yourself first by moving money to savings and bills immediately after each paycheck, then spend only what remains.  
2026-09-10 09:20:59 EDT [CRAWLER] Automate transfers, bill payments, and investment contributions so the system runs itself and requires no ongoing willpower or memory.  
2026-09-10 09:20:59 EDT [CRAWLER] Are you ahead, or behind on retirement? SmartAsset's free tool can match you with a financial advisor in minutes to help you answer that today. Each advisor has been carefully vetted, and must act in your best interests. Don't waste another minute; learn more here.  
2026-09-10 09:20:59 EDT [ORCHESTRATOR] [WAIT] Sleeping until market open at 9:30 AM EDT (9 minutes, 0 seconds remaining)...
2026-09-10 09:21:02 EDT [CRAWLER] Managing money can feel overwhelming, especially when every paycheck seems to disappear so fast. It's eaten up by bills, groceries, subscriptions, and little everyday expenses. Many of us tell ourselves we will save whatever money is left over atthe end of the month, but this rarely works. Most months, there won't be anything
2026-09-10 09:21:02 EDT [CRAWLER] [TICKER MATCH] MACRO
2026-09-10 09:21:02 EDT [CRAWLER] [DISPATCH] Sent MACRO -> AI Server
2026-09-10 09:21:02 EDT [CRAWLER] Extracting
2026-09-10 09:21:02 EDT [CRAWLER] [CRAWLER DONE] Processed: https://finance.yahoo.com/markets/stocks/articles/why-alnylam-pharmaceuticals-alny-declined-114412272.html | Extracted Links: 0 | Dispatched to AI: YES
2026-09-10 09:21:02 EDT [CRAWLER] [CRAWLER DONE] Processed: https://finance.yahoo.com/markets/articles/automate-finances-simple-three-account-130010755.html | Extracted Links: 0 | Dispatched to AI: YES
2026-09-10 09:21:02 EDT [CRAWLER] [CRAWLER] Visiting: https://finance.yahoo.com/markets/stocks/articles/halliburton-cfo-eric-carre-sells-125901418.html
2026-09-10 09:21:02 EDT [CRAWLER] [CRAWLER] Visiting: https://finance.yahoo.com/markets/stocks/articles/designer-brands-raises-full-guidance-125803025.html
2026-09-10 09:21:02 EDT [CRAWLER] Status line: HTTP/1.1 200 OK
2026-09-10 09:21:02 EDT [CRAWLER] [DEBUG] URL: https://finance.yahoo.com/markets/stocks/articles/halliburton-cfo-eric-carre-sells-125901418.html
2026-09-10 09:21:02 EDT [CRAWLER] [DEBUG] Article length: 5041
2026-09-10 09:21:02 EDT [CRAWLER] [DEBUG] First 1000 chars:
2026-09-10 09:21:02 EDT [CRAWLER] Eric Carre, EVP & Chief Financial Officer of Halliburton Company (NYSE:HAL), sold 24,777 shares of common stock on Aug. 31, 2026, according to a SEC Form 4 filing.  
2026-09-10 09:21:02 EDT [CRAWLER] Metric  
2026-09-10 09:21:02 EDT [CRAWLER] Value  
2026-09-10 09:21:02 EDT [CRAWLER] Transaction value  
2026-09-10 09:21:02 EDT [CRAWLER] ~$929,138  
2026-09-10 09:21:02 EDT [CRAWLER] Shares sold  
2026-09-10 09:21:02 EDT [CRAWLER] 24,777  
2026-09-10 09:21:02 EDT [CRAWLER] Post-transaction shares (directly held)  
2026-09-10 09:21:02 EDT [CRAWLER] 124,104  
2026-09-10 09:21:02 EDT [CRAWLER] Post-transaction value  
2026-09-10 09:21:02 EDT [CRAWLER] $4.57 million  
2026-09-10 09:21:02 EDT [CRAWLER] Transaction value based on SEC Form 4 weighted average sale price ($37.50); post-transaction value based on Aug. 31, 2026, market close ($36.85).  
2026-09-10 09:21:02 EDT [CRAWLER] How does this transaction align with the executive's Rule 10b5-1 trading plan?The sale was completed under a plan established on May 19, 2026, that allows scheduled equity liquidations regardless of short-term price fluctuations or market volatility.  
2026-09-10 09:21:02 EDT [CRAWLER] What is the impact on the executive's total equity exposure?While the transaction involved 17% of the shares held before the filing, Eric Carre continues to hold 124,104.596 shares directly and maintains additional exposure through derivative securities.  
2026-09-10 09:21:02 EDT [CRAWLER] What was th
2026-09-10 09:21:02 EDT [CRAWLER] [TICKER MATCH] NFLX,NVDA
2026-09-10 09:21:02 EDT [CRAWLER] [DISPATCH] Sent NFLX,NVDA -> AI Server
2026-09-10 09:21:02 EDT [CRAWLER] Extracting
2026-09-10 09:21:02 EDT [CRAWLER] [CRAWLER DONE] Processed: https://finance.yahoo.com/markets/stocks/articles/halliburton-cfo-eric-carre-sells-125901418.html | Extracted Links: 0 | Dispatched to AI: YES
2026-09-10 09:21:02 EDT [CRAWLER] Status line: HTTP/1.1 200 OK
2026-09-10 09:21:02 EDT [CRAWLER] [DEBUG] URL: https://finance.yahoo.com/markets/stocks/articles/onespan-ospn-subscription-growth-masks-060149983.html
2026-09-10 09:21:02 EDT [CRAWLER] [DEBUG] Article length: 4926
2026-09-10 09:21:02 EDT [CRAWLER] [DEBUG] First 1000 chars:
2026-09-10 09:21:02 EDT [CRAWLER] On August 4, OneSpan (NASDAQ:OSPN) reported second-quarter 2026 results for the period ended June 30, and the numbers pulled in two directions at once. Total revenue barely moved, up just 1% year over year to $60.5 million, yet the business underneath looks different depending on where you look. Subscription revenue jumped 11% to $46.7 million, and annual recurring revenue climbed 7% to $189.7 million. But operating income fell 17% to $8.7 million, a reminder that top-line stability does not automatically translate into stronger profits.  
2026-09-10 09:21:02 EDT [CRAWLER] The clearest sign of momentum sits in OneSpan's subscription business. Subscription revenue grew 11% year over year to $46.7 million, and Digital Agreements revenue, the newer of the company's two segments, jumped 25% to $19.5 million. A net retention rate of 103% shows existing customers are spending more over time rather than churning out, which matters more for a subscription business than any single quarter's headline number. Gross margin also ti
2026-09-10 09:21:02 EDT [CRAWLER] [TICKER MATCH] GOOGL
2026-09-10 09:21:02 EDT [CRAWLER] [DISPATCH] Sent GOOGL -> AI Server
2026-09-10 09:21:02 EDT [CRAWLER] Extracting
2026-09-10 09:21:02 EDT [CRAWLER] [CRAWLER DONE] Processed: https://finance.yahoo.com/markets/stocks/articles/onespan-ospn-subscription-growth-masks-060149983.html | Extracted Links: 0 | Dispatched to AI: YES
2026-09-10 09:21:02 EDT [CRAWLER] Status line: HTTP/1.1 200 OK
2026-09-10 09:21:02 EDT [CRAWLER] [DEBUG] URL: https://finance.yahoo.com/markets/stocks/articles/designer-brands-raises-full-guidance-125803025.html
2026-09-10 09:21:02 EDT [CRAWLER] [DEBUG] Article length: 5503
2026-09-10 09:21:02 EDT [CRAWLER] [DEBUG] First 1000 chars:
2026-09-10 09:21:02 EDT [CRAWLER]     
2026-09-10 09:21:02 EDT [CRAWLER]         
2026-09-10 09:21:02 EDT [CRAWLER]         
2026-09-10 09:21:02 EDT [CRAWLER]          
2026-09-10 09:21:02 EDT [CRAWLER] 	
2026-09-10 09:21:02 EDT [CRAWLER] 		
2026-09-10 09:21:02 EDT [CRAWLER] 		
2026-09-10 09:21:02 EDT [CRAWLER] 		
2026-09-10 09:21:02 EDT [CRAWLER] 		
2026-09-10 09:21:02 EDT [CRAWLER] 		
2026-09-10 09:21:02 EDT [CRAWLER] 		
2026-09-10 09:21:02 EDT [CRAWLER] 		
2026-09-10 09:21:02 EDT [CRAWLER] 		
2026-09-10 09:21:02 EDT [CRAWLER] 		
2026-09-10 09:21:02 EDT [CRAWLER] 		
2026-09-10 09:21:02 EDT [CRAWLER] 		
2026-09-10 09:21:02 EDT [CRAWLER] 		
2026-09-10 09:21:02 EDT [CRAWLER] 		
2026-09-10 09:21:02 EDT [CRAWLER] 		
2026-09-10 09:21:02 EDT [CRAWLER] 		
2026-09-10 09:21:02 EDT [CRAWLER] 		
2026-09-10 09:21:29 EDT [ORCHESTRATOR] [WAIT] Sleeping until market open at 9:30 AM EDT (8 minutes, 30 seconds remaining)...
2026-09-10 09:21:59 EDT [ORCHESTRATOR] [WAIT] Sleeping until market open at 9:30 AM EDT (8 minutes, 0 seconds remaining)...
2026-09-10 09:22:29 EDT [ORCHESTRATOR] [WAIT] Sleeping until market open at 9:30 AM EDT (7 minutes, 30 seconds remaining)...
2026-09-10 09:22:59 EDT [ORCHESTRATOR] [WAIT] Sleeping until market open at 9:30 AM EDT (7 minutes, 0 seconds remaining)...
2026-09-10 09:23:29 EDT [ORCHESTRATOR] [WAIT] Sleeping until market open at 9:30 AM EDT (6 minutes, 30 seconds remaining)...
2026-09-10 09:23:59 EDT [ORCHESTRATOR] [WAIT] Sleeping until market open at 9:30 AM EDT (6 minutes, 0 seconds remaining)...
2026-09-10 09:24:29 EDT [ORCHESTRATOR] [WAIT] Sleeping until market open at 9:30 AM EDT (5 minutes, 30 seconds remaining)...
2026-09-10 09:24:59 EDT [ORCHESTRATOR] [WAIT] Sleeping until market open at 9:30 AM EDT (5 minutes, 0 seconds remaining)...
2026-09-10 09:25:29 EDT [ORCHESTRATOR] [WAIT] Sleeping until market open at 9:30 AM EDT (4 minutes, 30 seconds remaining)...
2026-09-10 09:25:59 EDT [ORCHESTRATOR] [WAIT] Sleeping until market open at 9:30 AM EDT (4 minutes, 0 seconds remaining)...
2026-09-10 09:26:14 EDT [AI SERVER] [AI BATCH START] 2 ticker(s) for article (3860 chars): LRCX,NVDA
2026-09-10 09:26:14 EDT [AI SERVER] [AI BATCH START] 1 ticker(s) for article (6315 chars): SCHW
2026-09-10 09:26:14 EDT [AI SERVER] [AI BATCH START] 3 ticker(s) for article (3508 chars): GS,META,TGT
2026-09-10 09:26:14 EDT [AI SERVER] [AI BATCH START] 2 ticker(s) for article (5689 chars): NFLX,NVDA
2026-09-10 09:26:14 EDT [AI SERVER] [AI BATCH START] 6 ticker(s) for article (5587 chars): AMZN,GOOGL,GS,JPM,META,MSFT
2026-09-10 09:26:14 EDT [AI SERVER] [AI BATCH START] 2 ticker(s) for article (3888 chars): LRCX,NVDA
2026-09-10 09:26:14 EDT [AI SERVER] [AI BATCH START] 2 ticker(s) for article (5978 chars): COIN,TGT
2026-09-10 09:26:14 EDT [AI SERVER] [AI BATCH START] 1 ticker(s) for article (3491 chars): ORCL
2026-09-10 09:26:14 EDT [AI SERVER] [AI BATCH START] 1 ticker(s) for article (4891 chars): MACRO
2026-09-10 09:26:14 EDT [AI SERVER] [AI BATCH START] 3 ticker(s) for article (6016 chars): GOOGL,NFLX,XYZ
2026-09-10 09:26:14 EDT [AI SERVER] [AI BATCH START] 5 ticker(s) for article (5915 chars): HON,LULU,NKE,PANW,SPG
2026-09-10 09:26:14 EDT [AI SERVER] [AI BATCH START] 4 ticker(s) for article (6175 chars): AMD,ARM,INTC,NVDA
2026-09-10 09:26:14 EDT [AI SERVER] [AI BATCH START] 1 ticker(s) for article (3504 chars): MACRO
2026-09-10 09:26:14 EDT [AI SERVER] [AI BATCH START] 3 ticker(s) for article (5113 chars): GOOGL,PLTR,TGT
2026-09-10 09:26:14 EDT [AI SERVER] [AI BATCH START] 1 ticker(s) for article (3517 chars): MACRO
2026-09-10 09:26:14 EDT [AI SERVER] [AI BATCH START] 1 ticker(s) for article (3693 chars): MACRO
2026-09-10 09:26:14 EDT [AI SERVER] [AI BATCH START] 1 ticker(s) for article (6874 chars): MACRO
2026-09-10 09:26:14 EDT [AI SERVER] [RESULT] 2026-09-10 13:21:00.449429493 | MACRO -> NEUTRAL
2026-09-10 09:26:14 EDT [AI SERVER] [AI BATCH COMPLETE] Finished analyzing 1/1 tickers for article (Elapsed: 56806 ms).
2026-09-10 09:26:14 EDT [AI SERVER] [AI STATUS] Summary: 0 BULLISH (Traded), 0 BEARISH, 1 NEUTRAL.
2026-09-10 09:26:14 EDT [AI SERVER] [AI BATCH START] 2 ticker(s) for article (5041 chars): NFLX,NVDA
2026-09-10 09:26:14 EDT [AI SERVER] [AI BATCH START] 1 ticker(s) for article (4926 chars): GOOGL
2026-09-10 09:26:14 EDT [AI SERVER] [AI BATCH START] 2 ticker(s) for article (5503 chars): META,NKE
2026-09-10 09:26:14 EDT [AI SERVER] [RESULT] 2026-09-10 13:21:28.881618510 | MACRO -> BEARISH
2026-09-10 09:26:14 EDT [AI SERVER] [AI BATCH COMPLETE] Finished analyzing 1/1 tickers for article (Elapsed: 84336 ms).
2026-09-10 09:26:14 EDT [AI SERVER] [AI STATUS] Summary: 0 BULLISH (Traded), 1 BEARISH, 0 NEUTRAL.
2026-09-10 09:26:14 EDT [AI SERVER] [RESULT] 2026-09-10 13:21:58.551450008 | MACRO -> NEUTRAL
2026-09-10 09:26:14 EDT [AI SERVER] [AI BATCH COMPLETE] Finished analyzing 1/1 tickers for article (Elapsed: 112994 ms).
2026-09-10 09:26:14 EDT [AI SERVER] [AI STATUS] Summary: 0 BULLISH (Traded), 0 BEARISH, 1 NEUTRAL.
2026-09-10 09:26:14 EDT [AI SERVER] [RESULT] 2026-09-10 13:22:28.661178826 | GOOGL -> NEUTRAL
2026-09-10 09:26:14 EDT [AI SERVER] [AI BATCH COMPLETE] Finished analyzing 1/1 tickers for article (Elapsed: 142041 ms).
2026-09-10 09:26:14 EDT [AI SERVER] [AI STATUS] Summary: 0 BULLISH (Traded), 0 BEARISH, 1 NEUTRAL.
2026-09-10 09:26:14 EDT [AI SERVER] [RESULT] 2026-09-10 13:23:01.075260130 | MACRO -> NEUTRAL
2026-09-10 09:26:14 EDT [AI SERVER] [AI BATCH COMPLETE] Finished analyzing 1/1 tickers for article (Elapsed: 173454 ms).
2026-09-10 09:26:14 EDT [AI SERVER] [AI STATUS] Summary: 0 BULLISH (Traded), 0 BEARISH, 1 NEUTRAL.
2026-09-10 09:26:14 EDT [AI SERVER] [RESULT] 2026-09-10 13:23:22.547379953 | HOOD -> BEARISH
2026-09-10 09:26:14 EDT [AI SERVER] [AI BATCH COMPLETE] Finished analyzing 1/1 tickers for article (Elapsed: 193946 ms).
2026-09-10 09:26:14 EDT [AI SERVER] [AI STATUS] Summary: 0 BULLISH (Traded), 1 BEARISH, 0 NEUTRAL.
2026-09-10 09:26:14 EDT [AI SERVER] [RESULT] 2026-09-10 13:23:39.100431011 | AMZN -> BULLISH
2026-09-10 09:26:14 EDT [AI SERVER] [RESULT] 2026-09-10 13:23:39.100431011 | BBY -> NEUTRAL
2026-09-10 09:26:14 EDT [AI SERVER] [RESULT] 2026-09-10 13:23:39.100431011 | GOOGL -> NEUTRAL
2026-09-10 09:26:14 EDT [BROKER TRADE] [AI BROKER] 2026-09-10 13:23:39.100431011 | AMZN | SKIP | no broker configured (set APCA_API_KEY_ID / APCA_API_SECRET_KEY)
2026-09-10 09:26:14 EDT [AI SERVER] [AI BATCH COMPLETE] Finished analyzing 3/3 tickers for article (Elapsed: 209531 ms).
2026-09-10 09:26:14 EDT [AI SERVER] [AI STATUS] Summary: 0 BULLISH (Traded), 0 BEARISH, 2 NEUTRAL.
2026-09-10 09:26:14 EDT [AI SERVER] [RESULT] 2026-09-10 13:24:10.870267636 | TGT -> NEUTRAL
2026-09-10 09:26:14 EDT [AI SERVER] [AI BATCH COMPLETE] Finished analyzing 1/1 tickers for article (Elapsed: 239962 ms).
2026-09-10 09:26:14 EDT [AI SERVER] [AI STATUS] Summary: 0 BULLISH (Traded), 0 BEARISH, 1 NEUTRAL.
2026-09-10 09:26:14 EDT [AI SERVER] [RESULT] 2026-09-10 13:24:43.043747624 | AMZN -> NEUTRAL
2026-09-10 09:26:14 EDT [AI SERVER] [RESULT] 2026-09-10 13:24:43.043747624 | MSFT -> NEUTRAL
2026-09-10 09:26:14 EDT [AI SERVER] [RESULT] 2026-09-10 13:24:43.043747624 | ORCL -> BEARISH
2026-09-10 09:26:14 EDT [AI SERVER] [AI BATCH COMPLETE] Finished analyzing 3/3 tickers for article (Elapsed: 271418 ms).
2026-09-10 09:26:14 EDT [AI SERVER] [AI STATUS] Summary: 0 BULLISH (Traded), 1 BEARISH, 2 NEUTRAL.
2026-09-10 09:26:14 EDT [AI SERVER] [RESULT] 2026-09-10 13:25:15.474179112 | NFLX -> NEUTRAL
2026-09-10 09:26:14 EDT [AI SERVER] [AI BATCH COMPLETE] Finished analyzing 1/1 tickers for article (Elapsed: 302937 ms).
2026-09-10 09:26:14 EDT [AI SERVER] [AI STATUS] Summary: 0 BULLISH (Traded), 0 BEARISH, 1 NEUTRAL.
2026-09-10 09:26:14 EDT [AI SERVER] [RESULT] 2026-09-10 13:25:47.581958696 | DB -> BEARISH
2026-09-10 09:26:14 EDT [AI SERVER] [RESULT] 2026-09-10 13:25:47.581958696 | TGT -> NEUTRAL
2026-09-10 09:26:14 EDT [AI SERVER] [AI BATCH COMPLETE] Finished analyzing 2/2 tickers for article (Elapsed: 334015 ms).
2026-09-10 09:26:14 EDT [AI SERVER] [AI STATUS] Summary: 0 BULLISH (Traded), 1 BEARISH, 1 NEUTRAL.
2026-09-10 09:26:14 EDT [AI SERVER] [RESULT] 2026-09-10 13:26:14.774972195 | BAC -> NEUTRAL
2026-09-10 09:26:29 EDT [ORCHESTRATOR] [WAIT] Sleeping until market open at 9:30 AM EDT (3 minutes, 30 seconds remaining)...
2026-09-10 09:26:59 EDT [ORCHESTRATOR] [WAIT] Sleeping until market open at 9:30 AM EDT (3 minutes, 0 seconds remaining)...
2026-09-10 09:27:29 EDT [ORCHESTRATOR] [WAIT] Sleeping until market open at 9:30 AM EDT (2 minutes, 30 seconds remaining)...
2026-09-10 09:27:59 EDT [ORCHESTRATOR] [WAIT] Sleeping until market open at 9:30 AM EDT (2 minutes, 0 seconds remaining)...
2026-09-10 09:28:29 EDT [ORCHESTRATOR] [WAIT] Sleeping until market open at 9:30 AM EDT (1 minutes, 30 seconds remaining)...
2026-09-10 09:28:59 EDT [ORCHESTRATOR] [WAIT] Sleeping until market open at 9:30 AM EDT (1 minutes, 0 seconds remaining)...
2026-09-10 09:29:00 EDT [ORCHESTRATOR] [WAIT] Sleeping until market open at 9:30 AM EDT (59 seconds remaining)...
2026-09-10 09:29:01 EDT [ORCHESTRATOR] [WAIT] Sleeping until market open at 9:30 AM EDT (58 seconds remaining)...
2026-09-10 09:29:02 EDT [ORCHESTRATOR] [WAIT] Sleeping until market open at 9:30 AM EDT (57 seconds remaining)...
2026-09-10 09:29:03 EDT [ORCHESTRATOR] [WAIT] Sleeping until market open at 9:30 AM EDT (56 seconds remaining)...
2026-09-10 09:29:04 EDT [ORCHESTRATOR] [WAIT] Sleeping until market open at 9:30 AM EDT (55 seconds remaining)...
2026-09-10 09:29:05 EDT [ORCHESTRATOR] [WAIT] Sleeping until market open at 9:30 AM EDT (54 seconds remaining)...
2026-09-10 09:29:06 EDT [ORCHESTRATOR] [WAIT] Sleeping until market open at 9:30 AM EDT (53 seconds remaining)...
2026-09-10 09:29:07 EDT [ORCHESTRATOR] [WAIT] Sleeping until market open at 9:30 AM EDT (52 seconds remaining)...
2026-09-10 09:29:08 EDT [ORCHESTRATOR] [WAIT] Sleeping until market open at 9:30 AM EDT (51 seconds remaining)...
2026-09-10 09:29:09 EDT [ORCHESTRATOR] [WAIT] Sleeping until market open at 9:30 AM EDT (50 seconds remaining)...
2026-09-10 09:29:10 EDT [ORCHESTRATOR] [WAIT] Sleeping until market open at 9:30 AM EDT (49 seconds remaining)...
2026-09-10 09:29:11 EDT [ORCHESTRATOR] [WAIT] Sleeping until market open at 9:30 AM EDT (48 seconds remaining)...
2026-09-10 09:29:12 EDT [ORCHESTRATOR] [WAIT] Sleeping until market open at 9:30 AM EDT (47 seconds remaining)...
2026-09-10 09:29:13 EDT [ORCHESTRATOR] [WAIT] Sleeping until market open at 9:30 AM EDT (46 seconds remaining)...
2026-09-10 09:29:14 EDT [ORCHESTRATOR] [WAIT] Sleeping until market open at 9:30 AM EDT (45 seconds remaining)...
2026-09-10 09:29:15 EDT [ORCHESTRATOR] [WAIT] Sleeping until market open at 9:30 AM EDT (44 seconds remaining)...
2026-09-10 09:29:16 EDT [ORCHESTRATOR] [WAIT] Sleeping until market open at 9:30 AM EDT (43 seconds remaining)...
2026-09-10 09:29:17 EDT [ORCHESTRATOR] [WAIT] Sleeping until market open at 9:30 AM EDT (42 seconds remaining)...
2026-09-10 09:29:18 EDT [ORCHESTRATOR] [WAIT] Sleeping until market open at 9:30 AM EDT (41 seconds remaining)...
2026-09-10 09:29:19 EDT [ORCHESTRATOR] [WAIT] Sleeping until market open at 9:30 AM EDT (40 seconds remaining)...
2026-09-10 09:29:20 EDT [ORCHESTRATOR] [WAIT] Sleeping until market open at 9:30 AM EDT (39 seconds remaining)...
2026-09-10 09:29:21 EDT [ORCHESTRATOR] [WAIT] Sleeping until market open at 9:30 AM EDT (38 seconds remaining)...
2026-09-10 09:29:22 EDT [ORCHESTRATOR] [WAIT] Sleeping until market open at 9:30 AM EDT (37 seconds remaining)...
2026-09-10 09:29:23 EDT [ORCHESTRATOR] [WAIT] Sleeping until market open at 9:30 AM EDT (36 seconds remaining)...
2026-09-10 09:29:24 EDT [ORCHESTRATOR] [WAIT] Sleeping until market open at 9:30 AM EDT (35 seconds remaining)...
2026-09-10 09:29:25 EDT [ORCHESTRATOR] [WAIT] Sleeping until market open at 9:30 AM EDT (34 seconds remaining)...
2026-09-10 09:29:26 EDT [ORCHESTRATOR] [WAIT] Sleeping until market open at 9:30 AM EDT (33 seconds remaining)...
2026-09-10 09:29:27 EDT [ORCHESTRATOR] [WAIT] Sleeping until market open at 9:30 AM EDT (32 seconds remaining)...
2026-09-10 09:29:28 EDT [ORCHESTRATOR] [WAIT] Sleeping until market open at 9:30 AM EDT (31 seconds remaining)...
2026-09-10 09:29:29 EDT [ORCHESTRATOR] [WAIT] Sleeping until market open at 9:30 AM EDT (30 seconds remaining)...
2026-09-10 09:29:30 EDT [ORCHESTRATOR] [WAIT] Sleeping until market open at 9:30 AM EDT (29 seconds remaining)...
2026-09-10 09:29:31 EDT [ORCHESTRATOR] [WAIT] Sleeping until market open at 9:30 AM EDT (28 seconds remaining)...
2026-09-10 09:29:32 EDT [ORCHESTRATOR] [WAIT] Sleeping until market open at 9:30 AM EDT (27 seconds remaining)...
2026-09-10 09:29:33 EDT [ORCHESTRATOR] [WAIT] Sleeping until market open at 9:30 AM EDT (26 seconds remaining)...
2026-09-10 09:29:34 EDT [ORCHESTRATOR] [WAIT] Sleeping until market open at 9:30 AM EDT (25 seconds remaining)...
2026-09-10 09:29:35 EDT [ORCHESTRATOR] [WAIT] Sleeping until market open at 9:30 AM EDT (24 seconds remaining)...
2026-09-10 09:29:36 EDT [ORCHESTRATOR] [WAIT] Sleeping until market open at 9:30 AM EDT (23 seconds remaining)...
2026-09-10 09:29:37 EDT [ORCHESTRATOR] [WAIT] Sleeping until market open at 9:30 AM EDT (22 seconds remaining)...
2026-09-10 09:29:38 EDT [ORCHESTRATOR] [WAIT] Sleeping until market open at 9:30 AM EDT (21 seconds remaining)...
2026-09-10 09:29:39 EDT [ORCHESTRATOR] [WAIT] Sleeping until market open at 9:30 AM EDT (20 seconds remaining)...
2026-09-10 09:29:40 EDT [ORCHESTRATOR] [WAIT] Sleeping until market open at 9:30 AM EDT (19 seconds remaining)...
2026-09-10 09:29:41 EDT [ORCHESTRATOR] [WAIT] Sleeping until market open at 9:30 AM EDT (18 seconds remaining)...
2026-09-10 09:29:42 EDT [ORCHESTRATOR] [WAIT] Sleeping until market open at 9:30 AM EDT (17 seconds remaining)...
2026-09-10 09:29:43 EDT [ORCHESTRATOR] [WAIT] Sleeping until market open at 9:30 AM EDT (16 seconds remaining)...
2026-09-10 09:29:44 EDT [ORCHESTRATOR] [WAIT] Sleeping until market open at 9:30 AM EDT (15 seconds remaining)...
2026-09-10 09:29:45 EDT [ORCHESTRATOR] [WAIT] Sleeping until market open at 9:30 AM EDT (14 seconds remaining)...
2026-09-10 09:29:46 EDT [ORCHESTRATOR] [WAIT] Sleeping until market open at 9:30 AM EDT (13 seconds remaining)...
2026-09-10 09:29:47 EDT [ORCHESTRATOR] [WAIT] Sleeping until market open at 9:30 AM EDT (12 seconds remaining)...
2026-09-10 09:29:48 EDT [ORCHESTRATOR] [WAIT] Sleeping until market open at 9:30 AM EDT (11 seconds remaining)...
2026-09-10 09:29:49 EDT [ORCHESTRATOR] [WAIT] Sleeping until market open at 9:30 AM EDT (10 seconds remaining)...
2026-09-10 09:29:50 EDT [ORCHESTRATOR] [WAIT] Sleeping until market open at 9:30 AM EDT (9 seconds remaining)...
2026-09-10 09:29:51 EDT [ORCHESTRATOR] [WAIT] Sleeping until market open at 9:30 AM EDT (8 seconds remaining)...
2026-09-10 09:29:52 EDT [ORCHESTRATOR] [WAIT] Sleeping until market open at 9:30 AM EDT (7 seconds remaining)...
2026-09-10 09:29:53 EDT [ORCHESTRATOR] [WAIT] Sleeping until market open at 9:30 AM EDT (6 seconds remaining)...
2026-09-10 09:29:54 EDT [ORCHESTRATOR] [WAIT] Sleeping until market open at 9:30 AM EDT (5 seconds remaining)...
2026-09-10 09:29:55 EDT [ORCHESTRATOR] [WAIT] Sleeping until market open at 9:30 AM EDT (4 seconds remaining)...
2026-09-10 09:29:56 EDT [ORCHESTRATOR] [WAIT] Sleeping until market open at 9:30 AM EDT (3 seconds remaining)...
2026-09-10 09:29:57 EDT [ORCHESTRATOR] [WAIT] Sleeping until market open at 9:30 AM EDT (2 seconds remaining)...
2026-09-10 09:29:58 EDT [ORCHESTRATOR] [WAIT] Sleeping until market open at 9:30 AM EDT (1 seconds remaining)...
2026-09-10 09:29:59 EDT [ORCHESTRATOR] [WAIT] Sleeping until market open at 9:30 AM EDT (0 seconds remaining)...
2026-09-10 09:30:00 EDT [ORCHESTRATOR] ================= PHASE B =================
2026-09-10 09:30:00 EDT [ORCHESTRATOR] Market open reached at 9:30 AM EDT; enabling broker routing
2026-09-10 09:30:00 EDT [ORCHESTRATOR] Pausing crawler briefly while AI routing is switched at market open
2026-09-10 09:30:00 EDT [ORCHESTRATOR] Sending SIGTERM to AI server (warmup instance) (pid=845292)
2026-09-10 09:30:00 EDT [AI SERVER] [AI BATCH COMPLETE] Finished analyzing 1/1 tickers for article (Elaps
2026-09-10 09:30:00 EDT [ORCHESTRATOR] AI server (warmup instance) exited with code -15
2026-09-10 09:30:00 EDT [ORCHESTRATOR] Phase AI mode: ACTIVE BROKER ROUTING
2026-09-10 09:30:00 EDT [ORCHESTRATOR] Starting: /home/harr-harr/Projects/ana_1/build/aiserv
2026-09-10 09:30:00 EDT [ORCHESTRATOR] AI server is listening on 127.0.0.1:58888
2026-09-10 09:30:00 EDT [ORCHESTRATOR] Resuming crawler at market open
2026-09-10 09:30:00 EDT [ORCHESTRATOR] Active session until 4:00 PM EDT
2026-09-10 09:31:01 EDT [ORCHESTRATOR] Clock refresh: close at 4:00 PM EDT
2026-09-10 09:32:02 EDT [ORCHESTRATOR] Clock refresh: close at 4:00 PM EDT
2026-09-10 09:33:02 EDT [ORCHESTRATOR] Clock refresh: close at 4:00 PM EDT
2026-09-10 09:34:03 EDT [ORCHESTRATOR] Clock refresh: close at 4:00 PM EDT
2026-09-10 09:35:04 EDT [ORCHESTRATOR] Clock refresh: close at 4:00 PM EDT
2026-09-10 09:36:05 EDT [ORCHESTRATOR] Clock refresh: close at 4:00 PM EDT
2026-09-10 09:37:06 EDT [ORCHESTRATOR] Clock refresh: close at 4:00 PM EDT
2026-09-10 09:38:07 EDT [ORCHESTRATOR] Clock refresh: close at 4:00 PM EDT
2026-09-10 09:39:07 EDT [ORCHESTRATOR] Clock refresh: close at 4:00 PM EDT
2026-09-10 09:40:08 EDT [ORCHESTRATOR] Clock refresh: close at 4:00 PM EDT
2026-09-10 09:41:09 EDT [ORCHESTRATOR] Clock refresh: close at 4:00 PM EDT
2026-09-10 09:42:10 EDT [ORCHESTRATOR] Clock refresh: close at 4:00 PM EDT
2026-09-10 09:43:11 EDT [ORCHESTRATOR] Clock refresh: close at 4:00 PM EDT
2026-09-10 09:44:12 EDT [ORCHESTRATOR] Clock refresh: close at 4:00 PM EDT
2026-09-10 09:45:13 EDT [ORCHESTRATOR] Clock refresh: close at 4:00 PM EDT
2026-09-10 09:46:14 EDT [ORCHESTRATOR] Clock refresh: close at 4:00 PM EDT
2026-09-10 09:47:15 EDT [ORCHESTRATOR] Clock refresh: close at 4:00 PM EDT
2026-09-10 09:48:15 EDT [ORCHESTRATOR] Clock refresh: close at 4:00 PM EDT
2026-09-10 09:49:16 EDT [ORCHESTRATOR] Clock refresh: close at 4:00 PM EDT
2026-09-10 09:50:17 EDT [ORCHESTRATOR] Clock refresh: close at 4:00 PM EDT
2026-09-10 09:51:18 EDT [ORCHESTRATOR] Clock refresh: close at 4:00 PM EDT
2026-09-10 09:52:19 EDT [ORCHESTRATOR] Clock refresh: close at 4:00 PM EDT
2026-09-10 09:53:20 EDT [ORCHESTRATOR] Clock refresh: close at 4:00 PM EDT
2026-09-10 09:54:21 EDT [ORCHESTRATOR] Clock refresh: close at 4:00 PM EDT
2026-09-10 09:55:22 EDT [ORCHESTRATOR] Clock refresh: close at 4:00 PM EDT
2026-09-10 09:56:22 EDT [ORCHESTRATOR] Clock refresh: close at 4:00 PM EDT
2026-09-10 09:57:23 EDT [ORCHESTRATOR] Clock refresh: close at 4:00 PM EDT
2026-09-10 09:58:24 EDT [ORCHESTRATOR] Clock refresh: close at 4:00 PM EDT
2026-09-10 09:59:25 EDT [ORCHESTRATOR] Clock refresh: close at 4:00 PM EDT
2026-09-10 10:00:26 EDT [ORCHESTRATOR] Clock refresh: close at 4:00 PM EDT
2026-09-10 10:01:27 EDT [ORCHESTRATOR] Clock refresh: close at 4:00 PM EDT
2026-09-10 10:02:28 EDT [ORCHESTRATOR] Clock refresh: close at 4:00 PM EDT
2026-09-10 10:03:29 EDT [ORCHESTRATOR] Clock refresh: close at 4:00 PM EDT
2026-09-10 10:04:30 EDT [ORCHESTRATOR] Clock refresh: close at 4:00 PM EDT
2026-09-10 10:05:31 EDT [ORCHESTRATOR] Clock refresh: close at 4:00 PM EDT
2026-09-10 10:06:32 EDT [ORCHESTRATOR] Clock refresh: close at 4:00 PM EDT
2026-09-10 10:07:32 EDT [ORCHESTRATOR] Clock refresh: close at 4:00 PM EDT
2026-09-10 10:08:33 EDT [ORCHESTRATOR] Clock refresh: close at 4:00 PM EDT
2026-09-10 10:09:34 EDT [ORCHESTRATOR] Clock refresh: close at 4:00 PM EDT
2026-09-10 10:10:35 EDT [ORCHESTRATOR] Clock refresh: close at 4:00 PM EDT
2026-09-10 10:11:36 EDT [ORCHESTRATOR] Clock refresh: close at 4:00 PM EDT
2026-09-10 10:12:37 EDT [ORCHESTRATOR] Clock refresh: close at 4:00 PM EDT
2026-09-10 10:13:38 EDT [ORCHESTRATOR] Clock refresh: close at 4:00 PM EDT
2026-09-10 10:14:39 EDT [ORCHESTRATOR] Clock refresh: close at 4:00 PM EDT
2026-09-10 10:15:40 EDT [ORCHESTRATOR] Clock refresh: close at 4:00 PM EDT
2026-09-10 10:16:41 EDT [ORCHESTRATOR] Clock refresh: close at 4:00 PM EDT
2026-09-10 10:17:42 EDT [ORCHESTRATOR] Clock refresh: close at 4:00 PM EDT
2026-09-10 10:18:43 EDT [ORCHESTRATOR] Clock refresh: close at 4:00 PM EDT
2026-09-10 10:19:44 EDT [ORCHESTRATOR] Clock refresh: close at 4:00 PM EDT
2026-09-10 10:20:45 EDT [ORCHESTRATOR] Clock refresh: close at 4:00 PM EDT
2026-09-10 10:21:46 EDT [ORCHESTRATOR] Clock refresh: close at 4:00 PM EDT
2026-09-10 10:22:47 EDT [ORCHESTRATOR] Clock refresh: close at 4:00 PM EDT
2026-09-10 10:23:47 EDT [ORCHESTRATOR] Clock refresh: close at 4:00 PM EDT
2026-09-10 10:24:48 EDT [ORCHESTRATOR] Clock refresh: close at 4:00 PM EDT
2026-09-10 10:25:49 EDT [ORCHESTRATOR] Clock refresh: close at 4:00 PM EDT
2026-09-10 10:26:50 EDT [ORCHESTRATOR] Clock refresh: close at 4:00 PM EDT
2026-09-10 10:27:51 EDT [ORCHESTRATOR] Clock refresh: close at 4:00 PM EDT
2026-09-10 10:28:52 EDT [ORCHESTRATOR] Clock refresh: close at 4:00 PM EDT
2026-09-10 10:29:53 EDT [ORCHESTRATOR] Clock refresh: close at 4:00 PM EDT
2026-09-10 10:30:54 EDT [ORCHESTRATOR] Clock refresh: close at 4:00 PM EDT
2026-09-10 10:31:55 EDT [ORCHESTRATOR] Clock refresh: close at 4:00 PM EDT
2026-09-10 10:32:56 EDT [ORCHESTRATOR] Clock refresh: close at 4:00 PM EDT
2026-09-10 10:33:57 EDT [ORCHESTRATOR] Clock refresh: close at 4:00 PM EDT
2026-09-10 10:34:58 EDT [ORCHESTRATOR] Clock refresh: close at 4:00 PM EDT
2026-09-10 10:35:59 EDT [ORCHESTRATOR] Clock refresh: close at 4:00 PM EDT
2026-09-10 10:37:00 EDT [ORCHESTRATOR] Clock refresh: close at 4:00 PM EDT
2026-09-10 10:38:01 EDT [ORCHESTRATOR] Clock refresh: close at 4:00 PM EDT
2026-09-10 10:39:02 EDT [ORCHESTRATOR] Clock refresh: close at 4:00 PM EDT
2026-09-10 10:40:02 EDT [ORCHESTRATOR] Clock refresh: close at 4:00 PM EDT
2026-09-10 10:41:03 EDT [ORCHESTRATOR] Clock refresh: close at 4:00 PM EDT
2026-09-10 10:42:04 EDT [ORCHESTRATOR] Clock refresh: close at 4:00 PM EDT
2026-09-10 10:43:05 EDT [ORCHESTRATOR] Clock refresh: close at 4:00 PM EDT
2026-09-10 10:44:06 EDT [ORCHESTRATOR] Clock refresh: close at 4:00 PM EDT
2026-09-10 10:45:07 EDT [ORCHESTRATOR] Clock refresh: close at 4:00 PM EDT
2026-09-10 10:46:08 EDT [ORCHESTRATOR] Clock refresh: close at 4:00 PM EDT
2026-09-10 10:47:09 EDT [ORCHESTRATOR] Clock refresh: close at 4:00 PM EDT
2026-09-10 10:48:10 EDT [ORCHESTRATOR] Clock refresh: close at 4:00 PM EDT
2026-09-10 10:49:10 EDT [ORCHESTRATOR] Clock refresh: close at 4:00 PM EDT
2026-09-10 10:50:11 EDT [ORCHESTRATOR] Clock refresh: close at 4:00 PM EDT
2026-09-10 10:51:12 EDT [ORCHESTRATOR] Clock refresh: close at 4:00 PM EDT
2026-09-10 10:52:13 EDT [ORCHESTRATOR] Clock refresh: close at 4:00 PM EDT
2026-09-10 10:53:14 EDT [ORCHESTRATOR] Clock refresh: close at 4:00 PM EDT
2026-09-10 10:54:15 EDT [ORCHESTRATOR] Clock refresh: close at 4:00 PM EDT
2026-09-10 10:55:16 EDT [ORCHESTRATOR] Clock refresh: close at 4:00 PM EDT
2026-09-10 10:56:17 EDT [ORCHESTRATOR] Clock refresh: close at 4:00 PM EDT
2026-09-10 10:57:18 EDT [ORCHESTRATOR] Clock refresh: close at 4:00 PM EDT
2026-09-10 10:58:19 EDT [ORCHESTRATOR] Clock refresh: close at 4:00 PM EDT
2026-09-10 10:59:20 EDT [ORCHESTRATOR] Clock refresh: close at 4:00 PM EDT
2026-09-10 11:00:21 EDT [ORCHESTRATOR] Clock refresh: close at 4:00 PM EDT
2026-09-10 11:01:21 EDT [ORCHESTRATOR] Clock refresh: close at 4:00 PM EDT
2026-09-10 11:02:22 EDT [ORCHESTRATOR] Clock refresh: close at 4:00 PM EDT
2026-09-10 11:03:23 EDT [ORCHESTRATOR] Clock refresh: close at 4:00 PM EDT
2026-09-10 11:04:24 EDT [ORCHESTRATOR] Clock refresh: close at 4:00 PM EDT
2026-09-10 11:05:25 EDT [ORCHESTRATOR] Clock refresh: close at 4:00 PM EDT
2026-09-10 11:06:26 EDT [ORCHESTRATOR] Clock refresh: close at 4:00 PM EDT
2026-09-10 11:07:27 EDT [ORCHESTRATOR] Clock refresh: close at 4:00 PM EDT
2026-09-10 11:08:28 EDT [ORCHESTRATOR] Clock refresh: close at 4:00 PM EDT
2026-09-10 11:09:29 EDT [ORCHESTRATOR] Clock refresh: close at 4:00 PM EDT
2026-09-10 11:10:30 EDT [ORCHESTRATOR] Clock refresh: close at 4:00 PM EDT
2026-09-10 11:11:30 EDT [ORCHESTRATOR] Clock refresh: close at 4:00 PM EDT
2026-09-10 11:12:31 EDT [ORCHESTRATOR] Clock refresh: close at 4:00 PM EDT
2026-09-10 11:13:32 EDT [ORCHESTRATOR] Clock refresh: close at 4:00 PM EDT
2026-09-10 11:14:33 EDT [ORCHESTRATOR] Clock refresh: close at 4:00 PM EDT
2026-09-10 11:15:34 EDT [ORCHESTRATOR] Clock refresh: close at 4:00 PM EDT
2026-09-10 11:16:35 EDT [ORCHESTRATOR] Clock refresh: close at 4:00 PM EDT
2026-09-10 11:17:36 EDT [ORCHESTRATOR] Clock refresh: close at 4:00 PM EDT
2026-09-10 11:18:37 EDT [ORCHESTRATOR] Clock refresh: close at 4:00 PM EDT
2026-09-10 11:19:38 EDT [ORCHESTRATOR] Clock refresh: close at 4:00 PM EDT
2026-09-10 11:20:39 EDT [ORCHESTRATOR] Clock refresh: close at 4:00 PM EDT
2026-09-10 11:21:40 EDT [ORCHESTRATOR] Clock refresh: close at 4:00 PM EDT
2026-09-10 11:22:41 EDT [ORCHESTRATOR] Clock refresh: close at 4:00 PM EDT
2026-09-10 11:23:42 EDT [ORCHESTRATOR] Clock refresh: close at 4:00 PM EDT
2026-09-10 11:24:43 EDT [ORCHESTRATOR] Clock refresh: close at 4:00 PM EDT
2026-09-10 11:25:44 EDT [ORCHESTRATOR] Clock refresh: close at 4:00 PM EDT
2026-09-10 11:26:45 EDT [ORCHESTRATOR] Clock refresh: close at 4:00 PM EDT
2026-09-10 11:27:46 EDT [ORCHESTRATOR] Clock refresh: close at 4:00 PM EDT
2026-09-10 11:28:47 EDT [ORCHESTRATOR] Clock refresh: close at 4:00 PM EDT
2026-09-10 11:29:48 EDT [ORCHESTRATOR] Clock refresh: close at 4:00 PM EDT
2026-09-10 11:30:49 EDT [ORCHESTRATOR] Clock refresh: close at 4:00 PM EDT
2026-09-10 11:31:50 EDT [ORCHESTRATOR] Clock refresh: close at 4:00 PM EDT
2026-09-10 11:32:51 EDT [ORCHESTRATOR] Clock refresh: close at 4:00 PM EDT
2026-09-10 11:33:52 EDT [ORCHESTRATOR] Clock refresh: close at 4:00 PM EDT
2026-09-10 11:34:52 EDT [ORCHESTRATOR] Clock refresh: close at 4:00 PM EDT
2026-09-10 11:35:53 EDT [ORCHESTRATOR] Clock refresh: close at 4:00 PM EDT
2026-09-10 11:36:54 EDT [ORCHESTRATOR] Clock refresh: close at 4:00 PM EDT
2026-09-10 11:37:55 EDT [ORCHESTRATOR] Clock refresh: close at 4:00 PM EDT
2026-09-10 11:38:56 EDT [ORCHESTRATOR] Clock refresh: close at 4:00 PM EDT
2026-09-10 11:39:57 EDT [ORCHESTRATOR] Clock refresh: close at 4:00 PM EDT
2026-09-10 11:40:58 EDT [ORCHESTRATOR] Clock refresh: close at 4:00 PM EDT
2026-09-10 11:41:59 EDT [ORCHESTRATOR] Clock refresh: close at 4:00 PM EDT
2026-09-10 11:43:00 EDT [ORCHESTRATOR] Clock refresh: close at 4:00 PM EDT
2026-09-10 11:44:01 EDT [ORCHESTRATOR] Clock refresh: close at 4:00 PM EDT
2026-09-10 11:45:02 EDT [ORCHESTRATOR] Clock refresh: close at 4:00 PM EDT
2026-09-10 11:46:03 EDT [ORCHESTRATOR] Clock refresh: close at 4:00 PM EDT
2026-09-10 11:47:04 EDT [ORCHESTRATOR] Clock refresh: close at 4:00 PM EDT
2026-09-10 11:48:05 EDT [ORCHESTRATOR] Clock refresh: close at 4:00 PM EDT
2026-09-10 11:49:06 EDT [ORCHESTRATOR] Clock refresh: close at 4:00 PM EDT
2026-09-10 11:50:07 EDT [ORCHESTRATOR] Clock refresh: close at 4:00 PM EDT
2026-09-10 11:51:07 EDT [ORCHESTRATOR] Clock refresh: close at 4:00 PM EDT
2026-09-10 11:52:08 EDT [ORCHESTRATOR] Clock refresh: close at 4:00 PM EDT
2026-09-10 11:53:09 EDT [ORCHESTRATOR] Clock refresh: close at 4:00 PM EDT
2026-09-10 11:54:10 EDT [ORCHESTRATOR] Clock refresh: close at 4:00 PM EDT
2026-09-10 11:55:11 EDT [ORCHESTRATOR] Clock refresh: close at 4:00 PM EDT
2026-09-10 11:56:12 EDT [ORCHESTRATOR] Clock refresh: close at 4:00 PM EDT
2026-09-10 11:57:13 EDT [ORCHESTRATOR] Clock refresh: close at 4:00 PM EDT
2026-09-10 11:58:14 EDT [ORCHESTRATOR] Clock refresh: close at 4:00 PM EDT
2026-09-10 11:59:16 EDT [ORCHESTRATOR] Clock refresh: close at 4:00 PM EDT
2026-09-10 12:00:17 EDT [ORCHESTRATOR] Clock refresh: close at 4:00 PM EDT
2026-09-10 12:01:18 EDT [ORCHESTRATOR] Clock refresh: close at 4:00 PM EDT
2026-09-10 12:02:19 EDT [ORCHESTRATOR] Clock refresh: close at 4:00 PM EDT
2026-09-10 12:03:20 EDT [ORCHESTRATOR] Clock refresh: close at 4:00 PM EDT
2026-09-10 12:04:21 EDT [ORCHESTRATOR] Clock refresh: close at 4:00 PM EDT
2026-09-10 12:05:21 EDT [ORCHESTRATOR] Clock refresh: close at 4:00 PM EDT
2026-09-10 12:06:22 EDT [ORCHESTRATOR] Clock refresh: close at 4:00 PM EDT
2026-09-10 12:07:23 EDT [ORCHESTRATOR] Clock refresh: close at 4:00 PM EDT
2026-09-10 12:08:24 EDT [ORCHESTRATOR] Clock refresh: close at 4:00 PM EDT
2026-09-10 12:09:25 EDT [ORCHESTRATOR] Clock refresh: close at 4:00 PM EDT
2026-09-10 12:10:26 EDT [ORCHESTRATOR] Clock refresh: close at 4:00 PM EDT
2026-09-10 12:11:27 EDT [ORCHESTRATOR] Clock refresh: close at 4:00 PM EDT
2026-09-10 12:12:28 EDT [ORCHESTRATOR] Clock refresh: close at 4:00 PM EDT
2026-09-10 12:13:29 EDT [ORCHESTRATOR] Clock refresh: close at 4:00 PM EDT
2026-09-10 12:14:30 EDT [ORCHESTRATOR] Clock refresh: close at 4:00 PM EDT
2026-09-10 12:15:31 EDT [ORCHESTRATOR] Clock refresh: close at 4:00 PM EDT
2026-09-10 12:16:31 EDT [ORCHESTRATOR] Clock refresh: close at 4:00 PM EDT
2026-09-10 12:17:32 EDT [ORCHESTRATOR] Clock refresh: close at 4:00 PM EDT
2026-09-10 12:18:33 EDT [ORCHESTRATOR] Clock refresh: close at 4:00 PM EDT
2026-09-10 12:19:34 EDT [ORCHESTRATOR] Clock refresh: close at 4:00 PM EDT
2026-09-10 12:20:35 EDT [ORCHESTRATOR] Clock refresh: close at 4:00 PM EDT
2026-09-10 12:21:36 EDT [ORCHESTRATOR] Clock refresh: close at 4:00 PM EDT
2026-09-10 12:22:37 EDT [ORCHESTRATOR] Clock refresh: close at 4:00 PM EDT
2026-09-10 12:23:38 EDT [ORCHESTRATOR] Clock refresh: close at 4:00 PM EDT
2026-09-10 12:24:39 EDT [ORCHESTRATOR] Clock refresh: close at 4:00 PM EDT
2026-09-10 12:25:40 EDT [ORCHESTRATOR] Clock refresh: close at 4:00 PM EDT
2026-09-10 12:26:41 EDT [ORCHESTRATOR] Clock refresh: close at 4:00 PM EDT
2026-09-10 12:27:42 EDT [ORCHESTRATOR] Clock refresh: close at 4:00 PM EDT
2026-09-10 12:28:43 EDT [ORCHESTRATOR] Clock refresh: close at 4:00 PM EDT
2026-09-10 12:29:44 EDT [ORCHESTRATOR] Clock refresh: close at 4:00 PM EDT
2026-09-10 12:30:45 EDT [ORCHESTRATOR] Clock refresh: close at 4:00 PM EDT
2026-09-10 12:31:46 EDT [ORCHESTRATOR] Clock refresh: close at 4:00 PM EDT
2026-09-10 12:32:48 EDT [ORCHESTRATOR] Clock refresh: close at 4:00 PM EDT
2026-09-10 12:33:49 EDT [ORCHESTRATOR] Clock refresh: close at 4:00 PM EDT
2026-09-10 12:34:50 EDT [ORCHESTRATOR] Clock refresh: close at 4:00 PM EDT
2026-09-10 12:35:51 EDT [ORCHESTRATOR] Clock refresh: close at 4:00 PM EDT
2026-09-10 12:36:52 EDT [ORCHESTRATOR] Clock refresh: close at 4:00 PM EDT
2026-09-10 12:37:53 EDT [ORCHESTRATOR] Clock refresh: close at 4:00 PM EDT
2026-09-10 12:38:54 EDT [ORCHESTRATOR] Clock refresh: close at 4:00 PM EDT
2026-09-10 12:39:54 EDT [ORCHESTRATOR] Clock refresh: close at 4:00 PM EDT
2026-09-10 12:40:55 EDT [ORCHESTRATOR] Clock refresh: close at 4:00 PM EDT
2026-09-10 12:41:56 EDT [ORCHESTRATOR] Clock refresh: close at 4:00 PM EDT
2026-09-10 12:42:57 EDT [ORCHESTRATOR] Clock refresh: close at 4:00 PM EDT
2026-09-10 12:43:58 EDT [ORCHESTRATOR] Clock refresh: close at 4:00 PM EDT
2026-09-10 12:44:59 EDT [ORCHESTRATOR] Clock refresh: close at 4:00 PM EDT
2026-09-10 12:46:00 EDT [ORCHESTRATOR] Clock refresh: close at 4:00 PM EDT
2026-09-10 12:47:00 EDT [ORCHESTRATOR] Clock refresh: close at 4:00 PM EDT
2026-09-10 12:48:01 EDT [ORCHESTRATOR] Clock refresh: close at 4:00 PM EDT
2026-09-10 12:49:02 EDT [ORCHESTRATOR] Clock refresh: close at 4:00 PM EDT
2026-09-10 12:50:03 EDT [ORCHESTRATOR] Clock refresh: close at 4:00 PM EDT
2026-09-10 12:51:04 EDT [ORCHESTRATOR] Clock refresh: close at 4:00 PM EDT
2026-09-10 12:52:05 EDT [ORCHESTRATOR] Clock refresh: close at 4:00 PM EDT
2026-09-10 12:53:06 EDT [ORCHESTRATOR] Clock refresh: close at 4:00 PM EDT
2026-09-10 12:54:07 EDT [ORCHESTRATOR] Clock refresh: close at 4:00 PM EDT
2026-09-10 12:55:08 EDT [ORCHESTRATOR] Clock refresh: close at 4:00 PM EDT
2026-09-10 12:56:09 EDT [ORCHESTRATOR] Clock refresh: close at 4:00 PM EDT
2026-09-10 12:57:10 EDT [ORCHESTRATOR] Clock refresh: close at 4:00 PM EDT
2026-09-10 12:58:11 EDT [ORCHESTRATOR] Clock refresh: close at 4:00 PM EDT
2026-09-10 12:59:12 EDT [ORCHESTRATOR] Clock refresh: close at 4:00 PM EDT
2026-09-10 13:00:13 EDT [ORCHESTRATOR] Clock refresh: close at 4:00 PM EDT
2026-09-10 13:01:14 EDT [ORCHESTRATOR] Clock refresh: close at 4:00 PM EDT
2026-09-10 13:02:14 EDT [ORCHESTRATOR] Clock refresh: close at 4:00 PM EDT
2026-09-10 13:03:15 EDT [ORCHESTRATOR] Clock refresh: close at 4:00 PM EDT
2026-09-10 13:04:16 EDT [ORCHESTRATOR] Clock refresh: close at 4:00 PM EDT
2026-09-10 13:05:17 EDT [ORCHESTRATOR] Clock refresh: close at 4:00 PM EDT
2026-09-10 13:06:18 EDT [ORCHESTRATOR] Clock refresh: close at 4:00 PM EDT
2026-09-10 13:07:19 EDT [ORCHESTRATOR] Clock refresh: close at 4:00 PM EDT
2026-09-10 13:08:20 EDT [ORCHESTRATOR] Clock refresh: close at 4:00 PM EDT
2026-09-10 13:09:21 EDT [ORCHESTRATOR] Clock refresh: close at 4:00 PM EDT
2026-09-10 13:10:22 EDT [ORCHESTRATOR] Clock refresh: close at 4:00 PM EDT
2026-09-10 13:11:23 EDT [ORCHESTRATOR] Clock refresh: close at 4:00 PM EDT
2026-09-10 13:12:24 EDT [ORCHESTRATOR] Clock refresh: close at 4:00 PM EDT
2026-09-10 13:13:25 EDT [ORCHESTRATOR] Clock refresh: close at 4:00 PM EDT
2026-09-10 13:14:26 EDT [ORCHESTRATOR] Clock refresh: close at 4:00 PM EDT
2026-09-10 13:15:27 EDT [ORCHESTRATOR] Clock refresh: close at 4:00 PM EDT
2026-09-10 13:16:28 EDT [ORCHESTRATOR] Clock refresh: close at 4:00 PM EDT
2026-09-10 13:17:29 EDT [ORCHESTRATOR] Clock refresh: close at 4:00 PM EDT
2026-09-10 13:18:29 EDT [ORCHESTRATOR] Clock refresh: close at 4:00 PM EDT
2026-09-10 13:19:30 EDT [ORCHESTRATOR] Clock refresh: close at 4:00 PM EDT
2026-09-10 13:20:31 EDT [ORCHESTRATOR] Clock refresh: close at 4:00 PM EDT
2026-09-10 13:21:32 EDT [ORCHESTRATOR] Clock refresh: close at 4:00 PM EDT
2026-09-10 13:22:33 EDT [ORCHESTRATOR] Clock refresh: close at 4:00 PM EDT
2026-09-10 13:23:34 EDT [ORCHESTRATOR] Clock refresh: close at 4:00 PM EDT
2026-09-10 13:24:35 EDT [ORCHESTRATOR] Clock refresh: close at 4:00 PM EDT
2026-09-10 13:25:36 EDT [ORCHESTRATOR] Clock refresh: close at 4:00 PM EDT
2026-09-10 13:26:37 EDT [ORCHESTRATOR] Clock refresh: close at 4:00 PM EDT
2026-09-10 13:27:38 EDT [ORCHESTRATOR] Clock refresh: close at 4:00 PM EDT
2026-09-10 13:28:38 EDT [ORCHESTRATOR] Clock refresh: close at 4:00 PM EDT
2026-09-10 13:29:39 EDT [ORCHESTRATOR] Clock refresh: close at 4:00 PM EDT
2026-09-10 13:30:40 EDT [ORCHESTRATOR] Clock refresh: close at 4:00 PM EDT
2026-09-10 13:31:41 EDT [ORCHESTRATOR] Clock refresh: close at 4:00 PM EDT
2026-09-10 13:32:42 EDT [ORCHESTRATOR] Clock refresh: close at 4:00 PM EDT
2026-09-10 13:33:43 EDT [ORCHESTRATOR] Clock refresh: close at 4:00 PM EDT
2026-09-10 13:34:44 EDT [ORCHESTRATOR] Clock refresh: close at 4:00 PM EDT
2026-09-10 13:35:45 EDT [ORCHESTRATOR] Clock refresh: close at 4:00 PM EDT
2026-09-10 13:36:46 EDT [ORCHESTRATOR] Clock refresh: close at 4:00 PM EDT
2026-09-10 13:37:47 EDT [ORCHESTRATOR] Clock refresh: close at 4:00 PM EDT
2026-09-10 13:38:48 EDT [ORCHESTRATOR] Clock refresh: close at 4:00 PM EDT
2026-09-10 13:39:49 EDT [ORCHESTRATOR] Clock refresh: close at 4:00 PM EDT
2026-09-10 13:40:51 EDT [ORCHESTRATOR] Clock refresh: close at 4:00 PM EDT
2026-09-10 13:41:52 EDT [ORCHESTRATOR] Clock refresh: close at 4:00 PM EDT
2026-09-10 13:42:53 EDT [ORCHESTRATOR] Clock refresh: close at 4:00 PM EDT
2026-09-10 13:43:54 EDT [ORCHESTRATOR] Clock refresh: close at 4:00 PM EDT
2026-09-10 13:44:55 EDT [ORCHESTRATOR] Clock refresh: close at 4:00 PM EDT
2026-09-10 13:45:56 EDT [ORCHESTRATOR] Clock refresh: close at 4:00 PM EDT
2026-09-10 13:46:56 EDT [ORCHESTRATOR] Clock refresh: close at 4:00 PM EDT
2026-09-10 13:47:57 EDT [ORCHESTRATOR] Clock refresh: close at 4:00 PM EDT
2026-09-10 13:48:58 EDT [ORCHESTRATOR] Clock refresh: close at 4:00 PM EDT
2026-09-10 13:49:59 EDT [ORCHESTRATOR] Clock refresh: close at 4:00 PM EDT
2026-09-10 13:51:00 EDT [ORCHESTRATOR] Clock refresh: close at 4:00 PM EDT
2026-09-10 13:52:01 EDT [ORCHESTRATOR] Clock refresh: close at 4:00 PM EDT
2026-09-10 13:53:02 EDT [ORCHESTRATOR] Clock refresh: close at 4:00 PM EDT
2026-09-10 13:54:03 EDT [ORCHESTRATOR] Clock refresh: close at 4:00 PM EDT
2026-09-10 13:55:04 EDT [ORCHESTRATOR] Clock refresh: close at 4:00 PM EDT
2026-09-10 13:56:05 EDT [ORCHESTRATOR] Clock refresh: close at 4:00 PM EDT
2026-09-10 13:57:06 EDT [ORCHESTRATOR] Clock refresh: close at 4:00 PM EDT
2026-09-10 13:58:07 EDT [ORCHESTRATOR] Clock refresh: close at 4:00 PM EDT
2026-09-10 13:59:07 EDT [ORCHESTRATOR] Clock refresh: close at 4:00 PM EDT
2026-09-10 14:00:08 EDT [ORCHESTRATOR] Clock refresh: close at 4:00 PM EDT
2026-09-10 14:01:09 EDT [ORCHESTRATOR] Clock refresh: close at 4:00 PM EDT
2026-09-10 14:02:10 EDT [ORCHESTRATOR] Clock refresh: close at 4:00 PM EDT
2026-09-10 14:03:11 EDT [ORCHESTRATOR] Clock refresh: close at 4:00 PM EDT
2026-09-10 14:04:12 EDT [ORCHESTRATOR] Clock refresh: close at 4:00 PM EDT
2026-09-10 14:05:13 EDT [ORCHESTRATOR] Clock refresh: close at 4:00 PM EDT
2026-09-10 14:06:14 EDT [ORCHESTRATOR] Clock refresh: close at 4:00 PM EDT
2026-09-10 14:07:15 EDT [ORCHESTRATOR] Clock refresh: close at 4:00 PM EDT
2026-09-10 14:08:16 EDT [ORCHESTRATOR] Clock refresh: close at 4:00 PM EDT
2026-09-10 14:09:16 EDT [ORCHESTRATOR] Clock refresh: close at 4:00 PM EDT
2026-09-10 14:10:17 EDT [ORCHESTRATOR] Clock refresh: close at 4:00 PM EDT
2026-09-10 14:11:18 EDT [ORCHESTRATOR] Clock refresh: close at 4:00 PM EDT
2026-09-10 14:12:19 EDT [ORCHESTRATOR] Clock refresh: close at 4:00 PM EDT
2026-09-10 14:13:20 EDT [ORCHESTRATOR] Clock refresh: close at 4:00 PM EDT
2026-09-10 14:14:21 EDT [ORCHESTRATOR] Clock refresh: close at 4:00 PM EDT
2026-09-10 14:15:22 EDT [ORCHESTRATOR] Clock refresh: close at 4:00 PM EDT
2026-09-10 14:16:23 EDT [ORCHESTRATOR] Clock refresh: close at 4:00 PM EDT
2026-09-10 14:17:24 EDT [ORCHESTRATOR] Clock refresh: close at 4:00 PM EDT
2026-09-10 14:18:25 EDT [ORCHESTRATOR] Clock refresh: close at 4:00 PM EDT
2026-09-10 14:19:26 EDT [ORCHESTRATOR] Clock refresh: close at 4:00 PM EDT
2026-09-10 14:20:27 EDT [ORCHESTRATOR] Clock refresh: close at 4:00 PM EDT
2026-09-10 14:21:28 EDT [ORCHESTRATOR] Clock refresh: close at 4:00 PM EDT
2026-09-10 14:22:29 EDT [ORCHESTRATOR] Clock refresh: close at 4:00 PM EDT
2026-09-10 14:23:30 EDT [ORCHESTRATOR] Clock refresh: close at 4:00 PM EDT
2026-09-10 14:24:31 EDT [ORCHESTRATOR] Clock refresh: close at 4:00 PM EDT
2026-09-10 14:25:32 EDT [ORCHESTRATOR] Clock refresh: close at 4:00 PM EDT
2026-09-10 14:26:32 EDT [ORCHESTRATOR] Clock refresh: close at 4:00 PM EDT
2026-09-10 14:27:33 EDT [ORCHESTRATOR] Clock refresh: close at 4:00 PM EDT
2026-09-10 14:28:34 EDT [ORCHESTRATOR] Clock refresh: close at 4:00 PM EDT
2026-09-10 14:29:35 EDT [ORCHESTRATOR] Clock refresh: close at 4:00 PM EDT
2026-09-10 14:30:36 EDT [ORCHESTRATOR] Clock refresh: close at 4:00 PM EDT
2026-09-10 14:31:37 EDT [ORCHESTRATOR] Clock refresh: close at 4:00 PM EDT
2026-09-10 14:32:38 EDT [ORCHESTRATOR] Clock refresh: close at 4:00 PM EDT
2026-09-10 14:33:39 EDT [ORCHESTRATOR] Clock refresh: close at 4:00 PM EDT
2026-09-10 14:34:40 EDT [ORCHESTRATOR] Clock refresh: close at 4:00 PM EDT
2026-09-10 14:35:41 EDT [ORCHESTRATOR] Clock refresh: close at 4:00 PM EDT
2026-09-10 14:36:42 EDT [ORCHESTRATOR] Clock refresh: close at 4:00 PM EDT
2026-09-10 14:37:43 EDT [ORCHESTRATOR] Clock refresh: close at 4:00 PM EDT
2026-09-10 14:38:44 EDT [ORCHESTRATOR] Clock refresh: close at 4:00 PM EDT
2026-09-10 14:39:45 EDT [ORCHESTRATOR] Clock refresh: close at 4:00 PM EDT
2026-09-10 14:40:46 EDT [ORCHESTRATOR] Clock refresh: close at 4:00 PM EDT
2026-09-10 14:41:46 EDT [ORCHESTRATOR] Clock refresh: close at 4:00 PM EDT
2026-09-10 14:42:47 EDT [ORCHESTRATOR] Clock refresh: close at 4:00 PM EDT
2026-09-10 14:43:48 EDT [ORCHESTRATOR] Clock refresh: close at 4:00 PM EDT
2026-09-10 14:44:49 EDT [ORCHESTRATOR] Clock refresh: close at 4:00 PM EDT
2026-09-10 14:45:50 EDT [ORCHESTRATOR] Clock refresh: close at 4:00 PM EDT
2026-09-10 14:46:51 EDT [ORCHESTRATOR] Clock refresh: close at 4:00 PM EDT
2026-09-10 14:47:52 EDT [ORCHESTRATOR] Clock refresh: close at 4:00 PM EDT
2026-09-10 14:48:53 EDT [ORCHESTRATOR] Clock refresh: close at 4:00 PM EDT
2026-09-10 14:49:53 EDT [ORCHESTRATOR] Clock refresh: close at 4:00 PM EDT
2026-09-10 14:50:54 EDT [ORCHESTRATOR] Clock refresh: close at 4:00 PM EDT
2026-09-10 14:51:55 EDT [ORCHESTRATOR] Clock refresh: close at 4:00 PM EDT
2026-09-10 14:52:56 EDT [ORCHESTRATOR] Clock refresh: close at 4:00 PM EDT
2026-09-10 14:53:57 EDT [ORCHESTRATOR] Clock refresh: close at 4:00 PM EDT
2026-09-10 14:54:58 EDT [ORCHESTRATOR] Clock refresh: close at 4:00 PM EDT
2026-09-10 14:55:59 EDT [ORCHESTRATOR] Clock refresh: close at 4:00 PM EDT
2026-09-10 14:57:00 EDT [ORCHESTRATOR] Clock refresh: close at 4:00 PM EDT
2026-09-10 14:58:01 EDT [ORCHESTRATOR] Clock refresh: close at 4:00 PM EDT
2026-09-10 14:59:02 EDT [ORCHESTRATOR] Clock refresh: close at 4:00 PM EDT
2026-09-10 15:00:03 EDT [ORCHESTRATOR] Clock refresh: close at 4:00 PM EDT
2026-09-10 15:01:04 EDT [ORCHESTRATOR] Clock refresh: close at 4:00 PM EDT
2026-09-10 15:02:05 EDT [ORCHESTRATOR] Clock refresh: close at 4:00 PM EDT
2026-09-10 15:03:05 EDT [ORCHESTRATOR] Clock refresh: close at 4:00 PM EDT
2026-09-10 15:04:06 EDT [ORCHESTRATOR] Clock refresh: close at 4:00 PM EDT
2026-09-10 15:05:07 EDT [ORCHESTRATOR] Clock refresh: close at 4:00 PM EDT
2026-09-10 15:06:08 EDT [ORCHESTRATOR] Clock refresh: close at 4:00 PM EDT
2026-09-10 15:07:09 EDT [ORCHESTRATOR] Clock refresh: close at 4:00 PM EDT
2026-09-10 15:08:10 EDT [ORCHESTRATOR] Clock refresh: close at 4:00 PM EDT
2026-09-10 15:09:11 EDT [ORCHESTRATOR] Clock refresh: close at 4:00 PM EDT
2026-09-10 15:10:12 EDT [ORCHESTRATOR] Clock refresh: close at 4:00 PM EDT
2026-09-10 15:11:13 EDT [ORCHESTRATOR] Clock refresh: close at 4:00 PM EDT
2026-09-10 15:12:14 EDT [ORCHESTRATOR] Clock refresh: close at 4:00 PM EDT
2026-09-10 15:13:15 EDT [ORCHESTRATOR] Clock refresh: close at 4:00 PM EDT
2026-09-10 15:14:16 EDT [ORCHESTRATOR] Clock refresh: close at 4:00 PM EDT
2026-09-10 15:15:17 EDT [ORCHESTRATOR] Clock refresh: close at 4:00 PM EDT
2026-09-10 15:16:18 EDT [ORCHESTRATOR] Clock refresh: close at 4:00 PM EDT
2026-09-10 15:17:18 EDT [ORCHESTRATOR] Clock refresh: close at 4:00 PM EDT
2026-09-10 15:18:19 EDT [ORCHESTRATOR] Clock refresh: close at 4:00 PM EDT
2026-09-10 15:19:20 EDT [ORCHESTRATOR] Clock refresh: close at 4:00 PM EDT
2026-09-10 15:20:21 EDT [ORCHESTRATOR] Clock refresh: close at 4:00 PM EDT
2026-09-10 15:21:22 EDT [ORCHESTRATOR] Clock refresh: close at 4:00 PM EDT
2026-09-10 15:22:23 EDT [ORCHESTRATOR] Clock refresh: close at 4:00 PM EDT
2026-09-10 15:23:24 EDT [ORCHESTRATOR] Clock refresh: close at 4:00 PM EDT
2026-09-10 15:24:25 EDT [ORCHESTRATOR] Clock refresh: close at 4:00 PM EDT
2026-09-10 15:25:25 EDT [ORCHESTRATOR] Clock refresh: close at 4:00 PM EDT
2026-09-10 15:26:26 EDT [ORCHESTRATOR] Clock refresh: close at 4:00 PM EDT
2026-09-10 15:27:27 EDT [ORCHESTRATOR] Clock refresh: close at 4:00 PM EDT
2026-09-10 15:27:34 EDT [ORCHESTRATOR] Beginning graceful session shutdown
2026-09-10 15:27:34 EDT [ORCHESTRATOR] Sending SIGTERM to crawler (pid=845295)
2026-09-10 15:27:34 EDT [CRAWLER] 		
2026-09-10 15:27:34 EDT [CRAWLER] 		
2026-09-10 15:27:34 EDT [CRAWLER] 		
2026-09-10 15:27:34 EDT [CRAWLER] 		
2026-09-10 15:27:34 EDT [CRAWLER] 		
2026-09-10 15:27:34 EDT [CRAWLER] 		
2026-09-10 15:27:34 EDT [CRAWLER] 		
2026-09-10 15:27:34 EDT [CRAWLER] 		
2026-09-10 15:27:34 EDT [CRAWLER] 		
2026-09-10 15:27:34 EDT [CRAWLER] 		
2026-09-10 15:27:34 EDT [CRAWLER] 		
2026-09-10 15:27:34 EDT [CRAWLER] 		
2026-09-10 15:27:34 EDT [CRAWLER] 		
2026-09-10 15:27:34 EDT [CRAWLER] 		
2026-09-10 15:27:34 EDT [CRAWLER] 		
2026-09-10 15:27:34 EDT [CRAWLER] 		
2026-09-10 15:27:34 EDT [CRAWLER] 		
2026-09-10 15:27:34 EDT [CRAWLER] 		
2026-09-10 15:27:34 EDT [CRAWLER] 		
2026-09-10 15:27:34 EDT [CRAWLER] 		
2026-09-10 15:27:34 EDT [CRAWLER] 		
2026-09-10 15:27:34 EDT [CRAWLER] 		
2026-09-10 15:27:34 EDT [CRAWLER] 		
2026-09-10 15:27:34 EDT [CRAWLER] 		
2026-09-10 15:27:34 EDT [CRAWLER] 		
2026-09-10 15:27:34 EDT [CRAWLER] 		
2026-09-10 15:27:34 EDT [CRAWLER] 		
2026-09-10 15:27:34 EDT [CRAWLER] 		
2026-09-10 15:27:34 EDT [CRAWLER] 		
2026-09-10 15:27:34 EDT [CRAWLER] 		
2026-09-10 15:27:34 EDT [CRAWLER] 		
2026-09-10 15:27:34 EDT [CRAWLER] 		
2026-09-10 15:27:34 EDT [CRAWLER] 		
2026-09-10 15:27:34 EDT [CRAWLER] 		
2026-09-10 15:27:34 EDT [CRAWLER] 		
2026-09-10 15:27:34 EDT [CRAWLER] 		
2026-09-10 15:27:34 EDT [CRAWLER] 		
2026-09-10 15:27:34 EDT [CRAWLER] 		
2026-09-10 15:27:34 EDT [CRAWLER] 		
2026-09-10 15:27:34 EDT [CRAWLER] 		
2026-09-10 15:27:34 EDT [CRAWLER] 		
2026-09-10 15:27:34 EDT [CRAWLER] 		
2026-09-10 15:27:34 EDT [CRAWLER] 		
2026-09-10 15:27:34 EDT [CRAWLER] 		
2026-09-10 15:27:34 EDT [CRAWLER] 		
2026-09-10 15:27:34 EDT [CRAWLER] 		
2026-09-10 15:27:34 EDT [CRAWLER] 		
2026-09-10 15:27:34 EDT [CRAWLER] 		
2026-09-10 15:27:34 EDT [CRAWLER] 		
2026-09-10 15:27:34 EDT [CRAWLER] 		
2026-09-10 15:27:34 EDT [CRAWLER] 		
2026-09-10 15:27:34 EDT [CRAWLER] 		
2026-09-10 15:27:34 EDT [CRAWLER] 		
2026-09-10 15:27:34 EDT [CRAWLER] 		
2026-09-10 15:27:34 EDT [CRAWLER] 		
2026-09-10 15:27:34 EDT [CRAWLER] 		
2026-09-10 15:27:34 EDT [CRAWLER] 		
2026-09-10 15:27:34 EDT [CRAWLER] 		
2026-09-10 15:27:34 EDT [CRAWLER] 		
2026-09-10 15:27:34 EDT [CRAWLER] 		
2026-09-10 15:27:34 EDT [CRAWLER] 		
2026-09-10 15:27:34 EDT [CRAWLER] 		
2026-09-10 15:27:34 EDT [CRAWLER] 		
2026-09-10 15:27:34 EDT [CRAWLER] 		
2026-09-10 15:27:34 EDT [CRAWLER] 		
2026-09-10 15:27:34 EDT [CRAWLER] 		
2026-09-10 15:27:34 EDT [CRAWLER] 		
2026-09-10 15:27:34 EDT [CRAWLER] 		
2026-09-10 15:27:34 EDT [CRAWLER] 		
2026-09-10 15:27:34 EDT [CRAWLER] 		
2026-09-10 15:27:34 EDT [CRAWLER] 		
2026-09-10 15:27:34 EDT [CRAWLER] 		
2026-09-10 15:27:34 EDT [CRAWLER] 		
2026-09-10 15:27:34 EDT [CRAWLER] 		
2026-09-10 15:27:34 EDT [CRAWLER] 		
2026-09-10 15:27:34 EDT [CRAWLER] 		
2026-09-10 15:27:34 EDT [CRAWLER] 		
2026-09-10 15:27:34 EDT [CRAWLER] 		
2026-09-10 15:27:34 EDT [CRAWLER] 		
2026-09-10 15:27:34 EDT [CRAWLER] 		
2026-09-10 15:27:34 EDT [CRAWLER] 		
2026-09-10 15:27:34 EDT [CRAWLER] 		
2026-09-10 15:27:34 EDT [CRAWLER] 		
2026-09-10 15:27:34 EDT [CRAWLER] 		
2026-09-10 15:27:34 EDT [CRAWLER] 		
2026-09-10 15:27:34 EDT [CRAWLER] 		
2026-09-10 15:27:34 EDT [CRAWLER] 		
2026-09-10 15:27:34 EDT [CRAWLER] 		
2026-09-10 15:27:34 EDT [CRAWLER] 		
2026-09-10 15:27:34 EDT [CRAWLER] 		
2026-09-10 15:27:34 EDT [CRAWLER] 		
2026-09-10 15:27:34 EDT [CRAWLER] 		
2026-09-10 15:27:34 EDT [CRAWLER] 		
2026-09-10 15:27:34 EDT [CRAWLER] 		
2026-09-10 15:27:34 EDT [CRAWLER] 		
2026-09-10 15:27:34 EDT [CRAWLER] 		
2026-09-10 15:27:34 EDT [CRAWLER] 		
2026-09-10 15:27:34 EDT [CRAWLER] 		
2026-09-10 15:27:34 EDT [CRAWLER] 		
2026-09-10 15:27:34 EDT [CRAWLER] 		
2026-09-10 15:27:34 EDT [CRAWLER] 		
2026-09-10 15:27:34 EDT [CRAWLER] 		
2026-09-10 15:27:34 EDT [CRAWLER] 		
2026-09-10 15:27:34 EDT [CRAWLER] 		
2026-09-10 15:27:34 EDT [CRAWLER] 		
2026-09-10 15:27:34 EDT [CRAWLER] 		
2026-09-10 15:27:34 EDT [CRAWLER] 		
2026-09-10 15:27:34 EDT [CRAWLER] 		
2026-09-10 15:27:34 EDT [CRAWLER] 		
2026-09-10 15:27:34 EDT [CRAWLER] 		
2026-09-10 15:27:34 EDT [CRAWLER] 		
2026-09-10 15:27:34 EDT [CRAWLER] 		
2026-09-10 15:27:34 EDT [CRAWLER] 		
2026-09-10 15:27:34 EDT [CRAWLER] 		
2026-09-10 15:27:34 EDT [CRAWLER] 		
2026-09-10 15:27:34 EDT [CRAWLER] 		
2026-09-10 15:27:34 EDT [CRAWLER] 		
2026-09-10 15:27:34 EDT [CRAWLER] 		
2026-09-10 15:27:34 EDT [CRAWLER] 		
2026-09-10 15:27:34 EDT [CRAWLER] 		
2026-09-10 15:27:34 EDT [CRAWLER] 		
2026-09-10 15:27:34 EDT [CRAWLER] 		
2026-09-10 15:27:34 EDT [CRAWLER] 		
2026-09-10 15:27:34 EDT [CRAWLER] 		
2026-09-10 15:27:34 EDT [CRAWLER] 		
2026-09-10 15:27:34 EDT [CRAWLER] 		
2026-09-10 15:27:34 EDT [CRAWLER] 		
2026-09-10 15:27:34 EDT [CRAWLER] 		
2026-09-10 15:27:34 EDT [CRAWLER] 		
2026-09-10 15:27:34 EDT [CRAWLER] 		
2026-09-10 15:27:34 EDT [CRAWLER] 		
2026-09-10 15:27:34 EDT [CRAWLER] 		
2026-09-10 15:27:34 EDT [CRAWLER] 		
2026-09-10 15:27:34 EDT [CRAWLER] 		
2026-09-10 15:27:34 EDT [CRAWLER] 		
2026-09-10 15:27:34 EDT [CRAWLER] 		
2026-09-10 15:27:34 EDT [CRAWLER] 		
2026-09-10 15:27:34 EDT [CRAWLER] 		
2026-09-10 15:27:34 EDT [CRAWLER] 		
2026-09-10 15:27:34 EDT [CRAWLER] 		
2026-09-10 15:27:34 EDT [CRAWLER] 		
2026-09-10 15:27:34 EDT [CRAWLER] 		
2026-09-10 15:27:34 EDT [CRAWLER] 		
2026-09-10 15:27:34 EDT [CRAWLER] 		
2026-09-10 15:27:34 EDT [CRAWLER] 		
2026-09-10 15:27:34 EDT [CRAWLER] 		
2026-09-10 15:27:34 EDT [CRAWLER] 		
2026-09-10 15:27:34 EDT [CRAWLER] 		
2026-09-10 15:27:34 EDT [CRAWLER] 		
2026-09-10 15:27:34 EDT [CRAWLER] 		
2026-09-10 15:27:34 EDT [CRAWLER] 		
2026-09-10 15:27:34 EDT [CRAWLER] 		
2026-09-10 15:27:34 EDT [CRAWLER] 		
2026-09-10 15:27:34 EDT [CRAWLER] 		
2026-09-10 15:27:34 EDT [CRAWLER] 		
2026-09-10 15:27:34 EDT [CRAWLER] 		
2026-09-10 15:27:34 EDT [CRAWLER] 		
2026-09-10 15:27:34 EDT [CRAWLER] 		
2026-09-10 15:27:34 EDT [CRAWLER] 		
2026-09-10 15:27:34 EDT [CRAWLER] 		
2026-09-10 15:27:34 EDT [CRAWLER] 		
2026-09-10 15:27:34 EDT [CRAWLER] 		
2026-09-10 15:27:34 EDT [CRAWLER] 		
2026-09-10 15:27:34 EDT [CRAWLER] 		
2026-09-10 15:27:34 EDT [CRAWLER] 		
2026-09-10 15:27:34 EDT [CRAWLER] 		
2026-09-10 15:27:34 EDT [CRAWLER] 		
2026-09-10 15:27:34 EDT [CRAWLER] 		
2026-09-10 15:27:34 EDT [CRAWLER] 		
2026-09-10 15:27:34 EDT [CRAWLER] 		
2026-09-10 15:27:34 EDT [CRAWLER] 		
2026-09-10 15:27:34 EDT [CRAWLER] 		
2026-09-10 15:27:34 EDT [CRAWLER] 		
2026-09-10 15:27:34 EDT [CRAWLER] 		
2026-09-10 15:27:34 EDT [CRAWLER] 		
2026-09-10 15:27:34 EDT [CRAWLER] 		
2026-09-10 15:27:34 EDT [CRAWLER] 		
2026-09-10 15:27:34 EDT [CRAWLER] 		
2026-09-10 15:27:34 EDT [CRAWLER] 		
2026-09-10 15:27:34 EDT [CRAWLER] 		
2026-09-10 15:27:34 EDT [CRAWLER] 		
2026-09-10 15:27:34 EDT [CRAWLER] 		
2026-09-10 15:27:34 EDT [CRAWLER] 		
2026-09-10 15:27:34 EDT [CRAWLER] 		
2026-09-10 15:27:34 EDT [CRAWLER] 		
2026-09-10 15:27:34 EDT [CRAWLER] 		
2026-09-10 15:27:34 EDT [CRAWLER] 		
2026-09-10 15:27:34 EDT [CRAWLER] 		
2026-09-10 15:27:34 EDT [CRAWLER] 		
2026-09-10 15:27:34 EDT [CRAWLER] 		
2026-09-10 15:27:34 EDT [CRAWLER] 		
2026-09-10 15:27:34 EDT [CRAWLER] 		
2026-09-10 15:27:34 EDT [CRAWLER] 		
2026-09-10 15:27:34 EDT [CRAWLER] 		
2026-09-10 15:27:34 EDT [CRAWLER] 		
2026-09-10 15:27:34 EDT [CRAWLER] 		
2026-09-10 15:27:34 EDT [CRAWLER] 		
2026-09-10 15:27:34 EDT [CRAWLER] 		
2026-09-10 15:27:34 EDT [CRAWLER] 		
2026-09-10 15:27:34 EDT [CRAWLER] 		
2026-09-10 15:27:34 EDT [CRAWLER] 		
2026-09-10 15:27:34 EDT [CRAWLER] 		
2026-09-10 15:27:34 EDT [CRAWLER] 		Designer Brands Raises Full Year Guidance After Second Quarter Report  
2026-09-10 15:27:34 EDT [CRAWLER]     
2026-09-10 15:27:34 EDT [CRAWLER]     
2026-09-10 15:27:34 EDT [CRAWLER]         
2026-09-10 15:27:34 EDT [CRAWLER]                Oops, something went wrong                    Skip to navigation   Skip to main content   Skip to right column                                   Designer Brands Raises Full Year Guidance After Second 
2026-09-10 15:27:34 EDT [CRAWLER] [TICKER MATCH] META,NKE
2026-09-10 15:27:34 EDT [CRAWLER] [DISPATCH] Sent META,NKE -> AI Server
2026-09-10 15:27:34 EDT [CRAWLER] Extracting
2026-09-10 15:27:34 EDT [CRAWLER] [STATE] Saved 75 URLs to history.txt (save #1)
2026-09-10 15:27:34 EDT [CRAWLER] [CRAWLER DONE] Processed: https://finance.yahoo.com/markets/stocks/articles/designer-brands-raises-full-guidance-125803025.html | Extracted Links: 0 | Dispatched to AI: YES
2026-09-10 15:27:34 EDT [CRAWLER] [CRAWLER MILESTONE] Queue fully drained. All 8 workers idle. Visited URLs saved to history.txt (75 URLs).
2026-09-10 15:27:34 EDT [CRAWLER] [SYSTEM] Interrupt received. Shutting down...
2026-09-10 15:27:34 EDT [CRAWLER] [SYSTEM] Shutdown requested. Draining 0 queued URL(s)...
2026-09-10 15:27:34 EDT [CRAWLER] [STATE] Saved 75 URLs to history.txt (save #2)
2026-09-10 15:27:34 EDT [CRAWLER] [SYSTEM] Crawler stopped. 75 URLs persisted to history.txt
2026-09-10 15:27:34 EDT [CRAWLER] [SYSTEM] Exited cleanly.
2026-09-10 15:27:34 EDT [ORCHESTRATOR] crawler exited with code 0
2026-09-10 15:27:34 EDT [ORCHESTRATOR] Sending SIGTERM to AI server (pid=849549)
2026-09-10 15:27:34 EDT [ORCHESTRATOR] AI server exited with code -15
2026-09-10 15:27:35 EDT [ORCHESTRATOR] ================= SESSION SUMMARY =================
2026-09-10 15:27:35 EDT [ORCHESTRATOR] Articles scraped : 75
2026-09-10 15:27:35 EDT [ORCHESTRATOR] AI batches       : 75
2026-09-10 15:27:35 EDT [ORCHESTRATOR] Signals generated: 35
2026-09-10 15:27:35 EDT [ORCHESTRATOR] Trades placed    : 0
2026-09-10 15:27:35 EDT [ORCHESTRATOR] Trading mode     : ALPACA PAPER
2026-09-10 15:27:35 EDT [ORCHESTRATOR] Final equity     : $100,000.00
2026-09-10 15:27:35 EDT [ORCHESTRATOR] history.txt      : 8,113 bytes
2026-09-10 15:27:35 EDT [ORCHESTRATOR] =====================================================
2026-09-10 15:27:35 EDT [ORCHESTRATOR] Session complete (exit=0)
